carID,price
89856,13422.527625121033
106581,15631.828502846438
80886,11412.959582330828
100174,12545.686498076895
81376,14846.502614735913
85391,8970.387163800977
82175,11683.6651242327
95250,10826.643096866595
85071,5964.611730659933
96210,13226.70234525827
80317,16308.747690161135
92731,14823.059301229869
107704,7959.710524183392
98302,6930.879331877022
107055,13760.585806848609
94621,20921.09765990088
91709,12551.519144364109
98193,24839.570629552094
76189,13283.309265871965
86871,9357.18674175974
102917,6546.13320445623
90923,16291.993220053577
101603,11627.518737551734
94196,15822.125579784095
85174,11007.39005108892
103370,10069.814951061588
107877,10926.950731899758
79567,11945.787637941818
90091,8289.077969514763
76169,10402.63539312699
98708,7919.506795322473
107347,14778.36121609406
89583,8116.9747939018425
101591,9597.896939824725
92160,10678.455462349688
99676,10150.76817440744
85354,10564.90047345869
81900,9385.25059021787
80345,14666.129226883982
78509,18457.918955009634
100872,6788.693229622012
95087,15519.21030905713
86027,10864.028483954668
89135,10618.122342398854
80557,16267.384672198263
108092,13326.919128886471
102672,12541.766494819525
83022,8067.377380750367
78398,13522.88193576644
95889,17325.159403697675
81117,24091.426034729917
93730,14417.051973190777
101380,8995.028091705724
81772,16863.67362576655
85304,10025.306415598076
86107,7440.619538840513
88696,11760.626920984389
104350,14638.920632528107
87331,10852.150833890068
85206,11007.39005108892
107445,16192.357340581404
106539,17276.819491683353
98712,15817.041111060567
96875,9035.774707157856
108464,14164.324349343355
99890,7009.14075056934
87771,12479.183573235485
79442,13797.675185478063
84170,8970.387163800977
103045,10544.405453338217
101544,3565.3677795053654
77350,8477.067788227669
89225,9788.538433558328
79565,25274.36973513798
82849,9021.847100723777
94360,15739.405289539125
103040,6890.983241160934
105101,25027.87043060451
97077,9671.012569674933
98674,10269.807378840595
93447,18122.14639222132
84951,12150.917771113685
91953,8668.183514834478
102101,7777.453781035342
92604,16725.87372033563
89010,9386.573778424989
102729,8402.742987660544
88024,10025.306415598076
104367,9782.14946260263
101230,8552.39864547923
82524,12655.421666071235
95279,20186.93116897622
106098,9845.487458251147
89749,7695.830223264315
101277,6671.214748691858
108016,16210.751223750334
81259,17057.73528391285
97434,14184.264516495365
105289,17553.777707596273
103379,8201.390923273797
78317,19384.958375837497
104166,13806.366396082754
106660,16032.582192288983
107490,9262.672438743508
90684,10603.362763445237
90032,6594.57125484687
79481,13954.734129046363
102524,8116.049301250674
100778,12545.686498076895
77810,10840.903104473862
98979,11090.281488370503
76558,14063.816415667548
94550,18503.16597212003
107246,6063.188983936962
77429,14412.594325231641
106105,10443.901722202725
105213,8460.819476424598
102747,9431.425258242693
104958,12714.445961897341
96036,13018.064721020517
92310,15952.480790914691
100837,6890.983241160934
82858,8967.584203281447
90119,9838.559599077726
77304,15739.80746542852
89011,9280.366528209735
84623,11701.839457623819
99665,15572.159724826393
100592,8455.083980491494
82623,8967.584203281447
92035,14596.969653317781
84305,8286.904411717407
92903,8687.047380333912
93398,14219.8106343983
108067,12979.112478618337
85062,7229.884761354592
81727,21281.689992349722
95637,8438.426272688197
89690,7961.831471107376
83240,13759.28879427359
89711,7689.571486360574
96945,8306.404786981124
104924,14647.922280867368
79633,14084.707396272042
89582,4938.274673226529
98080,7009.14075056934
85992,6544.912414423834
86712,10265.670713327798
105767,9348.592818652864
100590,8341.868424260058
104574,11987.65006127582
97246,7919.242254042388
78141,12033.330198333491
91590,17447.990837423866
80767,12989.235930838402
100344,11250.891108533991
88987,15191.71000937886
96479,14104.48729155756
90598,7921.358414544485
83880,8153.014621535623
86802,10025.306415598076
103078,10950.185500755104
84736,7707.28444656348
84196,4321.631731271556
102062,7601.845233336537
90110,6586.397364385433
102907,10185.121501980664
81776,15411.221648982002
102431,6353.77323635742
80442,10689.721983166632
78656,17702.596316455292
78537,20010.79219802787
102511,6820.463891377347
93612,14957.44256569878
99284,6932.263837229764
96315,11168.397734006727
94305,19102.37319332192
100636,8511.493886729475
81816,13004.161909618493
100352,10517.577706755146
101476,9597.896939824725
93392,18886.7630921267
93995,14612.615577673641
94261,16371.967373249523
89117,11528.384097145416
86506,4536.628863811518
88456,7814.040009885382
84134,8885.405806762257
81088,10608.153497393505
103960,9230.536547013238
84925,11543.22110797527
97306,8309.001108441666
83752,8442.352788642742
100696,5246.37589355061
76472,11314.965670892087
101128,9966.708787482858
105932,10443.901722202725
86416,9145.306900986301
79616,17362.99747285058
83395,11543.22110797527
88734,9430.342897106566
106676,12704.1886735994
102442,8995.028091705724
88761,12859.630455455312
79708,16621.513464490108
96808,12841.270039064893
103755,9253.070952392256
86273,10842.279719297314
97635,18397.00934284383
80797,15949.41345346101
108000,12024.609307596524
95126,21887.09208263856
105187,16032.582192288983
81613,13670.675476845305
103906,6333.728722317475
105729,7385.464960187555
100637,13448.108833657046
82861,7248.772896501201
107823,12557.929396894884
85274,11891.777432347599
88926,10513.766540858234
87871,8970.387163800977
97970,6446.0938593137325
98044,7632.0462142092365
90277,8925.132481312201
85647,9783.673920351686
107447,13264.897650071403
79418,7829.820229246451
80383,17102.453175181596
79894,12732.69817880978
105875,6623.037043045729
86032,8970.387163800977
104423,11802.16886602611
78437,10790.219549879805
79480,12847.700220326024
89973,6908.03724574967
94007,15509.233699968916
93952,12326.199936047624
84548,4151.432657995129
97885,8463.614809897901
86571,8286.904411717407
77839,21829.524203167526
102201,6019.449722180588
98731,7009.14075056934
82395,12960.412836026857
76816,19435.439240116702
97956,7240.281932736443
86012,9836.234188788905
106393,14524.065691897522
81832,25979.14016489725
82787,12550.348844652075
103974,7734.199626476534
100725,7679.813114445019
86552,6424.871765531134
80174,13181.532906500497
99189,11257.421123797229
102543,9942.113655812269
98518,12136.649610915829
100334,7706.2692056807455
92673,13913.644989222254
88008,9101.794968636646
105207,15168.560763388125
106462,17667.686086941336
106106,11075.210600336179
79705,12974.013160298842
108193,12502.5341078321
89668,7132.685990696993
86435,9430.342897106566
101281,9271.188726390048
104753,17411.188699470877
79004,13124.923808469794
89732,3524.4010394868324
89201,9867.521693590565
87282,9101.794968636646
101589,8093.960377342363
87352,9719.374588822875
103388,8448.510033869856
93619,13706.962280201515
101941,6308.4889984657
106533,10352.462556786288
90018,14700.732444701287
101265,9448.832233155239
104255,14357.192583884456
80093,16863.67362576655
82433,6424.871765531134
77254,8435.585934775138
106400,15960.746483468614
79847,9073.70483843902
95735,16013.157523956528
106733,13176.261192930937
76318,14406.88761574472
95966,12082.116881166472
101690,8845.298426133138
82845,11007.39005108892
96266,14749.625959638875
104175,17548.293009639856
97347,10340.060960216977
92730,21937.636476115298
84738,8940.430175947058
102596,7010.480376729229
78356,17184.300615489417
94062,16371.967373249523
101662,6353.77323635742
81715,17368.424260209034
103046,9135.741180938034
108133,7874.626486733115
96302,9035.774707157856
83859,14233.33635155863
104815,13015.306518179766
95903,16994.526802315733
79683,10002.862224217923
88888,13727.328849257103
80529,16332.00588661285
81898,26803.613095973462
83435,9390.185586696132
80448,12876.487819725255
79241,19393.87779143115
76056,12972.771834348816
76342,12111.697454886873
98238,8308.344647199772
85878,7457.33198421838
102846,9953.156815528644
90215,6365.668047387215
79635,30344.697779212882
77561,13342.189045138886
101151,10950.185500755104
93594,16556.962617915466
78703,20506.972340114957
87596,7597.319667437456
92572,13234.31158741505
90757,7327.011054449591
95881,14253.731061931452
98008,10352.875569352487
84805,8029.2241134962105
100888,8826.230386375972
82504,10517.052731277823
82177,11914.815987699536
89472,17300.86428317782
82301,11669.587719885967
106483,8088.461813964372
79808,10377.499934354115
83412,11829.040929527338
89386,11995.04139390761
89889,15570.254329129568
108249,10519.44442914168
98252,7705.041863890281
83525,8488.910397073834
102595,9991.607893102704
94255,9779.855551997529
91259,18122.14639222132
99539,6584.79278805103
97379,16585.4783100615
104452,15591.843051058926
88479,8970.387163800977
95424,18580.374592489494
94732,18287.107353485728
89025,8414.651964312807
89497,19729.39157423738
92405,14211.553728466297
95346,13374.962202080864
91337,12859.213342980724
97739,9615.084969408073
81087,11596.915091118475
80661,9292.607627011115
105537,10634.421354712576
81073,15860.640498180022
102770,8779.423067605447
99299,8424.766007031974
77528,13034.491909460752
95278,21349.773638895935
106536,12246.226636910986
79421,11889.626457264236
105026,16203.703767640965
97887,8405.229977809557
106163,10486.012954398078
103242,8776.121112776242
103098,7783.760545179855
76195,11389.975232989545
103418,10047.155307671777
102091,10231.25791761801
102341,7080.34004433565
100315,13630.01422327918
100377,7430.015351339988
78857,14716.935573157736
93748,16734.28106034369
107891,8841.740013791514
77063,16401.864239123657
86916,8378.801752448186
108347,9160.77726225679
94475,14800.687824118677
100383,11766.207297107963
80618,16983.003654436743
98926,9354.7857276868
77228,11131.280966179267
106915,10352.462556786288
92594,10484.707884287141
80745,18554.676647981083
78361,10577.46392086536
95725,17768.36724500285
105171,7217.495086599047
87007,9189.052077633167
104121,11123.945344058793
92877,12330.567787883194
108335,21148.458134108863
101357,10950.185500755104
89325,7740.261793604098
103144,6909.121130716592
101413,6890.983241160934
85182,9329.240517282566
84097,11623.759138133799
101970,5586.47392900969
98315,5901.200622670653
89048,8337.39820506089
106141,7600.701488362393
87105,11939.720901182718
88472,11173.559099153752
93361,13481.837719168952
87040,7441.400325156597
99831,10150.76817440744
95677,10708.49848307579
89770,6849.296153650295
77371,16324.42854705469
107143,13264.897650071403
100271,9526.237903963669
83905,9144.970411213779
101531,10950.185500755104
90617,7346.152897767581
83895,12837.68323958082
89453,12170.141960453935
106012,14054.173361643174
76381,14536.054942544148
106986,11418.261136283281
84143,10208.122161795556
91665,21937.636476115298
81350,10229.779494070382
80422,12895.545561856206
84794,6844.712669471286
81156,16642.36198169554
77082,20321.990061391345
97356,7509.347898043512
82730,12479.183573235485
99244,8308.344647199772
85538,11543.22110797527
101585,9301.019737125922
90288,8635.690980777767
98799,3421.1766992379085
93547,14102.969456371378
85142,7707.28444656348
82012,20192.147335664555
89654,10666.830303549914
102304,10950.185500755104
79288,23718.467415045667
77400,9105.763170262095
98597,6499.710226183909
103156,8392.7854917916
95446,17213.457843554694
97036,9086.831723982401
101401,8096.927126950489
80817,9706.464641752451
84078,7463.8564495408245
95390,16545.36106575684
79883,14053.852056346588
104059,10443.901722202725
103041,9510.8206269108
81651,9559.306181692145
100432,8768.138180480844
84933,10655.236355368663
81600,15630.84950944508
78379,7733.691563817493
90816,7346.152897767581
107414,8092.458069015867
105633,13389.94933859981
99508,7504.032768552335
100874,8054.1962774467465
104208,12550.721726110316
84774,9141.568488080606
96518,9099.050043927333
91543,16068.534408162861
107146,13528.402649308442
94426,12942.644833361303
99059,7733.728761364757
96640,8142.068974379094
81277,10982.244538468454
102409,10592.573698955523
104800,9899.55351515842
107498,14175.530634530613
90942,19138.131263598374
80202,14617.939743009309
76794,12603.786835453826
88973,11072.760814645324
91958,19604.656575075653
80562,15312.44229309626
103486,7739.919483965231
95237,12196.660313405711
105569,11310.750046673667
106560,16581.94998838074
107977,10791.867540034316
90076,11119.66826298225
93050,11731.823105802368
80609,16952.521841237918
88557,10864.028483954668
90894,13582.96810262826
83669,8464.990876271913
78849,14132.769667535938
101275,6958.18720195653
91858,10091.475411689571
96243,12053.352697965393
106227,16921.028777993175
105300,11980.22052877088
93065,19909.538735335285
78002,10714.865190552819
82500,9814.448966301481
78204,8310.939195487292
107851,9782.14946260263
86217,6425.771210957965
82662,7246.50782568957
93324,17742.81235856315
79680,10496.911020414327
104920,14308.478194433446
96735,9221.172296459745
89992,7107.851012303379
106961,17245.594088052603
80078,12802.209454493728
101429,8765.398409288116
95551,14414.918128385174
79937,23388.027650712746
80680,13961.637090515846
99448,8948.52565936289
93909,18046.162318291943
96888,8309.001108441666
104584,10177.927898909276
107289,14652.500523082219
84126,11438.014517047834
101282,10297.419090097
92474,15073.872637455574
88871,9892.426226071593
107177,12839.541719749997
106026,11877.497989871568
96937,9713.036367689412
83543,7670.501212723698
81094,14080.306551564248
77503,14716.935573157736
85351,5815.080373728075
96000,14273.611328397563
87374,10904.17230107257
86394,12841.695725992011
108364,11695.490828148351
91441,18882.521619084127
97039,13283.708313660949
106685,8598.012313725376
95631,12384.294764181659
101883,7777.453781035342
78238,9259.765987245595
97508,8309.001108441666
98441,10192.236075267645
80066,15401.955323060209
79095,16987.435178990196
80007,10983.616587347731
100219,7673.343099826412
82511,8252.035000778844
89270,9892.426226071593
88713,8286.904411717407
100353,10297.419090097
102841,4544.938807791816
90117,10858.942605457318
81549,24882.40828451626
82350,18221.334311648494
76546,20010.79219802787
81013,14390.663302659943
91240,13382.865030726965
91542,14446.644637518779
104518,10969.109271262998
93537,19537.722810394913
94372,15306.128960472726
104419,12463.958881306353
97636,9953.554155983924
96288,16759.267502804585
78717,8524.359738951442
105610,13580.756475811224
97754,11612.984367979381
81458,9476.224127581301
86931,11409.19869142934
90713,15112.773885012288
90909,18824.081045251965
77251,20479.106353415973
95081,8956.908915834627
95560,11244.267647731185
93288,13684.015484284091
105036,11090.697220791697
108490,8841.740013791514
96935,13276.790011561721
89373,10208.122161795556
98010,7471.555012422505
104699,16168.294386349267
86692,7846.643538478685
85024,7055.79834248176
79086,19953.87915653881
89939,10073.407595843042
79098,13130.70094565292
86141,11556.399664498742
105462,16445.26093483016
92870,18260.93949436923
92163,14894.815509874124
87481,11528.384097145416
83276,9393.7608702345
79356,17175.487874620016
103602,9068.409632447507
88460,8970.387163800977
100934,7488.306663140136
96659,6319.899525661224
83204,9221.846086693522
104621,13264.897650071403
84110,9580.030891531387
99265,10352.875569352487
79574,11298.6511640436
78186,9245.824751044727
87005,10208.122161795556
104043,10629.90843951571
81574,17058.105789146328
104091,9160.77726225679
77759,16215.091253543647
78181,11413.118648812031
96169,8630.434297693617
98267,12916.99646169972
97837,10734.84951254712
80133,14651.150015263825
98571,8639.31730600617
88628,14172.44116641745
78622,11264.588109996765
88678,10025.306415598076
87278,11073.755629048499
86963,8286.904411717407
100350,6962.431955238845
78771,11574.469389717462
95935,14892.98098934255
107590,10493.491437944118
84458,10744.411107776727
85656,8378.801752448186
81611,5890.785622699294
92638,13858.231819446228
87478,8184.721489970442
98407,3632.645081628629
95581,10078.057128183962
100645,9942.113655812269
97184,6600.1907959354985
84473,9814.448966301481
88951,7584.976292695115
100836,8995.028091705724
91338,21841.23234090331
94112,8952.058644286779
89882,12451.998616870149
97097,7344.909203763864
99151,9453.210181431059
99607,7749.56534522586
78931,12853.796423917986
97805,6787.3839765561115
97477,9221.172296459745
87819,12689.019114916542
76361,15492.931646911917
99201,18584.084562009943
103410,8823.176693382542
108436,11053.461461957417
105558,12462.385457593708
88025,6424.871765531134
101944,7488.306663140136
80786,13140.341484289887
84001,11543.22110797527
78304,13801.78796121273
100501,10055.273663020296
99693,6932.263837229764
94557,13459.256053715215
82152,16062.242403551165
92039,18523.071652232564
83177,11007.39005108892
90726,8019.663519008791
82879,11235.346775552263
87378,12333.570162649856
91699,12304.117495483724
85500,12692.98513918135
97050,8966.400470302126
88754,3538.8094464372434
79069,20010.79219802787
89329,11939.720901182718
102605,9184.60017861272
93090,13595.241745300063
108403,11976.812795177968
91391,14532.921578443278
80964,15680.199649843302
89444,17287.518873069097
84092,9025.045054016613
100617,9184.60017861272
107962,14378.934679382559
106640,7091.639191751503
95123,9645.410417761075
99114,5901.200622670653
94461,14766.353293812717
88654,11007.39005108892
80421,14011.61121686223
78113,14108.426071883003
100558,7771.433865352952
78873,18076.35295730574
85480,8378.801752448186
103902,9470.800648463044
104816,14054.173361643174
89039,10744.411107776727
95169,12152.085192020557
93971,13833.237106215161
84450,13722.04641302632
80824,18506.08047364402
92545,10970.566027586723
89226,6544.912414423834
93873,14633.246129183011
85871,10805.106272998062
86343,9868.633245967041
93634,21094.184205837682
106942,9292.57262318376
82535,10025.306415598076
92259,13374.962202080864
88794,10099.847246069301
77385,20351.479146495054
76996,7121.211834516995
102708,7964.197452731371
81359,12100.122921834602
90486,3824.9758814540155
100200,7499.106573386641
87970,11340.533221181744
107512,10634.421354712576
79078,15859.84971348194
108477,12052.473418561949
80312,17037.07052621767
82208,7829.820229246451
100695,10044.117733192548
99506,8376.768816268637
85773,10078.354114635596
101887,9718.153939174894
90129,9220.661312604043
84730,8031.733807405854
107601,16170.232241010066
89592,6786.412002534898
84844,10128.933001251711
96938,11861.84697269738
84981,10864.028483954668
100698,10079.37300007049
103306,10520.865088282193
107175,16495.797025598167
95411,18074.95746406148
101169,10950.185500755104
99407,15896.486416701213
78248,11765.128590831155
79031,11714.983125726634
91040,13457.382184433338
76464,10694.759277453866
102813,7080.34004433565
86811,12333.69762224208
81191,16366.49843601156
78202,19167.623436847625
82471,11481.30191988416
103920,9395.86024300686
79904,15631.662105703903
95670,15888.940409983237
89931,9471.211951234438
92605,18804.351324509647
85695,15083.428119369044
98750,8285.821812868375
101284,8860.173191252281
91932,13653.506842757875
98623,9034.831639921911
82499,8971.00896541581
93193,16268.875802088163
106110,11479.708815239179
78500,15946.631290562995
89447,11180.338438963114
103373,8928.619716960924
87872,7622.7513199858095
99425,10606.226810191982
96552,6850.277132835952
105787,9345.671694074705
82567,10025.306415598076
102894,6940.4481358163275
77641,9466.430483607808
100827,9526.237903963669
97712,10132.160302794427
95197,17591.990378669736
102993,10245.84687945897
94855,17594.593731886285
81534,12745.976196085227
95133,11754.052287781196
107468,6603.202098416422
86402,9730.504313761581
102666,9942.113655812269
92984,15854.351192960568
93891,10654.941909198711
94312,12474.805958056686
91959,20389.489031417725
91802,18054.447888621442
108175,11384.95159709368
78293,17712.143599242987
104991,11489.588506165173
104302,8426.596172296171
79807,12194.930743487808
87167,9467.571342058609
78620,14940.887528198045
81174,16018.273368444734
83125,8249.473950918511
103123,8799.163463907213
94065,13636.901186445413
78480,12748.986732628426
98280,7702.634239438014
83415,8442.352788642742
92297,41911.0391624861
100221,11515.867537198314
78829,13225.601873885525
93418,15279.032904960173
83424,9304.61082349528
101749,6181.521079442658
103456,8341.868424260058
88503,9197.55791665743
84931,11443.06345218358
107552,12678.083272329392
108037,10117.89793530825
94539,15854.351192960568
83697,7552.163262869377
87455,11701.839457623819
103044,7545.161491092144
104852,17936.840821959166
93437,22135.201364354692
92885,10035.33728459675
80922,12847.700220326024
102886,8075.801882156311
104586,13327.557612475835
81164,12761.939876656266
106074,13327.557612475835
87617,11701.839457623819
84513,11543.22110797527
96743,10977.280727717527
81209,13954.162171649194
95463,9934.299358843771
95457,14417.051973190777
101606,10155.070967219604
97485,17651.55047833154
91916,16994.526802315733
91629,21322.300976565017
84215,9672.753299576909
108190,7619.522990074635
88314,14208.424161221958
104526,11695.490828148351
82467,9836.234188788905
91827,16268.875802088163
77885,28602.060800602598
83459,7992.6438162243585
98375,12059.235679720457
101233,9265.366201959081
97186,8331.101252508066
95520,15783.041074720079
95216,23518.071689255572
100878,6121.826200181315
80031,17030.308938998533
106134,15591.843051058926
103526,7073.723605154528
104018,21148.458134108863
83920,9307.519115278817
88245,8940.430175947058
86248,7846.643538478685
86315,11788.65944123771
108157,17732.49581287165
102814,8341.868424260058
84371,10064.844386978943
95270,10571.524435226323
107670,13983.946588321834
78745,11305.630709228917
88772,10025.306415598076
82335,11588.939591675742
100049,8075.801882156311
84953,7946.525333446442
98948,12327.941672712703
95952,21633.908057087152
93638,16366.417617119581
91164,18260.93949436923
87627,11673.630335762431
89209,9892.426226071593
94140,15073.872637455574
86567,8298.79921063288
81451,14431.79649482932
94658,18166.91678305165
103969,8161.930795150397
90158,11249.20389266016
107712,11444.55657508771
102518,9184.60017861272
91367,16734.28106034369
78764,13014.805051449686
87411,9357.18674175974
80790,25201.472268757516
97848,10982.33377947832
97985,5901.200622670653
99323,7379.514756671935
96854,9773.576787367658
103917,5987.894961623943
86223,8067.377380750367
101812,7482.326736974034
102098,8992.217432538615
93414,8782.9546114076
86794,8123.908529337034
81508,16958.928786771452
105781,12970.29251347129
103758,8075.801882156311
100877,10950.185500755104
83075,10542.074737541247
100303,9718.153939174894
85269,10730.382283594707
95693,13582.96810262826
85891,10321.649922947327
85991,8378.801752448186
89378,9500.25235498959
79718,9476.224127581301
96415,9617.651880312504
87510,8967.584203281447
95579,12245.29781143318
96453,10982.33377947832
80182,18662.697723612004
103363,8212.311263050506
76430,13308.658243386297
86302,6424.871765531134
78876,12282.569817556385
106740,8704.872624924205
101855,9184.60017861272
78987,17008.228127778806
100155,10520.865088282193
76069,18673.484931698593
79889,14068.631921346523
104035,12573.017054198837
102533,6933.45413100274
85374,9785.050774041576
82210,15209.167320634017
81145,11021.178771388706
99738,10352.875569352487
98201,20042.36487652323
88630,8863.362296009316
94084,14270.699452820698
79771,15428.354035047318
91057,18994.001367121033
92492,12267.808873101842
103600,10519.668260802378
105315,16977.816941353572
106151,13057.783081022735
87426,6844.712669471286
85249,8967.584203281447
77379,9458.117302167526
76190,9837.652192278652
89820,12841.587407584888
92650,15814.692609433438
82906,11939.720901182718
104766,11197.149497201848
104673,12587.142779214526
103734,6324.049139559034
87652,10842.279719297314
107399,11441.924724789093
97222,11695.008691264868
100614,7313.246746804406
95807,16268.875802088163
88084,10128.933001251711
97997,11931.866520063595
83321,9814.448966301481
83002,10566.536229411067
103995,8426.596172296171
102305,6353.77323635742
97774,15614.661102785414
87737,8303.689196794052
102191,10520.865088282193
78470,16616.71893505576
81787,16023.20708676057
90975,20251.57425137715
76598,13820.307385729264
88308,9430.342897106566
105997,7917.433492157931
97095,14071.124658086934
100555,8341.868424260058
106628,14164.324349343355
84638,6585.199982752569
106752,15613.170607838138
88072,11007.39005108892
86734,10498.47362783463
105842,15636.714246249061
102037,12651.549237010888
96623,8375.810979075499
80943,10585.714970280053
107882,8712.45727193977
96069,7914.848242885396
86796,13106.936194489683
83234,12744.521132727312
85044,8967.584203281447
76183,17768.60651495721
102124,8995.028091705724
105963,11012.494696529375
108127,10440.638386597726
76435,28260.69504512676
89809,16093.638587862179
98129,10349.640673353095
95632,16817.592356231668
77264,15998.189001934183
102849,7460.790013266155
106860,10352.462556786288
90177,8125.1672633061635
104336,11686.213826887533
91068,17279.82401136219
85416,8138.802668768884
92720,14417.051973190777
105257,9160.77726225679
94524,12132.935330662434
87069,10892.785577887082
79026,11723.360547968214
100533,9597.896939824725
107396,7157.351217863152
77220,9381.808080860026
76863,10735.035946557742
89441,6749.032143870811
86301,11007.39005108892
82808,10864.028483954668
106681,11238.069383429924
100673,9184.60017861272
87115,8378.801752448186
84819,9393.7608702345
99889,10352.875569352487
100435,7499.787440991951
91329,12729.98821482188
105897,10201.947945700715
94788,14875.891235891739
96403,12869.073528254668
105780,16641.83374510079
81290,15414.055135014076
91689,13154.164169206391
93660,25259.447352310384
84018,11701.839457623819
79166,14494.789131652304
99850,8977.13338360227
89900,11805.020743989226
76628,16658.6559681625
99136,9175.345366640144
89388,11680.511684726083
86441,10978.709434192368
100362,7474.469721683058
99493,9354.7857276868
108082,10969.109271262998
94759,15971.454534384193
91954,15829.02600290191
90378,11549.471698677316
86126,12655.421666071235
92990,14043.248506464115
80507,12847.700220326024
105394,14017.97689393681
80679,9366.89065894559
94014,21573.007724332816
78092,16275.743691779864
92725,8956.908915834627
104609,6509.53456599949
89940,13689.112718980603
84337,11007.39005108892
80392,12757.541491727345
90992,20186.93116897622
88342,8820.59561148495
83193,7055.79834248176
83080,14385.70627668622
87197,10564.90047345869
106043,8088.461813964372
81316,10194.93753777517
105197,24386.358928625734
86103,9612.775816917696
107819,19929.768927172256
94911,13582.96810262826
76597,19496.18968406808
96614,8064.796653167957
102197,6555.725857011481
104617,7424.360742037534
101445,8341.868424260058
94521,23572.382371483207
107290,11882.026545038321
93099,16876.168537135494
82179,21691.493913334532
96268,16128.764205231137
83202,11007.39005108892
101568,7474.0134611651065
89145,8442.352788642742
82718,6819.7172977636465
84595,11939.720901182718
86633,10208.122161795556
91925,21022.837734409903
100357,6982.613800976396
93684,14445.158766616058
106465,21148.458134108863
84631,11676.310538387626
97796,8659.276353777668
82836,9414.132449005812
81314,25579.66621650368
96868,12848.379494948182
94329,13300.089782673327
85728,6515.331829144658
78259,7382.3480754758275
107084,13615.465036865135
96134,7675.905877602376
81583,16901.17831541693
104264,11595.838918004956
86202,10418.229101820853
102867,7478.681161078979
83461,9612.775816917696
77589,12295.654381527773
94394,13459.256053715215
87588,9093.654493609627
98769,10352.875569352487
76735,14716.935573157736
105592,12164.746010367033
95260,13758.286997185905
82699,8184.721489970442
95827,16268.875802088163
89294,9070.381023292548
90853,10606.676955461184
86522,10405.83806747393
80958,19053.73594254379
94038,16994.526802315733
88512,7055.79834248176
80219,8629.619905960679
86063,4877.63009736054
87724,7055.79834248176
88835,9101.794968636646
105687,11695.490828148351
83567,9719.374588822875
106584,14945.435613236827
98492,8789.276738878729
94494,14166.619816532693
89061,6195.079933413149
103125,9942.113655812269
103883,9939.007095532379
80430,9354.758826159774
95544,17831.59043114507
105136,29554.33940938041
105560,9182.967954360605
108397,16910.860446797364
82236,22387.381577708406
89477,12415.358581083989
98106,6930.879331877022
85996,8127.928683306088
103439,10950.185500755104
90831,7346.152897767581
100746,10950.185500755104
81518,8643.744686324366
98610,8283.232733392733
100644,9857.535127662462
105486,12587.333874943773
79765,11787.287478852691
107609,9073.838075360385
85407,10208.122161795556
81527,16365.465096305175
80955,23509.33126275257
79400,15357.631473963114
101238,8489.31593201798
87024,11225.127138110272
88662,7992.6438162243585
107983,15343.610624704379
93662,16019.741665255728
81557,15442.451123869003
94520,13374.962202080864
97010,11282.79589196577
77628,17457.998194312902
89561,10858.942605457318
104218,11516.387116363108
99839,7543.73468612149
87279,8599.046198191705
93760,14258.664956849745
89551,7343.857402196216
82714,11007.39005108892
98166,14054.873541071665
83812,8674.560104119899
102617,6888.149382342062
76869,13242.901680207335
103735,12545.686498076895
94201,14029.901001193366
107893,13264.897650071403
78651,9307.855372629761
85246,11882.279784657063
81194,15506.78966966925
81133,18554.676647981083
95611,18108.900128622066
93004,11625.516705848591
81826,19192.197891112704
100157,10203.41140065679
103768,4289.804008122191
93350,13234.31158741505
76901,15637.289282295802
88742,9307.519115278817
102866,8915.97313835096
76438,18543.045976588328
86105,8521.166602132642
107506,15691.619618783356
108520,8700.352564790672
106613,9076.674243507978
94164,20229.22595011816
100964,8768.138180480844
92769,11180.51102913152
82221,10137.913986350086
98686,16399.961314594955
79762,13821.55230504444
84645,12170.693372697973
107656,14841.79586742953
97538,11581.841998268472
99552,16351.731449534484
102157,8507.521297147678
80935,9509.514919275636
100578,8423.93698792975
94686,16725.87372033563
93268,18463.927324781114
91842,15087.595957256191
95609,16734.28106034369
91576,15087.595957256191
93139,23412.81372932733
101030,7734.0918469611515
80172,24963.933689108668
106262,12696.973119608021
101562,8995.028091705724
102273,3271.2253585963704
87102,7076.109048639779
78491,13409.315619419203
90631,7343.857402196216
94672,14736.70590581905
77261,24252.135370699743
80434,12016.145907498625
86840,7055.79834248176
95011,16972.96752461706
90870,8721.88139269976
97999,8639.31730600617
77016,20458.838372672388
96931,11420.585933663107
85215,7404.676803312217
105268,11711.780096460981
99519,6930.879331877022
104056,12616.614982933066
91117,25281.302340305974
107099,12910.69280716662
80475,9850.072152285047
76216,19632.94282705524
93207,17271.33733579005
105166,7619.522990074635
107209,12030.54358727449
100109,8075.801882156311
87232,11524.781933082164
102624,9276.784797847195
81948,9446.929214576363
93625,19981.951390985058
90334,8116.9747939018425
79878,11397.929272830992
105653,12458.491480359255
108014,10201.861559110472
105491,14459.719398493604
87064,10744.411107776727
106773,12389.65535501343
93489,13805.247583982138
89490,14338.265947059901
100771,10950.185500755104
100803,9184.60017861272
92144,15412.592145165483
88632,9612.775816917696
78778,12321.37306084561
99308,7938.559271998509
77161,13409.315619419203
97501,7653.512642686995
100933,8789.47658534189
77489,17426.163845013525
84309,9367.25746164485
108040,8350.44834932933
97159,12527.075819025622
95779,11826.525626212488
89650,12170.141960453935
80999,7090.845857963742
91887,13943.897127362281
79753,21552.54589211577
84669,10128.933001251711
76401,11176.72324377407
90299,14118.088089464296
80820,10137.913986350086
80744,19937.34308074165
96151,10860.002500914601
101368,8779.423067605447
106886,13828.85853921978
90590,10432.379027473175
102988,8995.028091705724
96155,9853.375235179037
98069,14945.185184826567
99349,14940.408777227578
105341,7157.351217863152
97054,8506.076457184194
80210,14861.943472046132
105334,11476.261476514263
88495,12811.816927157946
101578,12541.766494819525
103240,7545.161491092144
84979,9430.342897106566
88799,8629.466677008999
83073,9003.8264441385
107288,11033.742144106662
102097,8995.028091705724
99042,8285.821812868375
87242,9126.207405997451
77310,15910.821265102457
87982,11157.207850681107
95506,11413.815413629467
106574,13030.015847259348
80962,25269.363306570984
102168,6468.735922007982
102528,6416.3032437270895
99307,10352.875569352487
89354,9730.504313761581
96717,7509.347898043512
99267,14549.458814358903
84588,8252.035000778844
88920,7055.79834248176
101122,10296.347719000472
100916,8490.765281014561
90206,10219.493901456906
100314,8491.00533703265
91528,20566.516450070332
82508,8585.836528187709
77095,20567.253328116127
105943,8732.790098880574
92610,16258.480532180245
76706,12397.310722523545
101753,7478.681161078979
97020,9243.613093047737
103582,8992.217432538615
89559,11435.427048142574
91293,9956.764842605258
76698,17669.430247123684
105365,15621.764081728414
102755,10234.455815337276
82363,10751.562385250625
94314,16590.902748037493
92463,14023.194033213951
107566,8775.780287810288
99251,11064.131247650215
108140,17632.296632319147
99394,8350.602741118975
107849,14054.173361643174
85021,9151.014332579907
98878,10305.885802689045
80258,8947.135522972658
85751,9889.3351898017
77932,11528.735520837086
92120,11286.989016882915
84462,11007.39005108892
104744,11695.490828148351
78174,9758.955196051149
76239,20070.41113192714
99098,14753.93220679589
78068,12141.518815500127
80129,12684.652940635888
92276,16972.96752461706
84297,15615.319252286099
99082,11046.27460797436
103218,10155.070967219604
100512,7482.326736974034
100481,7482.326736974034
77761,12084.834743741558
90764,8183.19740296415
103431,8488.438189342412
96133,13547.930601406673
80377,16952.521841237918
93811,9837.952817915753
99125,10295.524053220423
92377,14948.401218752992
84221,10852.150833890068
87280,9316.628306890589
91188,14736.70590581905
83645,11147.375752471253
105967,6561.337132009134
89389,9021.847100723777
78866,13430.885837418231
82761,11007.39005108892
95049,19220.248240009812
80729,6338.901691511389
76702,18543.045976588328
93554,10858.038323265393
98932,16405.204305896626
91264,16206.91416571794
86993,10025.306415598076
102784,8995.028091705724
79105,15885.439461014192
102943,9735.929940482754
77065,14975.463207425744
104740,12734.739917150582
95500,12877.46027455359
95345,11450.720722392181
103581,8742.172770601781
86417,10864.028483954668
87299,8286.904411717407
101375,10155.070967219604
97640,18676.472713236504
99560,6932.263837229764
105849,14378.934679382559
95701,16720.556859667784
89124,10025.306415598076
78589,12382.124908760848
86742,9304.61082349528
84620,8967.584203281447
91165,19227.769336797763
88463,8318.544084816296
87571,7203.171459345017
104773,15264.032974281039
83370,9668.475668972837
105599,9782.14946260263
104275,14169.044412187503
87908,11594.127661230408
92637,7045.396445867039
101747,10947.26438589866
99271,6930.097654402915
77493,18968.764124299945
100122,5759.4973685250925
96424,10290.311891497171
103113,5352.2028908505645
107985,17942.446953148905
103634,8509.125363438663
93302,15760.560820762239
93877,12244.457280552851
98121,8424.766007031974
91191,11387.055477789223
99106,14201.696217355433
83151,10810.313019677991
87913,5810.678662438195
105517,11682.47345006399
99452,15214.02628385765
95017,14907.847940351468
98803,10192.236075267645
95625,17004.068662311776
76846,13082.26281289409
101791,9268.17322936776
79911,13364.480960462832
98545,9330.410709634505
106811,9348.592818652864
78007,20262.576655766836
97259,11830.916703742578
96999,7489.522303127494
101969,5987.894961623943
107018,17632.296632319147
76246,16790.233902682987
77303,8994.90479592834
103674,6353.77323635742
100794,9919.36511685809
84367,15461.278051032832
101652,10950.185500755104
95111,13457.382184433338
96965,7652.557945230854
76396,11754.944363009883
80269,12974.013160298842
87328,6844.712669471286
85984,10564.90047345869
80193,15675.65762660506
98525,5882.816942101179
77460,17295.73411424846
85424,13430.1147525783
77271,12141.518815500127
104786,17392.002364972006
103727,8075.801882156311
91819,16430.89367167195
107028,15204.303459792181
94966,14736.70590581905
78126,14577.57284685332
86200,12669.851058499818
100317,7904.186404230726
88403,13902.322489270637
102036,6896.353606587975
78858,15946.631290562995
85122,9216.4675987207
107516,13316.774260706958
103432,8390.856927326615
97354,7489.522303127494
100218,10076.223555394274
92759,10882.941384894624
107648,19917.904827767237
97107,14404.324711741181
90871,8176.674351847428
78611,21042.32737815546
107537,10288.169625983992
84840,9815.780520724149
79802,14164.640767188017
96763,5918.764910131324
93033,14800.687824118677
76969,18422.079450093515
106154,9160.77726225679
105965,8712.45727193977
83644,14853.562869487607
83889,10206.603001376658
88026,8812.252817306702
81652,18389.37357005685
77312,13524.614788835723
102749,8971.590365199721
84444,10842.279719297314
81496,14510.322498563171
107471,9176.463375042049
84265,4708.846960443742
92346,18804.351324509647
87248,8378.801752448186
94931,10499.086602593781
93712,14907.847940351468
80162,15844.18504349595
79351,15463.012486945583
85734,4661.621030273931
106372,9348.592818652864
96106,7869.535079083653
96702,14926.92600445138
76823,9791.756097225783
102214,6940.4481358163275
81128,10294.576046339924
88320,10208.122161795556
83531,7075.122096253745
104506,15069.39483874018
84074,6544.912414423834
104709,15591.843051058926
85626,10025.306415598076
98427,8308.344647199772
78699,16045.095313458474
94756,16725.87372033563
101283,7482.326736974034
82397,13146.532084228202
77954,16681.12064580611
81630,14542.310290473859
87025,11543.22110797527
81189,11683.6651242327
107048,17435.929198338523
99510,9337.111349065448
85462,13950.589397798945
99442,7007.740893644725
85541,4980.789309193103
81635,19366.862415732718
83983,10473.45774839717
96161,7966.276604857415
90359,10707.624318738584
86597,9503.517899397324
77633,10694.759277453866
80552,19665.40292588205
87749,11850.341538157512
88246,10025.306415598076
100434,8489.31593201798
102049,9663.151982581536
84649,9186.180798902706
80783,13554.102167072919
102021,7501.4505891355
107760,11595.838918004956
98095,6446.0938593137325
103474,8428.124096939586
101486,12131.796941018883
78334,23688.095459559834
97026,10184.88510927431
87049,10451.048002432408
94207,14736.70590581905
90080,6192.029986223305
82025,13709.827633284518
94478,15344.006914683234
90501,7346.152897767581
86699,9067.265668971006
91557,19214.164534139145
105343,9458.597952337206
80034,18363.296148461002
84220,10208.122161795556
79498,14126.213484770544
96294,15488.058405114314
107974,9028.167492308658
80316,10450.030288380842
99928,7482.326736974034
91851,9323.264370195968
87827,10025.306415598076
98130,12136.649610915829
96139,12588.81831386634
93176,16994.526802315733
90903,16469.74175615148
77200,13802.543789082329
95858,14574.035465822757
77764,5891.932816186834
93978,19843.446612207765
78852,11044.662619321694
82121,12422.330582874209
91653,18627.269223940857
88882,10146.534249651186
107327,6583.715126413661
86583,10002.954304369792
90101,10429.119291942276
90893,13598.338727685748
93813,19733.112629922576
79215,11141.428129281807
96480,8267.467634877972
78841,20321.990061391345
101519,13625.755439881319
77704,17211.348992718238
95308,16211.979641213371
106617,6583.715126413661
92279,14676.031555729565
77974,16475.053219069312
96897,8478.359954924932
84841,9221.846086693522
80966,10377.499934354115
81646,17251.194426898204
83773,8971.00896541581
80357,16652.413276392515
93576,10497.697209155822
76332,18673.484931698593
100522,9181.73029080397
95723,10740.192442965721
97599,8312.610586997316
83267,11409.698522057646
107086,9608.941929784873
80173,19487.86190593399
90902,22059.864946002963
85442,13858.405018621952
82924,4617.617068227419
106669,14749.940984015439
77358,15275.530144648501
86661,12841.695725992011
101073,9644.972968173093
83897,9099.660552282554
92465,14766.353293812717
105110,13176.261192930937
79370,11029.752854815708
106568,10054.017857741348
106121,5784.269243862902
97194,8615.971729422225
89289,12692.98513918135
77301,15340.461302905633
89051,12655.421666071235
90207,9550.614728334269
95193,14130.049288007362
98653,6717.819368831759
98934,11257.421123797229
102897,4310.5856048709975
90845,8195.958756935957
101868,7476.349634538707
95210,14541.2997646399
106341,10792.371123439867
101091,8995.028091705724
98060,9337.253939127064
90026,7233.755127163723
88157,8970.387163800977
97383,10973.85074672459
87451,8812.252817306702
103381,3788.488804503766
93512,10021.866280728254
77414,25134.213177024765
79553,12899.576132036387
96377,7099.789196952204
105001,6583.715126413661
106183,15289.713801813763
95745,16371.967373249523
107011,8173.934704174838
78953,14218.082000864528
85187,7917.0401244725135
87941,9430.342897106566
77483,14703.842935246577
101372,8341.868424260058
83730,9430.342897106566
106166,14551.340564251077
83753,8134.3476512841435
106514,16198.487142605994
101583,7964.197452731371
105137,4213.686282649345
105295,16210.751223750334
77657,23241.909971657842
88515,9121.65686228716
93729,14511.390897444784
88280,11891.777432347599
102832,8995.028091705724
97873,10977.280727717527
101671,7501.4505891355
85210,10097.582007841045
80735,21898.400878177064
87811,11007.39005108892
97684,9798.087174104528
99915,9265.366201959081
97502,8306.404786981124
93678,19787.80653877807
78821,11938.119828964856
93898,12244.457280552851
100832,10248.804775343573
104921,10527.364314136159
83890,11300.79986836352
85696,5372.417944817911
89485,9756.628367050904
87460,10250.89804043265
81080,25549.564316598426
87235,7523.925873248292
87587,8488.910397073834
96329,17112.86901143842
108174,8793.185885971388
106700,10012.451375286922
98539,12015.760208966218
105234,14612.59800392573
104708,10091.252034341242
79081,17829.2034997361
90270,13497.054162782677
106057,9271.93444788648
80928,19695.48218893653
94218,16456.647409963432
107429,11512.865741489362
107776,12217.175648297549
105303,7917.3385236510885
107166,17632.296632319147
94379,14982.993762428992
94832,6512.517806549225
83043,9628.228357472377
84114,8970.387163800977
84283,10618.122342398854
107679,6405.822220783119
89280,9025.045054016613
89840,8127.624560368138
89927,8878.157954365428
92218,15739.405289539125
97100,7761.347302502735
79443,8435.765426760818
96551,8064.796653167957
101305,8904.492602884888
102576,8498.437301799995
84060,12582.153765782392
92280,16556.962617915466
105210,10201.861559110472
104496,13786.511708039918
104267,10527.364314136159
91491,16994.526802315733
78595,12141.518815500127
100913,6633.319082580704
103028,9939.007095532379
77788,14653.606442481225
89629,7132.685990696993
93781,16556.962617915466
76551,22061.33144986651
84917,10719.909891326837
106009,11976.812795177968
96109,8897.807221217134
78933,12603.786835453826
80386,23355.260644910803
105590,13652.890874879373
87670,10283.631497427188
84443,12710.310812629112
95776,19604.656575075653
96400,10669.566840498224
90834,15575.120828694588
88360,8408.30094778778
106848,17662.476149623264
91981,21349.773638895935
89126,9028.86591663986
104879,13176.261192930937
90449,11249.20389266016
90667,16859.64456375735
78986,9259.765987245595
84945,9814.448966301481
104356,9853.708618397
105159,14615.921577616722
87755,4536.628863811518
80978,17209.14463929567
87272,13361.110212967662
77291,18381.784781728107
84904,9077.76567890176
99446,13003.42646942253
78688,17806.728273669858
86155,10208.122161795556
79551,16552.615581174898
78281,9365.737093073521
94551,21393.162000053133
103232,7586.5823224425785
104767,8793.185885971388
88566,8184.721489970442
77896,17062.102299941736
96885,11360.850460890148
95778,14511.390897444784
86874,9010.250642296862
91080,16394.911194328317
107737,10329.587872817254
104851,16332.213970620602
85070,15634.073506309123
87362,9430.342897106566
92302,10571.524435226323
93294,14511.033277189317
83422,13686.783405925318
84862,9960.665789382145
84415,8967.584203281447
78737,13741.0216553088
84686,6053.7726488871685
95112,16806.309208306113
86518,10075.169409813876
84839,10025.306415598076
81172,17216.161385426196
89932,13480.865638891404
87300,9839.826307295594
105568,11746.858179171288
76252,10969.400695196038
80951,17141.99545245206
83509,9753.385949215251
108493,17524.244758687375
89976,8706.799942212909
102525,9310.078089859397
88102,9430.342897106566
89605,11249.20389266016
92381,13134.689710121374
81987,20690.51984655235
91951,16556.962617915466
108167,12766.880257749173
89798,7369.893851871849
97312,11496.277925520899
106458,9160.77726225679
80611,25261.468002381207
83390,8031.733807405854
84346,13521.696112880998
88061,9788.293706036584
91266,11816.351392844694
99611,8512.280626772448
106366,13032.0570296683
91936,16725.87372033563
82520,8401.513369774977
84865,7772.835859359638
80141,15300.351376002045
91890,13519.117205219047
76251,13333.867832541482
84247,7554.507858808292
91298,21309.2793571763
88015,8487.305382799448
92776,16268.875802088163
76709,8648.88394310999
105728,10420.590213608675
103796,9967.125621754378
81171,13379.199379896812
88413,8488.910397073834
102155,7673.343099826412
81200,11173.970772981185
95674,14574.035465822757
96157,9977.94208286841
79020,14430.892723670928
103587,6163.008205422867
104190,18263.209101604953
80486,11956.081298284123
91177,11492.563763024948
76909,18075.24126935484
97278,7911.852054509971
77170,18015.964682790713
78840,10248.032221791935
107987,10929.973921540124
104444,10352.462556786288
98408,4896.168777823037
90629,11557.032514865243
85268,8206.720898503638
98419,3880.9568011893007
90747,9938.810359177365
105907,10791.867540034316
88335,8262.728917917324
104161,16214.699902404933
101427,10056.475908020233
87176,11594.127661230408
94012,18440.655691564873
106937,12462.385457593708
106573,21412.17596014233
96877,8356.125739119236
102568,8075.801882156311
93510,14567.956218623336
78820,19391.01708864312
76763,13170.277329063667
106884,7404.759493709837
81041,10440.730614254278
93827,14824.984828938203
100321,8080.519685264033
81450,8519.567594342969
95107,12499.459982160866
93670,15474.825626859043
103551,9253.070952392256
106715,11512.865741489362
100863,9215.338542138621
79259,10053.966496298684
105336,18530.714926132692
88906,12789.541394758804
93039,16994.526802315733
85639,11701.839457623819
98378,7749.56534522586
93639,11149.628709541515
83518,10418.229101820853
79592,10548.191498681717
95678,14574.035465822757
87400,7740.261793604098
98813,10528.826145227053
79157,7448.376514186244
76223,17263.31088098017
95406,13140.936677250387
83724,7670.501212723698
89739,11800.640629369069
94933,15538.434524507124
82605,9719.374588822875
91566,14611.02911637161
76873,12905.449953453754
96884,11411.351153438929
85901,8472.725757379905
106449,15591.843051058926
90672,8116.9747939018425
78513,16031.293075451154
86464,10025.306415598076
82921,8486.25786595206
93886,15795.862506977535
76303,12362.238892230887
98243,12238.213240898995
103497,9491.307078100184
87786,9814.448966301481
87780,10379.308676058849
99339,12109.5045418077
95351,16972.96752461706
106965,10795.744386426075
87540,10102.00479345911
99854,8642.017672946607
102357,3163.069205008141
90737,5252.395686877029
85392,10956.644548734352
96882,7178.794179645891
88268,11413.149038770502
106075,12978.164805040573
88674,11220.328204366759
77623,12213.799655568117
80394,12536.243146786785
94942,16972.96752461706
101237,11454.369671040016
86351,11939.720901182718
87055,9367.25746164485
94851,16725.87372033563
79816,12899.153271049754
97214,11365.292215169855
88900,9125.838283670877
97464,8462.184428530129
76403,12311.55614782609
79786,14582.63715636523
83858,8970.387163800977
83658,8828.904517368122
96456,9221.172296459745
106217,11053.461461957417
88111,10025.306415598076
86581,9393.7608702345
98218,12154.989049982381
93801,16019.741665255728
87206,9409.31716572255
88569,11676.86199093148
104348,11690.207016055363
76478,15583.960652719688
101509,12545.686498076895
100915,8220.940481018913
79676,14018.800704970823
102673,9597.896939824725
98151,6930.879331877022
77583,12338.009547441798
106602,16761.833049768808
90134,10219.493901456906
84228,7790.527866683195
100131,10185.121501980664
92807,15638.303025187248
95025,16371.967373249523
79779,10753.261447593519
77216,17597.039563479877
83476,9814.448966301481
88942,11007.39005108892
87565,12606.519072427398
97055,12447.912377324583
97212,13356.393553290513
97321,12067.32934366841
102240,8992.217432538615
91253,11449.088924716094
90284,12632.077249826454
83582,11438.014517047834
81255,18545.626317722563
93903,20600.11981563341
96241,13565.851853686423
99117,3364.221379426568
79874,17222.667963603373
105193,14086.95998919303
98186,4694.933803488247
103313,9597.896939824725
107714,11418.261136283281
101081,7655.934428516234
79663,5580.212989622721
81108,10202.94611668639
86643,7670.501212723698
90931,16561.995212719907
107518,15955.567584249915
84511,11961.896631872509
80689,10507.474400405312
86547,6172.456529752551
79670,13018.023911782711
82281,13878.66501788706
102274,6940.4481358163275
107948,9782.14946260263
97149,7871.994865220931
95980,12652.429171391339
108047,16450.400901077825
94763,15139.69132440907
106148,12290.533133318746
84164,10352.26442571667
93448,16545.36106575684
103837,13433.834126883077
91861,15200.857663007922
87914,9480.803901249934
85944,8284.314994001783
83795,9580.030891531387
97374,11508.55700943942
80569,10619.742300064674
106331,19411.556840504123
93177,16909.009454673254
85257,10864.028483954668
80094,12570.589781418234
98473,9284.093065598061
98021,15885.980853403078
91714,14102.969456371378
82569,11007.39005108892
96451,8309.001108441666
86310,8970.387163800977
89702,6594.57125484687
87577,12866.891970047487
85221,16242.739132188473
100454,6940.4481358163275
96748,5163.65248814583
91472,8089.683673510308
88350,10555.708448016174
84386,11236.407454664526
107993,10933.617580352347
101496,5742.014650199383
96805,10807.04194903469
82084,13214.891889059338
94643,16725.87372033563
83871,11665.075215314348
82327,13941.655695772775
90332,10695.74573418596
84949,19063.28922854848
83111,11754.754423391005
92067,13374.962202080864
106714,13360.097251627361
85531,9357.18674175974
97311,8382.275832820314
78102,17267.919166287415
98348,11120.913189473853
76715,13384.051149129233
77091,12114.218201168655
105854,11215.947630129334
85983,7597.319667437456
80823,10162.034037442465
102612,9718.153939174894
104209,12554.644528154984
97643,7347.205028055803
95340,14254.761938257281
81183,22218.9784406219
87928,6424.871765531134
89448,9838.559599077726
98522,9351.862668237327
94213,9163.457445675129
91583,9098.431716266568
90280,8717.985861293188
93287,18983.5450547036
84510,8350.631322261148
98179,14201.696217355433
88162,11701.839457623819
78449,20527.812227201135
94548,13400.4696218642
95056,16556.962617915466
106725,9782.14946260263
97968,6446.0938593137325
104923,8770.27402736699
97276,6301.248492538194
97080,14651.04899790363
90691,18361.14597707589
88033,11220.328204366759
90160,12086.879728527534
81661,10178.47110545494
101260,9523.061262183593
79520,17859.18611788219
78213,10696.718255578802
76187,18498.94396003333
85752,11438.014517047834
90729,13385.340005325883
77637,13665.82074782425
101847,9464.96770824962
86787,11007.39005108892
105758,9281.66481887864
79389,15496.33028678607
98312,6446.0938593137325
100222,8164.607714693553
87873,7476.154081075693
92965,14322.29639702385
89168,12150.917771113685
82368,14398.54897928298
76505,9679.835077518306
100946,6220.1166325113645
85815,7707.28444656348
87705,13649.995346514292
106931,9282.507138385896
95571,13582.96810262826
80308,13674.948299146914
91824,14540.226686522852
106743,14944.097438132163
101866,9106.139390275132
95817,16994.526802315733
108505,10352.462556786288
88722,10099.847246069301
104371,14020.375841078609
93879,7970.131368651947
96038,12704.207340781737
104690,10137.838003501964
93199,15538.434524507124
85967,10208.122161795556
88714,8242.759654414716
99467,6446.0938593137325
85701,8376.72013353698
103450,9301.498038115877
96943,8250.263569072571
88526,10203.164343827768
79326,9857.422748117717
92314,20251.57425137715
106373,13194.339314527779
76953,13525.467025762842
89741,7905.7381361168345
100458,8460.752176829445
91895,24714.085767878292
92356,12401.38747364713
80632,14601.985549724146
106959,8439.250179464667
96251,11516.455595074745
97996,15567.182952658077
90021,12173.945819526838
94899,18949.140572711232
93093,11716.80032474854
100175,10181.939017946044
89968,6731.543913147203
102132,3565.3677795053654
99121,8669.908455663834
92662,14484.740256482315
96612,10713.697763059405
77399,13629.325479524085
86443,5075.998184881336
93198,19113.100737245837
98001,13000.569239293554
97764,10901.929517699835
94983,18809.834590329705
82703,8337.39820506089
94794,16371.967373249523
79793,12907.786451997503
93376,10269.310333706231
76374,15465.206011074086
84045,7055.79834248176
106780,12018.385531062353
93213,11788.592365443803
97870,8309.001108441666
97748,10038.549085788949
97255,8926.787992584785
102668,10234.455815337276
105898,7639.450573887533
101786,10212.876943091642
87690,9785.050774041576
86329,9430.342897106566
77696,19906.54265263674
104321,30408.837690373963
86782,10637.575417701431
97134,17237.378322602843
86684,8616.53003427582
95509,17865.57412178674
82314,13561.049663927015
84124,9882.573998439908
87597,9430.342897106566
81357,11957.794934777796
95055,12418.828468035981
100244,8268.553282577373
79271,11606.414184275549
82043,18020.500052871812
96348,14179.832566823272
76594,11577.481241000483
79552,11431.545681654665
97181,9677.971965890885
99147,9354.7857276868
90786,7501.750517887031
96203,7676.85328714593
100288,8264.177063919738
81529,14724.200477853705
84229,11248.851598044927
94332,16908.531504157865
92714,13815.051394937305
107716,10349.227789825813
107685,17276.819491683353
97836,5268.303445699084
98284,14758.649002338148
83128,13672.627349669849
105500,9428.087422220075
97781,8886.739901870265
99341,8239.184178222913
91793,16994.526802315733
76224,13353.912159461
80840,15874.76132429648
94587,12770.386259056244
98667,9145.720511587184
78973,11953.725320597625
85175,10618.122342398854
107489,24704.50869585309
95790,10721.22611424462
108044,7714.3155299398795
80652,15496.33028678607
76007,11885.102753446496
96039,8163.621701989534
102618,11548.363788616194
80863,10909.457065346623
95695,14819.346837139108
78815,15995.532751125957
98063,9851.710958220514
83732,9025.045054016613
83190,12514.7417590561
99504,8308.344647199772
82372,10562.882965834378
77977,22156.93274937068
81688,11281.636563373968
80154,13305.3247816657
108106,14749.940984015439
80724,11337.688962131358
89190,8488.910397073834
102321,10520.865088282193
97375,8986.660609640818
99379,16405.204305896626
84767,8286.904411717407
89470,7680.224257754805
85592,9612.775816917696
80381,17057.73528391285
92149,16994.526802315733
96044,12662.671804686475
79041,10694.759277453866
103108,13630.01422327918
91118,14567.956218623336
96434,6722.419153074513
86875,9730.504313761581
100326,9184.60017861272
106416,14308.478194433446
88074,8842.373720702246
91579,10512.887233545034
96819,17375.813201468267
80373,15286.379004130318
82681,8940.430175947058
88450,9048.15401823556
95040,12079.94148273307
76720,10066.529758003458
94576,6248.297341242092
82502,6942.504207427254
101100,7545.161491092144
104522,13543.541814534543
108039,8460.819476424598
77894,26243.39421884995
80888,9415.356927912293
80366,19845.194912738654
87653,7857.235974903971
98083,14940.408777227578
89042,10892.785577887082
102520,10544.405453338217
101620,8632.574061297137
108340,10108.996830681683
98465,3499.2301229315535
82307,15606.971081587179
107499,13644.729347681023
101440,8833.367015424199
82392,15874.76132429648
79371,16599.547172738054
103916,10079.37300007049
81192,8343.28514873675
108185,11090.697220791697
81811,11683.246162832696
97993,8361.117301936327
80214,13238.903475562654
79896,12980.325661344144
86793,11070.295506079232
100548,9910.101454765887
98986,7749.56534522586
82411,10025.306415598076
98467,6930.097654402915
98645,17066.419730587488
84530,7818.11395562249
86479,5815.080373728075
90655,11119.66826298225
97319,8659.276353777668
107749,16370.805152321414
77199,17317.648515693447
79255,11652.82028979531
85072,8184.721489970442
99421,9272.15956007335
95187,10091.475411689571
103262,10320.020267970904
94589,16398.247849564683
77608,27783.802294488964
89729,6458.304573975027
99171,11896.463766684898
90914,16725.87372033563
83250,9788.538433558328
83275,7203.171459345017
91269,16994.526802315733
83003,9430.342897106566
98988,12439.135963519464
105748,12327.569422720104
77688,14393.475837613994
91090,13789.488169245558
100544,10950.185500755104
96608,7845.786389215278
98784,8540.030035887668
85655,9788.538433558328
104236,9339.539654189928
97437,9713.036367689412
100150,6418.243792068718
96911,17481.248009205225
87126,13646.856675786032
88544,8252.035000778844
97889,9620.613629402123
76768,10676.405549160387
101722,7545.161491092144
96407,11516.455595074745
80640,11978.26718920706
88000,10208.122161795556
103451,10185.121501980664
80542,22028.82790571525
82212,9740.923379699867
102407,7777.453781035342
79895,10929.993340699644
95909,13815.051394937305
79646,18090.04850499997
77051,17440.909276690905
79375,18937.24390462768
92023,17325.159403697675
87608,8488.910397073834
77731,7612.622209854631
94671,14907.847940351468
107804,12356.175644658158
106359,14084.326667012818
102758,7237.76142062015
76944,23982.581531787793
92103,12535.68457908203
81188,12100.122921834602
84157,9814.448966301481
77509,17528.867997100228
87332,6544.912414423834
101597,8995.028091705724
84021,9430.342897106566
79820,15445.696439302792
102505,9510.8206269108
82887,12550.348844652075
98676,10352.875569352487
89288,14212.865046653415
89410,10388.194892569056
76489,11112.842834588173
85587,11322.687783473415
93752,10571.524435226323
104857,10536.146134531504
91582,17518.332141977022
100760,8995.028091705724
95388,16725.87372033563
105606,13652.890874879373
93352,16972.96752461706
102452,10020.836015811246
88997,13722.04641302632
107478,11906.872196288032
82604,10618.122342398854
87188,11528.384097145416
97769,7784.921173060441
77941,18032.536136686987
91489,10647.768236760983
84501,11007.39005108892
97428,13022.133582235074
107961,12071.627317502725
106520,6405.822220783119
82860,11300.79986836352
93232,15854.351192960568
106592,6583.715126413661
81719,9218.1481023909
81658,12767.444944331994
92676,14736.70590581905
102253,8749.19402774781
105237,10895.77428078003
78527,14465.02822806864
97452,7763.392440621386
106530,13569.665051290898
84118,10388.194892569056
84314,9719.374588822875
92313,16994.526802315733
91271,21349.773638895935
86067,8423.730373968292
100751,8995.028091705724
99647,18578.14525789775
79872,26220.76357771529
89703,14273.982718123254
82985,8330.233961294463
86719,6424.871765531134
78249,17332.983497727346
94826,20251.57425137715
80867,19317.921082496578
88405,9797.759689864299
92596,14540.226686522852
90699,7052.4925009373665
97504,13981.722092270425
88236,11088.810980915994
90859,7105.629970187719
84327,11007.39005108892
86926,8488.910397073834
98478,7658.666891902413
82435,9814.448966301481
105477,10898.437666696713
91685,13374.962202080864
77406,12282.569817556385
79806,13980.254763780382
95728,11124.529909597333
79181,16578.104031498115
89777,12173.945819526838
104090,9091.34747990781
106849,12491.809682988765
80612,13936.797762748902
78114,13277.477213919847
93850,15773.454784161919
91913,9567.020883328905
104359,14726.449607330442
103818,3973.6442333421514
78505,10331.386337240128
78147,8670.003952805184
98618,12611.385120981038
80947,13754.670815746038
104926,8816.461962049372
87266,14385.70627668622
100085,9942.113655812269
99550,8482.527532405302
100618,10946.76398521462
88609,8851.969527440895
95379,17213.457843554694
97130,12482.760857440055
98078,18584.084562009943
81543,13554.102167072919
94442,12565.622584072178
88513,8851.969527440895
104084,13461.676265772147
77862,12640.9278877355
83231,10075.169409813876
80020,17279.214274638638
88533,24054.84976109213
89260,10637.575417701431
82264,10859.31215061428
84569,9186.180798902706
94361,17849.59916737024
76511,15151.980378091059
79088,11769.401940105114
85645,14494.148697091741
80492,16756.419540481304
82092,12239.05753755047
80792,10200.917606805016
79022,11730.310789322364
92175,14312.506258593754
87149,10852.150833890068
94676,17768.36724500285
82453,11481.30191988416
88623,11007.39005108892
93157,18122.14639222132
91767,14766.353293812717
82525,9669.730896454705
83387,8442.352788642742
104711,9348.592818652864
82040,13142.424356773296
90973,14860.819256180863
85628,11701.839457623819
96701,10181.702699096655
95441,13547.596508139044
104513,9995.48325927684
91247,17145.548580867493
88940,4536.628863811518
77571,15944.124710018225
104299,11487.49809891844
92609,13028.901381940484
85134,8970.387163800977
81305,13572.67627360025
77683,17396.155180266866
89313,6536.780554261872
85999,8249.473950918511
100266,10950.185500755104
97102,10662.59167545994
101321,7068.6968780813195
108299,7985.6081974684475
85057,10402.348499482807
84995,9867.521693590565
84612,9391.453784418562
94300,12499.459982160866
93656,17376.736145234827
89647,9364.96901854076
84389,8153.014621535623
90197,7189.358414701705
80844,8343.28514873675
105331,14054.173361643174
98831,7009.14075056934
89697,12818.469841276641
103351,8995.028091705724
99969,6940.4481358163275
99325,9351.526165809319
89198,10864.403544795727
78239,12321.37306084561
82481,8885.405806762257
83655,11904.357494131466
83006,9101.794968636646
81067,20915.466770072
82451,10205.671917181695
107390,16981.5038525958
101406,10203.41140065679
91715,16336.837540667595
99989,9597.896939824725
93206,16469.74175615148
85902,9785.050774041576
85195,10842.279719297314
78130,17396.155180266866
76552,17211.348992718238
89420,9836.234188788905
89566,10606.676955461184
94682,19909.538735335285
87373,11007.39005108892
83481,9304.61082349528
84348,9430.342897106566
88809,8590.992558410995
107886,9637.531680569102
84976,11225.27728459295
106340,11913.06675916714
87849,11128.825930528752
78363,8751.672786369372
86657,11007.39005108892
89773,13689.112718980603
94449,17500.254593533857
90861,12762.208948988458
91749,16994.526802315733
87090,9867.521693590565
80200,13203.287502819727
79369,13305.3247816657
101679,7482.326736974034
88080,8967.584203281447
103400,6940.4481358163275
100960,11631.094683983569
106116,8827.429348773918
76678,17368.44749832017
86832,6513.866608017691
80278,9846.048502613092
92718,12244.457280552851
80121,15927.326722756106
84360,8153.014621535623
98000,9337.253939127064
86852,7740.261793604098
84665,6592.112432805895
104032,12156.665607508672
88348,7463.8564495408245
85919,10128.933001251711
102408,5721.586046219393
91678,12380.236472036284
86965,9814.448966301481
99748,5461.793406687637
79192,11565.499970168099
100469,9184.60017861272
102772,9755.992166309008
89526,8222.828982882666
96191,7209.615051132747
99222,10352.875569352487
77086,18849.147590636225
84447,7170.490426894381
99981,8995.028091705724
106052,14721.841272077736
79612,18508.588572095035
106792,13018.623984793574
99124,7504.032768552335
79678,15846.571709054537
101632,8051.954993018344
77692,13231.741445050055
84345,6424.871765531134
95000,13889.329981990955
83015,8768.983726211944
99423,14622.537752490533
107480,14720.19393678335
93765,14314.145385936756
105419,8712.45727193977
94052,11712.576880444678
97432,9301.172399563447
79133,16930.495444793523
93225,14354.566825932325
82956,8970.387163800977
101231,9253.070952392256
78727,13281.85293355669
92150,18342.021946687943
103869,7639.681165587264
98266,8669.908455663834
85017,7707.28444656348
76853,17332.983497727346
93027,11060.826533862568
88493,8378.801752448186
104829,17549.258467112693
87800,11407.94653778483
94723,13582.96810262826
77219,7773.091717382079
94891,10512.887233545034
81656,12757.541491727345
97239,15202.648909585228
83620,8676.342103013487
93312,13374.962202080864
83441,8462.486577083047
83959,7740.261793604098
83653,11553.183924123377
103364,10155.070967219604
81279,11110.150014288725
94483,14289.06551275571
78683,11785.409708226007
80423,13642.651891685293
104442,9978.854721216338
102026,7734.0918469611515
105992,11164.650631862754
108007,9073.838075360385
81476,10349.79497102805
82770,7246.50782568957
97979,10352.875569352487
103866,6546.13320445623
83147,11119.528665256576
102902,7501.4505891355
105918,15351.638635727622
100265,9929.857020505955
86165,10451.048002432408
107697,13992.647343820507
94497,20091.946309694107
83540,7055.79834248176
76617,16082.464112869391
88133,10128.933001251711
92181,17213.457843554694
90065,4002.740627899963
94177,12244.457280552851
86942,8970.387163800977
82629,7076.109048639779
92087,14717.192503007249
94508,12693.851189055968
81678,11926.632046988287
88106,11336.827820015853
82869,11516.849376128926
81744,16700.774279643334
89208,4840.0892857870085
93035,15739.405289539125
94656,16725.87372033563
105571,11476.261476514263
86332,8970.387163800977
76711,14674.504269242365
87423,8284.314994001783
97343,15483.2191067537
89591,14612.329260714034
83291,4536.628863811518
76146,12932.541509764253
86683,9720.619053362767
100726,8961.347175570998
102328,8992.217432538615
100991,9647.987633675408
98049,10150.76817440744
104948,11305.548349822242
103129,8161.930795150397
87892,11007.39005108892
90770,16093.638587862179
97113,11868.7691897068
102422,9343.319314763605
82462,10075.169409813876
99700,12347.301846501916
103799,7639.681165587264
96959,10316.362742264024
97715,8142.068974379094
90880,9006.943122866744
106632,11682.47345006399
102656,9987.443300170626
106686,8537.796377267478
97346,6533.380468370387
88283,6424.871765531134
102248,10115.013934780845
89091,4111.1138342320155
100474,8264.177063919738
103428,7762.83765992708
82698,7941.322132410181
107510,8747.542777862573
99122,7705.041863890281
93152,12244.457280552851
78084,12925.083173154098
103130,8511.493886729475
95826,18463.927324781114
94977,16802.354792271435
90104,8499.898106379445
89105,4381.880972871996
95397,16255.731680897476
77476,10790.219549879805
80208,11058.015573484807
96744,9808.230562004654
81310,15659.43219848129
88688,7986.632022353763
100514,7545.161491092144
79490,12974.013160298842
89236,8660.61316586105
106677,10527.364314136159
90882,10943.778513086994
105048,6585.995895746182
92458,14493.007738754079
91682,13733.845462934063
104659,11391.343044634532
99559,9354.7857276868
82608,8153.014621535623
98793,7501.687946044518
101083,8161.930795150397
86469,10025.306415598076
106304,10237.057599419682
100515,7649.264736243853
97006,9713.036367689412
87531,4959.762885894561
88873,20428.926909422626
91700,12100.538758875326
90471,11751.411167756922
88077,13103.734584107735
95546,21322.300976565017
77965,11697.21577738582
91548,15512.849510214633
101360,10629.355705194408
89845,9938.810359177365
95934,16620.94281610334
103745,8536.080129631486
85862,10864.028483954668
98424,8424.766007031974
81736,19436.602008878453
93391,16379.35867322462
76523,16211.800298785669
83573,12692.98513918135
103118,4544.938807791816
84399,16480.436873377315
84864,8970.387163800977
104282,9817.791266536997
95389,14540.226686522852
108097,10202.74908512683
94999,11060.826533862568
99345,11401.58857123756
92946,19910.882122867566
104048,10959.09611232501
76817,18394.829046275798
90448,13689.112718980603
107837,8732.790098880574
91182,12267.808873101842
102654,7222.311485805852
95298,13758.286997185905
93659,13791.268512345987
87866,12692.98513918135
99990,10544.405453338217
102469,6771.071779074825
107351,12061.613762191497
82490,7707.28444656348
80756,12422.330582874209
82365,15869.8012070485
92332,12132.935330662434
77456,20076.93323989722
81007,18007.120471020007
82391,14127.646546938671
84647,13563.044408717202
76296,15231.183463267702
100192,7731.960493566675
84547,10208.122161795556
88877,11225.127138110272
84254,8970.387163800977
87836,8378.801752448186
85970,9221.846086693522
94834,13374.962202080864
107159,9637.531680569102
106800,9160.77726225679
101989,6325.093916179856
95604,17980.200560429617
103637,10520.865088282193
104301,9140.352486080394
83799,10098.848277855932
107855,10352.462556786288
101506,9467.841342083579
86644,9621.755015332523
81902,30884.891602043874
90490,6300.346124341108
76314,12950.688991054183
95360,17280.01883928818
96272,7489.522303127494
103911,6959.270604008877
106553,8426.596172296171
106063,11034.924845043979
84179,9672.753299576909
106912,11516.387116363108
103819,6644.676478445858
94009,20811.656630830115
98285,14054.873541071665
81101,11111.757143506664
76806,14290.562676295947
79127,10711.101602275707
107416,9637.531680569102
93786,16649.602573981978
101542,10056.475908020233
101640,8315.72757899448
98800,13239.087946211403
91451,20385.019020475134
104033,11218.69154919925
105550,14652.500523082219
88203,10294.336726302177
77481,12935.558548298128
83704,12100.182513407517
94474,14766.353293812717
101924,12407.776601859867
93203,20385.019020475134
104628,11595.838918004956
93308,20918.604434535184
81984,14085.296136628222
93228,15760.560820762239
94247,14350.081668139681
85162,9368.472707539786
104670,14732.820669562672
80875,24882.40828451626
80850,17289.64540344593
79475,16585.995958262567
87229,9659.556699574157
79162,11050.994102423427
107652,7091.639191751503
89835,14093.780998092101
77430,16805.155047933156
97568,10991.408530961664
78947,20213.46269087815
106692,9053.711593359763
97127,4553.2684178410655
80876,15496.33028678607
100152,7235.737050424364
88949,11554.850248622117
95804,19049.51920002255
106833,7408.417994666687
89283,9025.045054016613
78115,20158.911857962863
86941,10864.028483954668
104794,12725.394197999098
103892,12545.686498076895
90746,10432.379027473175
92996,14421.875436286951
88679,11900.713910783319
101007,9485.703841050132
97824,9083.992382299184
85138,8123.908529337034
87869,10852.150833890068
84266,8674.560104119899
88682,8142.534815049318
84543,9367.25746164485
88967,12475.284347709514
78831,12589.577899727348
80227,15687.537393343364
88995,8947.013635330284
95761,14414.918128385174
82060,12615.52237174505
78253,13374.719220178004
81193,15874.76132429648
97309,7489.522303127494
93654,14736.70590581905
91399,18347.826590715034
107195,19939.768460223273
82137,11177.938364377274
108006,10349.227789825813
78534,24252.135370699743
75979,27365.94082132102
78847,10309.958869874872
94746,9750.995251318602
76591,11766.126933801614
97366,9221.172296459745
88756,9430.342897106566
105074,12714.445961897341
107641,16495.797025598167
103717,11113.672927206424
92559,16885.076376196906
85453,3873.483703629376
91736,16336.837540667595
100632,9942.113655812269
93314,16590.902748037493
82593,9025.045054016613
105791,13176.261192930937
104431,15069.39483874018
77967,12586.15581484284
91373,15093.241449427022
86095,8252.035000778844
90950,15128.374351828177
105410,16228.860207247837
86516,8153.014621535623
79221,24353.12439519543
86603,12862.871611489432
84058,12150.917771113685
101017,8946.745537496658
103065,8995.028091705724
102817,10128.610932715632
106443,14749.940984015439
96455,12841.270039064893
103514,8768.138180480844
88407,11528.384097145416
104658,14054.173361643174
83823,9814.448966301481
106801,10877.189560916488
100859,8995.028091705724
97156,4207.19716886963
99816,9119.083828737388
87726,10886.62780536862
88783,10451.048002432408
107654,12126.65118388702
102420,5721.586046219393
104147,17586.35587050132
76019,10248.032221791935
86158,9430.342897106566
82852,7828.84904108705
100871,10164.753363971577
92537,11600.626562648471
92028,12058.841588142293
78319,11324.886680314328
77111,15642.176732361244
81426,10288.384201085586
108336,7471.964313464724
106048,17921.39142993862
108482,10527.364314136159
91336,14766.353293812717
101242,10185.121501980664
108309,13768.38255639187
106397,6890.639905927925
82413,8249.473950918511
79355,18136.280688788782
92826,17731.983248518936
102020,7313.246746804406
93857,17981.301678558037
88875,7790.599330123068
81926,14367.490290737824
79236,13808.43560132188
101106,12414.626332157948
99069,6912.819418068733
90017,7169.1530921582635
101706,8995.028091705724
89701,7981.077646541215
96760,18670.637247921728
103901,10950.185500755104
96780,15274.77963874899
78905,10376.745222470769
101894,8164.607714693553
94657,12688.738152067173
93703,15843.758789739115
98690,7802.698137718838
90597,12695.137446819417
80138,15244.91735771731
97044,9083.992382299184
84258,10487.321896777938
98543,11858.120895463642
99833,10295.524053220423
99848,9501.55754377325
89178,8940.430175947058
105598,13264.897650071403
95971,16268.875802088163
94875,16725.87372033563
96048,8861.706743126273
82606,13567.283592974298
104545,8426.596172296171
85571,4387.637041844592
103757,10946.76398521462
80192,12710.11933951349
100422,6416.3032437270895
88065,11007.39005108892
83544,9730.504313761581
76851,20102.364501090768
90464,6300.346124341108
106501,8426.596172296171
85011,13017.85563786206
102308,8220.940481018913
82241,26811.99036829943
100655,7627.209132153353
86477,9719.374588822875
90830,3088.6552017062972
83274,13847.144984319348
83251,8378.801752448186
82122,15175.220429065099
105600,12745.910090253079
87514,8606.767265135348
82184,19053.73594254379
84829,7790.599330123068
90704,16108.1505138646
86306,8970.387163800977
105655,15870.047210766112
98964,6746.433785009881
87189,12918.150086201505
80116,11193.208568505845
78366,16338.637256120144
103668,5721.586046219393
95799,15984.179992679527
97496,10978.902219743512
107112,10201.861559110472
79698,18026.132330163993
78946,18736.106212294508
82843,8863.362296009316
108537,12554.644528154984
93675,16734.28106034369
93629,13775.43237313807
103134,8995.028091705724
76458,11260.509239571187
79219,13286.867270116813
93401,17158.088507381275
87666,8812.252817306702
97697,12519.620775837238
77945,8477.067788227669
76173,17362.56893578835
94835,14146.567271196604
86700,6301.659608306327
105682,16450.400901077825
88546,14740.345856973267
100486,7744.153194126366
98187,10352.875569352487
81395,12026.17302738759
104408,11463.70818909346
79922,13098.735356571537
102955,9658.736327138919
85515,10595.592278845508
100490,10164.753363971577
91070,19252.798989159714
81321,14864.199835962514
90925,13669.86401376834
91291,17325.159403697675
83986,11425.195040982071
91729,10171.996230930223
95830,14736.70590581905
103720,8768.138180480844
97023,10273.580701792014
84892,7384.963676235023
86618,9892.426226071593
93094,14277.35610782034
102487,8120.158928578178
76952,17633.073047278653
90121,7981.077646541215
89687,18361.14597707589
82663,9867.521693590565
80253,12676.51144561501
96004,10807.04194903469
102267,7479.988696154315
77777,15788.965551994257
85135,11843.338213088933
103806,8513.42067991969
88031,10265.670713327798
84252,9189.052077633167
80246,15271.28202812068
83445,9430.342897106566
107528,8426.596172296171
95161,19604.656575075653
105132,15627.776082882398
107504,12357.370775800295
96720,14252.291626199298
86060,8585.836528187709
76370,12322.860412727927
102092,9276.784797847195
93523,13712.016315612658
87963,8863.362296009316
94183,15128.374351828177
77548,17440.909276690905
91116,17860.538123482296
100013,10151.897871974143
105525,14253.398998158124
104210,11367.926325365299
91137,11461.361669312326
101960,10950.185500755104
80662,19759.722531381918
84914,9785.050774041576
107857,10884.060430911743
94916,14766.353293812717
102858,8823.176693382542
88182,9162.245054290655
85339,8496.768221007573
98692,14051.293992366263
98460,7521.72698941474
101787,7023.908495839573
105924,11976.812795177968
81440,16750.606855947426
107043,11218.69154919925
98747,9209.055269963084
76065,13639.761391000988
103452,8961.347175570998
87162,9951.740902188649
85972,7810.512648197613
95159,17325.159403697675
81106,14171.851237735651
106324,14253.398998158124
86957,7231.22360431783
76900,10167.252173536777
99319,10597.739702902141
105884,14220.087922715456
82889,7200.429829623735
82253,29712.132554853208
80818,8949.84137758016
97074,12417.429708616484
103269,13429.636636689362
78298,12321.37306084561
87216,10208.122161795556
104853,7404.759493709837
96298,13993.045261078596
86803,6585.199982752569
91326,11787.278871679224
90948,14028.576169893156
102795,8995.028091705724
77163,12270.079075327734
93519,21149.032421997857
94980,10615.158284330582
106455,17942.446953148905
88860,7992.6438162243585
76536,17440.909276690905
106556,15320.2959098247
103002,8928.619716960924
104193,8109.872656429295
98247,8285.821812868375
82529,7992.6438162243585
90499,6594.57125484687
89400,11413.149038770502
94595,16067.187730102776
85870,12150.917771113685
88424,13189.908119454925
82715,11331.685398202679
76324,13697.833523461828
102259,4718.10005828675
99192,14753.93220679589
81437,12832.305435993927
97208,9038.598979323235
76420,11882.131455757182
107557,6317.941171707847
104202,13316.157263369074
83400,12632.920463874123
99664,15214.02628385765
87781,9612.775816917696
105706,17906.507166874508
86320,9189.052077633167
81907,19976.111724484388
84881,8218.273049189382
78575,10897.550944871049
101857,8995.028091705724
104378,11329.026197460315
80281,12615.52237174505
88208,13950.589397798945
85864,7248.772896501201
86973,10046.74369056723
101072,4034.805283974108
102664,6107.294823012446
107949,8712.45727193977
88832,7248.772896501201
87046,4381.880972871996
98930,7193.155846564248
98721,14133.217989916146
103249,9015.80764769652
88230,4659.806848550573
103604,6325.093916179856
90645,8590.557292189846
94246,11918.26152940343
93604,15490.592267039907
99287,10352.875569352487
106684,11987.65006127582
89506,13976.379935367522
98726,11688.764016424195
77060,13211.208171324854
107323,13111.494284082637
100559,6940.4481358163275
94511,18636.420949585332
81367,15357.631473963114
107185,11898.75719863044
87243,5751.298158395136
93241,13370.238661296276
90899,16019.741665255728
92791,16734.28106034369
97429,7655.9049151178915
81883,15739.787563623033
82428,8378.801752448186
85224,9216.4675987207
90818,18049.447061046823
107186,11512.865741489362
104489,9782.14946260263
77026,11950.082510860411
103119,7479.988696154315
79360,19937.34308074165
97763,6319.899525661224
81434,13305.3247816657
102270,8220.940481018913
86171,16159.792990882399
102255,6594.958001383706
91018,16268.875802088163
93219,10895.761724655242
107667,13434.713761075503
89301,11665.075215314348
106869,8460.819476424598
101867,8264.177063919738
92922,12244.457280552851
80057,16943.828109910173
93951,15611.564506591003
89450,8291.668875807849
99681,11090.281488370503
85661,11007.39005108892
76072,18673.484931698593
81693,16073.882859298017
77375,9358.188917662828
77649,18673.484931698593
105904,13176.261192930937
81679,14637.328250183764
105555,16977.816941353572
78762,11581.407139067265
78590,12450.368410882531
92784,12434.883010737669
88497,6544.912414423834
108413,11509.268425877928
88994,11088.810980915994
103426,5586.47392900969
104394,14463.815158799407
88703,9995.167838831427
97376,6720.318532724689
97470,10942.360409649002
88681,11939.720901182718
76599,14069.950554334331
104274,9951.844350471274
89590,6242.5012088767835
79749,23355.260644910803
107386,9748.462207246415
94829,16593.61237558662
105123,9373.33246999661
97602,14531.760164389929
93900,16994.526802315733
85986,8286.904411717407
78014,16299.350760060466
90073,13955.173796628413
91815,13669.86401376834
88067,9864.438438327114
79079,19240.11153143935
97590,9896.712760972574
84491,8970.387163800977
81997,10440.730614254278
90875,13082.564957321407
88805,11007.39005108892
84708,10269.669244482775
108010,4766.882164183551
96549,9086.831723982401
79023,6701.515952696107
80493,15874.76132429648
98860,10352.875569352487
99938,8075.801882156311
91154,18128.895702723763
102202,8828.687165785275
76479,13014.805051449686
102548,10799.950074432025
107979,9782.14946260263
80905,15739.787563623033
82630,9101.794968636646
81130,13154.328110937713
105382,10795.744386426075
101905,11516.784115749242
103353,5742.014650199383
88275,11235.346775552263
88052,11007.39005108892
85537,13875.768632302323
82742,4271.685280792887
105960,14103.942006325477
95151,19064.983153130004
102555,9184.60017861272
87742,7888.19662782758
107219,13838.491820618856
106170,8426.596172296171
103341,5960.77421571195
98947,12012.005772353083
90933,12823.921520779826
107651,6045.030442259675
107937,8680.980868679439
92742,17865.57412178674
91138,12729.98821482188
100134,7511.105392870348
83718,10208.122161795556
86977,10976.665108827672
102165,8768.138180480844
91372,13370.238661296276
95812,15123.647430760222
98911,24839.570629552094
86966,7083.683054914748
107280,8722.934674274922
89020,9142.112905065916
85167,10892.785577887082
100394,7476.349634538707
93450,13404.848483628111
86838,7707.28444656348
107563,12554.644528154984
99692,14201.696217355433
103946,8161.930795150397
89586,7694.100178880622
90733,8461.659437661567
91071,14234.845747633111
89142,8184.721489970442
79359,12575.244513190652
94435,17158.088507381275
86980,8940.430175947058
92661,19669.7810472281
84734,11007.39005108892
92829,13499.884317424207
78925,16958.82727060126
88863,9189.052077633167
100507,10155.070967219604
97469,11849.806569931838
106358,8775.780287810288
94446,13428.069430037373
100068,6940.4481358163275
80005,15357.631473963114
106548,8680.980868679439
85323,9814.448966301481
92629,25095.235484511653
78057,11407.236807539442
99591,10120.364174467908
85307,12220.762178586878
92660,16994.526802315733
89525,7167.541430899345
90953,16336.837540667595
103312,7413.288171182548
107912,13594.095569744868
93292,13913.644989222254
81638,20457.679470345178
105433,10393.438410758105
94804,18260.93949436923
85666,11007.39005108892
87338,9151.014332579907
98818,13754.52343152178
91960,17470.047125652633
95612,16268.875802088163
93399,12434.883010737669
86492,9304.61082349528
106169,9154.18558075037
106699,9637.531680569102
102175,13996.105415834356
83555,8414.651964312807
80941,13719.085857305608
91366,12032.949442170167
98045,12965.447598126166
86988,12843.10155224377
89139,11072.760814645324
106277,9608.941929784873
76317,10291.056892940218
101300,9501.871090152039
93086,10326.648954317012
76936,14077.388448437921
80711,12284.36652837763
106659,9348.592818652864
78296,9388.087835855626
97527,4717.194641007083
104494,15870.814871005456
77982,19391.01708864312
86456,8970.387163800977
85161,11007.39005108892
100583,9597.896939824725
93063,13423.31831878967
85331,11574.707569488199
101731,10950.185500755104
97389,19331.103796752268
79902,13799.705222574754
89643,8183.19740296415
93175,13143.92788569455
98389,3407.247256104353
91334,11724.258560638944
98514,9755.924452688356
95382,14357.218764338651
77018,10167.252173536777
76437,18918.767478377977
98250,11060.595122791496
77104,14716.935573157736
103059,7789.869547607239
83308,9785.47985529917
95106,14035.454034983464
88684,13983.847406934035
100870,9778.449906153888
103498,11548.363788616194
105342,17549.258467112693
81398,13018.023911782711
91833,17057.181732985977
95311,13582.96810262826
77369,18120.328225174013
86011,7846.643538478685
84952,8971.00896541581
94056,14532.921578443278
104796,11355.727893243367
101571,10053.333617159124
77188,13136.73140376597
94304,13547.596508139044
106008,11134.752313312929
79849,12923.359822500564
106099,17829.622582293603
105086,11101.650578859393
85658,7231.22360431783
102040,8852.387965570784
84343,8812.252817306702
104882,5011.130062298111
88582,9730.504313761581
90328,15495.090092670072
90536,9305.891524638162
90805,8961.627502389754
106058,17983.53653220086
78871,17479.013486582422
95489,16019.741665255728
76637,13329.07494709486
87818,6513.866608017691
84478,12655.421666071235
108394,13015.306518179766
91676,17500.254593533857
104964,2186.343508135303
78506,21099.981426458868
92557,15783.105776094282
90715,13059.819291402011
101721,8538.009219391733
80715,15953.150830841036
81705,13552.130263978039
94219,20386.155296657053
85893,10892.785577887082
80550,11033.24458713876
86662,9788.293706036584
85271,13727.328849257103
107075,14803.408809227478
100992,10534.014851958971
97396,6785.263059029057
103943,7482.326736974034
78916,11758.216256999707
94516,12270.360218005759
105411,8088.461813964372
78377,14486.424542986342
103977,10323.245906675595
106716,10929.973921540124
88465,11482.360452963227
77421,10773.895519135274
88866,9101.794968636646
97787,14017.677564843158
85063,9818.85815855411
92555,13166.073433345327
83695,8298.79921063288
81797,10837.028995171839
104241,16733.155064914357
94730,16177.330832339387
105191,12052.436268857135
84112,8674.560104119899
90379,10695.74573418596
88992,9307.519115278817
77423,12708.53519007827
85126,7740.261793604098
78691,18427.803589778054
80320,15984.568211402295
96309,7675.905877602376
92577,11492.563763024948
78891,12165.078551414783
86056,11007.39005108892
82129,10755.131482503803
102436,8315.72757899448
101469,6308.4889984657
95885,16862.697495236564
92879,14688.523686731622
81484,6176.606694488768
95550,18517.202750914024
102726,8341.868424260058
95252,16268.875802088163
90695,9249.513255802978
95863,15061.150966493622
108338,14164.324349343355
105327,15621.764081728414
91616,12499.459982160866
83077,8142.534815049318
105582,12732.154291175844
84382,8378.801752448186
99666,9977.821406355615
84818,11220.328204366759
78498,26585.77028081655
78378,22156.93274937068
82799,6577.018074125064
81429,6119.0107474035385
107572,13182.000070556092
91279,16006.798814764772
100475,7167.580121347789
86325,9151.014332579907
76825,17602.53949624516
107657,10673.168141126593
82346,8643.744686324366
86687,7846.643538478685
103471,9470.800648463044
78209,14828.094203963647
95328,10882.941384894624
100363,8971.590365199721
87672,8400.950869465438
98994,8292.931767561455
83549,9676.032485152797
96370,10717.046438182255
87842,11072.760814645324
86297,10841.253223482843
96716,13570.091915357056
97492,13846.685970541366
92786,11492.563763024948
78254,12155.211494718058
79291,13903.199132382364
96050,13389.663358507318
82240,13533.773779770405
107938,9076.674243507978
85258,9430.342897106566
92512,13939.540276478105
79919,17102.453175181596
101410,6306.517703699551
88700,12740.539006899522
91847,21093.458525467733
101835,8108.9904787508585
99878,9470.409772900412
96318,7869.535079083653
96245,11120.899679631231
96194,13592.87040011887
97973,7802.698137718838
76985,15969.791145221207
100002,10950.185500755104
91364,14643.658984135796
106980,7510.645785675357
76285,12884.259267453144
101396,10517.577706755146
83368,7902.471294370356
92820,12434.883010737669
92264,11543.376853726384
84052,7309.646584551336
83928,8286.904411717407
105324,14444.023962729127
98502,5373.503067120568
94457,12587.363677895935
79073,13835.994108183584
92738,11789.307911284295
91008,14450.390529896184
76447,16523.801155130364
81627,13371.06967856988
97016,8506.076457184194
83182,8798.160818681583
95791,17742.81235856315
87449,16573.769753446137
90013,14827.977558621751
107223,12442.874132335082
96785,12841.270039064893
81473,15038.4214633125
85403,10864.028483954668
106473,9339.539654189928
81568,14326.202979658396
76748,11443.586369162109
77020,13844.006216513708
93210,16994.526802315733
103955,7770.930804896709
86509,11543.22110797527
78291,15078.308622803905
88895,9010.250642296862
98026,8073.520790655384
108410,15343.610624704379
88039,6944.992374911186
91193,20597.950470877862
88087,3873.483703629376
88708,11007.39005108892
98485,8639.31730600617
89847,12173.945819526838
81318,23927.7845955097
103971,9281.197046912699
85649,8851.969527440895
96137,10184.88510927431
81112,14722.096294650279
87825,12606.519072427398
103890,10295.23668873397
92845,20344.774341973844
95649,16268.875802088163
79000,9062.817229058079
91668,8930.831458912018
94544,16371.967373249523
107024,14378.934679382559
79725,12745.976196085227
107343,14803.408809227478
107612,11987.65006127582
76647,10309.958869874872
100922,6325.093916179856
88583,9378.57629552081
90425,11249.20389266016
86258,7707.28444656348
81973,12096.547192238784
85370,11736.497883020265
107854,9606.521660346829
78195,11085.21017546036
82124,18415.96316312614
79050,11896.082142216657
78880,19520.768856874583
88596,10864.028483954668
89033,9719.374588822875
78792,7256.9292454813685
98664,14758.649002338148
78544,9259.765987245595
89184,9612.775816917696
83109,8940.430175947058
101759,10629.355705194408
87164,11939.720901182718
104156,10019.257056234335
107607,16205.686132053484
99705,6932.263837229764
79398,11745.790350581261
98401,7504.032768552335
91911,16972.96752461706
88175,10140.48362317101
77275,14500.79349722328
88946,10025.306415598076
98293,7705.041863890281
95991,14430.536746157064
82196,10349.79497102805
78514,22672.309898772663
102853,10320.020267970904
93984,15739.405289539125
104689,17184.17948880017
98534,8482.527532405302
98744,11090.281488370503
100456,7221.344334936594
83468,8694.136054951525
104432,14413.24897786609
86752,13567.283592974298
89762,6849.296153650295
82788,13567.283592974298
105604,10443.901722202725
105490,10634.421354712576
79447,11683.6651242327
107405,15031.896349208866
102782,10319.48786595503
82786,8286.904411717407
100557,11457.949829089132
77711,15088.83737658707
104935,7077.550393023244
90750,8644.291689758667
94396,16620.94281610334
99628,12056.51301699552
87360,9221.846086693522
103238,8539.282087437248
84883,8940.430175947058
91450,16994.526802315733
96221,7324.322199417779
82400,15411.221648982002
91940,9276.988831598735
101320,8264.177063919738
88653,8153.014621535623
79446,7022.747957873451
92672,20072.85601973091
85552,10864.028483954668
89858,10707.624318738584
96610,10020.97780299181
90447,6849.296153650295
90357,10216.300678338455
83266,9976.609102368819
106259,17676.26833934676
84489,10131.768150764248
87875,10187.95756355616
78430,18353.80831746403
77249,12501.142326328547
84094,10900.033316740142
102218,9735.929940482754
97151,12869.073528254668
102064,7762.559920589275
97655,11286.394239248977
97387,9083.992382299184
97118,10584.717393814757
101804,8963.94042498598
81888,15192.090473716982
77455,16624.19916133991
99638,10349.640673353095
76845,10584.422868202417
85493,7463.8564495408245
99781,5872.755720752105
79322,16559.655194822604
96766,14051.635169642012
80513,25059.032618447814
83907,14212.865046653415
93217,14440.828124377376
77426,9259.765987245595
105044,9160.77726225679
86573,9720.619053362767
95251,15170.229492040704
86098,5495.957576631274
93674,14144.069298416958
104392,8712.45727193977
82340,16232.516582811291
85899,13727.328849257103
85579,6195.079933413149
86725,9101.794968636646
104810,18739.239429726556
94570,12090.342655877706
89607,8323.793685781902
108478,12274.710753382318
91464,16971.715013432105
77613,14716.935573157736
83067,6417.232687644551
104585,15616.883009255731
94473,14029.901001193366
98756,9351.862668237327
81199,14724.200477853705
83741,10892.785577887082
84972,9307.519115278817
87486,10405.599868311378
92290,15963.716732662055
97049,6818.910961702876
81960,16107.30049662632
85765,11769.828236400774
81319,13962.707426835828
84335,8888.647976206712
98897,6932.263837229764
83649,8970.387163800977
89567,3958.5943836901374
101958,9239.14995510431
108211,12290.533133318746
88326,10208.122161795556
106424,13545.650530657407
90848,8116.9747939018425
104944,15591.843051058926
81300,23542.376826899545
76804,50116.85473780039
93569,13389.70351563955
76839,12587.586750836905
92611,17594.593731886285
76006,15174.582468902825
86953,9860.646274613247
107767,12714.445961897341
87949,9098.950951936804
95782,17145.231787491237
94414,18260.93949436923
98483,15545.258975950885
95988,11135.899422949875
98640,8308.344647199772
102899,5248.880947795406
79367,25667.42004165035
88430,11253.818223338738
79428,14029.320188381853
76247,17440.909276690905
90955,13943.897127362281
100711,5189.834362443479
83720,13988.218105169653
93618,14350.081668139681
94754,11657.099883099934
78740,14660.631589537526
106522,14647.922280867368
90165,7694.100178880622
99615,5901.200622670653
88112,8660.61316586105
90759,14810.427042824098
91835,11002.444091819092
91563,20091.946309694107
92736,19115.024815182445
96939,14404.324711741181
100301,7472.019049094889
80143,14039.135621241108
108141,8426.596172296171
99743,7007.740893644725
98627,13401.993590991422
86233,8547.518121259094
104568,13045.50233270752
96489,8142.068974379094
79018,11177.040336321013
92173,15813.910834053966
81198,10661.367266777286
102450,10297.419090097
105038,11337.883113339509
93284,14361.73922604949
85848,10830.204995798093
89587,9302.983741368218
91457,9092.422848847324
88804,7200.429829623735
97228,9405.936194167589
105841,17452.17686967188
107331,13150.886173260822
81008,12422.330582874209
81853,14627.909687561767
103283,8995.028091705724
79036,13242.726701583766
90376,11506.240425861966
97271,6637.73677861691
82967,9357.18674175974
83663,7814.040009885382
81640,13167.007981514842
99076,15542.22288108018
107790,12663.453384604856
96460,7495.667134046358
88286,11567.900512915536
86545,10025.306415598076
97634,9953.554155983924
94452,11387.055477789223
94409,14639.083504312524
104877,8732.790098880574
102952,9671.167313156202
91502,12454.878795726596
105695,6742.63337640849
78608,10295.504733107682
77384,20645.383079454266
82188,15381.691497051515
81054,12096.547192238784
92709,14289.06551275571
98260,8688.750993193687
78996,14081.78838114805
103868,6890.983241160934
81809,19053.73594254379
84251,8701.225630213647
103762,6940.4481358163275
101479,9623.470636175382
90533,8032.990650659484
84636,7597.319667437456
103208,6370.013038274844
90274,7921.358414544485
87517,10637.575417701431
79671,18360.30434800352
81486,18428.259569950293
89338,12910.699115306927
76912,10248.032221791935
89675,8295.818818078134
101294,8161.930795150397
98316,8424.766007031974
82457,10864.028483954668
78558,12900.427789064024
107933,9086.586688018271
87555,11808.222157432947
80873,11372.339849233838
94717,15317.142112022486
78922,13471.096075437636
87376,8284.314994001783
79203,15777.834777251488
83801,10618.122342398854
80314,13600.421107644359
96011,7675.905877602376
106585,14355.69234768031
94122,15300.485344426083
101723,10185.121501980664
95561,14567.956218623336
82751,10539.91572982607
107424,16047.477141763877
108316,15441.159836084325
79229,7257.996955104879
104835,5095.958507812482
106289,9782.14946260263
89876,9727.784094999924
96917,8659.276353777668
85982,16047.054963279124
105023,13243.617782651165
76749,18368.555451388464
76453,18058.43011551134
98954,8424.766007031974
101783,9694.703106271116
96734,6559.798670784019
76884,15314.236569607248
84277,10128.933001251711
104756,9076.674243507978
89268,12550.348844652075
78955,14716.935573157736
99279,4580.160524426376
77361,17639.321630661652
97823,12836.450477559896
84313,8970.387163800977
80520,15062.204320099352
105472,14433.893006923789
77671,7618.148109759061
93098,8645.779368403073
86559,11611.063970961815
86582,9452.745771200576
79414,10119.360093122474
97179,10014.601423977656
94617,16590.902748037493
85780,6195.079933413149
90904,17171.97234973415
103178,7777.453781035342
105752,10551.777774167187
82636,5233.041223411105
81069,12515.426248239897
76784,5413.965259100716
105061,24326.203067782
100732,8099.4579801501
106562,10780.503334204303
102833,8099.4579801501
79029,11335.285075395339
91944,19537.914362102234
99849,6446.0938593137325
85213,12150.917771113685
92653,12401.38747364713
90824,7739.859023077838
102752,10950.185500755104
106732,13275.371269945905
77076,8493.244770513813
101825,11471.196322196893
78920,17153.89581134478
107404,12052.131894267215
80053,8641.043779807373
108062,8460.819476424598
88256,10864.028483954668
93809,16994.526802315733
97342,11104.23141770589
101308,5721.586046219393
94366,14766.353293812717
88228,9043.312075509144
91471,16545.051703852994
92294,11498.861586012777
92018,16268.875802088163
77448,21836.34691855666
91091,10499.086602593781
90892,8577.876606798653
93754,16795.976580981536
103644,8377.459064583243
101170,4351.176859728858
87238,12192.652536611628
103651,11472.053198429705
108015,14188.504523024818
96704,8427.006622712286
87938,9612.775816917696
82456,10025.306415598076
94735,17032.59224272876
79831,13972.235170385882
99435,12238.213240898995
77407,15151.980378091059
105163,10054.017857741348
90450,15112.773885012288
101144,3355.9409572336963
85101,8970.387163800977
102152,8995.028091705724
96445,17293.19042645293
93062,25350.475523689962
100172,8164.607714693553
91519,13028.901381940484
77563,45927.111055081405
106245,12580.536334948712
78606,17468.285230552345
94171,13253.144506566496
82263,8930.38413679093
104528,7091.639191751503
90918,16975.054330271512
85512,8017.766425946434
88317,8970.387163800977
77807,9271.984618612116
96992,10070.214093743634
93802,16590.902748037493
108022,16419.738625592505
97029,10067.651427849773
92027,17645.643811325765
88331,10025.306415598076
81387,10547.363808570266
78465,7031.330108194653
104119,11101.100837658963
86438,8521.700016207125
78315,10247.211951383064
102212,10625.968894464777
83625,11246.47182600654
99983,6416.168302617242
93838,13143.92788569455
86485,9788.538433558328
99164,12238.213240898995
100640,11457.949829089132
91693,17768.36724500285
90195,7186.987948126593
85076,8284.314994001783
83090,8442.352788642742
84161,9719.374588822875
85985,11220.328204366759
84759,8689.020577731393
105838,7458.616678564398
94748,14717.192503007249
108188,12217.175648297549
94465,13662.037793431762
81856,10305.027568305613
102715,9270.753009540524
106448,13032.0570296683
103923,5586.47392900969
79482,17476.570702351284
86062,8575.498514785802
95217,14541.2997646399
95712,21910.185239391154
98498,6932.263837229764
79175,10202.087548566313
82244,12660.56424896403
91792,18097.144756563433
81626,11744.96975217928
83185,11235.346775552263
83134,10459.995632452208
97667,8358.625908379898
90780,12695.137446819417
79383,16404.012015211454
78440,18962.83733740129
93657,15231.794775448601
98771,15896.486416701213
103569,10944.134959048064
84696,15788.186501885535
104235,13609.964798045788
89916,10429.119291942276
108238,8793.185885971388
97737,14432.674712227776
95184,20229.22595011816
77985,15946.631290562995
100680,10544.405453338217
105919,17501.724623709284
102177,8736.955990246475
99133,7504.032768552335
85097,8303.689196794052
102464,6958.18720195653
83036,6978.409757297407
82142,13883.279933002526
92118,9025.188006532815
79734,12075.568469043561
107861,13057.783081022735
98253,9351.526165809319
103183,8099.4579801501
98112,9405.373027993219
82339,13146.532084228202
84875,10539.91572982607
99774,15545.258975950885
101808,5237.926508955432
88731,8970.387163800977
84055,6544.912414423834
87777,8759.772255409029
93362,12729.98821482188
96195,6224.738685283809
87650,8488.910397073834
105329,7002.034519750524
84167,8989.112238172584
79667,14018.911983621218
85111,11007.39005108892
79561,12822.442930713423
81753,16209.982794422378
99584,10221.137157747884
107389,6434.967537473449
77634,24010.649565462445
97353,8250.263569072571
88362,7055.79834248176
78923,17008.228127778806
78687,15615.787124723318
79611,9169.354162652644
97264,6486.13671756076
104372,7157.351217863152
88340,7099.590950319276
81409,10499.025693052095
102716,8315.72757899448
100489,7501.4505891355
86616,8378.801752448186
96450,7675.905877602376
103898,4612.079731200217
78965,10556.798027797517
77910,11540.158931565007
85534,9210.925486625552
81814,13600.421107644359
88537,9814.448966301481
97930,6375.391616156301
98346,8285.821812868375
96397,12550.287329609502
106812,19234.863789921386
88599,10916.247790200401
102760,9629.231596658106
94884,16994.526802315733
77319,18968.764124299945
77255,9837.652192278652
79483,12847.700220326024
93869,12330.567787883194
78283,17440.909276690905
79491,12876.487819725255
79679,11993.367420039825
104817,8184.257563946341
81355,21372.949868859385
102513,12545.686498076895
102311,7545.161491092144
94639,18420.95695506252
92057,16613.275842571406
108057,8710.275749029162
78415,15995.532751125957
91755,14540.226686522852
94507,12458.771643885158
77368,16538.2773027907
88838,11258.445585931395
86482,10025.306415598076
103032,8779.423067605447
101482,8484.763652453054
95744,14289.06551275571
76424,5412.7096964282755
98537,10363.741597456377
100039,8768.138180480844
76025,14205.31851013137
82426,7192.69531359336
88387,8378.801752448186
100785,8368.561038855049
84030,8286.904411717407
107046,8775.780287810288
80159,8705.708526877617
81743,18645.83592983893
85348,8970.387163800977
79901,15880.067911266218
108373,13260.752941266583
79436,11003.573436202592
83626,10046.74369056723
84211,8970.387163800977
107879,9160.77726225679
107245,12188.514506268844
102868,8995.028091705724
98034,10597.739702902141
101634,8964.148186826067
78902,13733.188095311967
104908,14971.87638566227
108265,8460.819476424598
89613,11850.401366442351
100852,6781.758840894731
101045,10234.455815337276
98194,9351.862668237327
87876,8674.560104119899
88436,8442.352788642742
103563,11078.595375416138
92679,13374.962202080864
97639,11695.560371753576
101310,8098.25335356567
107398,14444.24016413407
98740,6446.0938593137325
103081,2992.767591116971
93701,22852.33650097805
88341,8640.909586232727
91276,14481.717830532118
78877,12211.131335843475
100579,4039.2305903199863
76474,14321.067584185403
100963,8768.138180480844
98672,5373.503067120568
94737,14517.192154068513
106382,8088.461813964372
90771,12559.201528751566
82118,14804.69025551456
104839,16210.751223750334
88881,6536.780554261872
91400,19601.575308282696
89615,5822.796367754758
95916,19390.93707468963
99952,7703.861197765975
95605,14693.026934772186
108251,10443.901722202725
88507,8660.61316586105
97142,13328.12220300753
97129,9546.86231096297
106320,6214.988606118684
104569,5251.307010838126
86018,11680.511684726083
98054,7749.56534522586
85925,11007.39005108892
82859,8674.560104119899
107329,13723.69556445677
90943,16734.28106034369
83393,7055.79834248176
108091,9091.34747990781
81571,13808.43560132188
102704,7430.015351339988
89511,7346.152897767581
86361,10864.028483954668
86449,9497.283846914877
91048,16994.526802315733
88932,9021.847100723777
97096,9035.774707157856
92493,18054.447888621442
106005,18158.328892123
92101,14766.353293812717
85618,10195.690382056138
92275,11032.377871193356
104354,7320.133238584924
100165,6882.648658909758
102137,9181.73029080397
92251,11265.730852937775
102299,9243.055034688956
93358,16556.962617915466
91807,22111.59971131123
108402,9939.10757458187
77155,15944.124710018225
79195,16018.273368444734
96974,8427.006622712286
105848,8426.596172296171
105425,9076.674243507978
103620,10245.84687945897
79238,18353.683952377345
82292,14622.472395607063
84451,4998.771832056817
93942,8386.602267499897
104577,9076.674243507978
105690,15168.560763388125
93421,9915.513775262709
94411,14633.246129183011
103746,5237.926508955432
104927,11511.451545867676
105798,9073.838075360385
88601,8940.430175947058
87898,7992.6438162243585
87580,9430.342897106566
106294,17725.0471320792
83194,9307.519115278817
76073,13382.834896608289
98161,7504.032768552335
99152,7818.16222969817
78180,10248.032221791935
102662,7167.580121347789
98915,12912.773993043349
103302,9463.200365797553
107764,9749.567806550052
79227,14520.273003160142
96799,9066.625633449145
106081,12704.1886735994
107508,16188.78171445375
97995,10352.875569352487
97586,14508.609360445002
87104,15457.724086876053
92790,21364.476957766583
101900,10072.617842764163
107104,11238.069383429924
93384,16009.50557398123
100649,6995.328784556929
94525,17120.597489097
103004,9826.037506824949
81477,27580.0887870097
94774,15412.592145165483
86403,10864.028483954668
95958,8472.900977021274
85977,12311.584604344236
106000,14658.366048477645
80189,19532.12371450601
105330,14940.271320913782
98119,10068.43110724915
108242,11976.812795177968
86122,8851.439074840217
90847,11789.847259698
78649,12975.187693554142
78043,18463.379911967117
83454,11438.014517047834
98842,8264.231811005991
80378,17736.252802051822
100525,7274.238507073672
101979,8491.00533703265
93192,19784.271014800728
96062,10899.130334693731
96319,7675.905877602376
81121,25269.363306570984
96527,10803.18991357329
76762,26933.94376419478
89658,8939.122804193199
97136,9086.831723982401
91941,16268.875802088163
107113,8712.45727193977
86846,8442.352788642742
102674,10362.162469613446
85905,12150.917771113685
78034,9271.984618612116
96919,6785.263059029057
81474,15874.76132429648
92121,11149.628709541515
108308,16419.738625592505
105113,12296.187982811321
77939,19197.63697342138
76253,16216.867301349144
86272,9392.41665883149
103786,8995.028091705724
77663,15218.312898902162
90143,10079.562202936093
83487,11013.577261208593
99629,6930.097654402915
78016,22659.69463899565
97062,12001.747605699058
87499,11701.839457623819
104580,5011.130062298111
92086,14389.416490270987
81704,14767.489359582445
85458,12841.695725992011
94697,16725.87372033563
95730,16882.775287953857
95533,17019.441740039292
76852,10836.87072752316
83813,11939.720901182718
91465,15054.792382403817
98380,8669.908455663834
86923,11438.014517047834
81159,18270.54095197026
99462,8285.821812868375
86553,7707.28444656348
96547,9297.659931314627
77542,8934.066697090497
91704,15772.942810456405
103567,11331.93580043864
98508,8639.31730600617
94989,11039.572090945123
96305,10570.574662111947
103772,11103.81207541071
89923,9223.543367563647
84616,10538.78072941249
99970,8117.621607711962
100286,7008.252259164229
95785,12615.687418742353
77239,8751.672786369372
103828,8845.298426133138
86204,12550.348844652075
96855,9439.24823673914
90132,7318.767079303808
83949,5581.137361386933
97042,8309.001108441666
81439,6414.447699831998
78200,11890.528053219698
96583,11830.916703742578
77935,11953.817594535214
91759,12244.457280552851
104912,12770.870616034203
95613,10796.266448371616
105447,8426.596172296171
89828,9249.513255802978
97297,16073.243655860895
107599,13411.99161446661
103109,6288.038900317981
76094,10790.219549879805
104324,12138.786942824718
82877,10783.108877682092
88953,11434.440587454967
106644,13264.897650071403
100086,9091.003602772835
103949,9253.070952392256
87447,9785.47985529917
103384,9181.73029080397
108506,13566.291857911989
82045,12237.194105358894
86346,13189.908119454925
92643,18605.267450252817
106532,9062.7819763605
100209,10950.185500755104
78371,13684.713684569268
79815,13878.66501788706
99946,6940.4481358163275
85965,8378.801752448186
79558,14627.909687561767
108318,12269.161341088462
100907,6093.135372786083
85301,9221.846086693522
86214,5012.480522687931
76307,11512.932069164583
89487,7921.358414544485
90272,13589.259910816503
92470,15534.41898734927
89056,11157.207850681107
108376,9373.33246999661
90393,13497.054162782677
90202,7167.541430899345
95164,12063.318720777745
80501,14120.640877091204
80614,16717.397509996576
86354,10053.33748003975
103851,7503.080505396912
91517,6490.385364786406
80179,15708.878307363664
97710,10485.809002737928
94083,17011.706509331707
83733,7981.977441119947
105032,11598.097454563782
91064,16317.059687609108
94799,16613.275842571406
105548,14093.587241055846
94248,23509.823054232158
91984,17145.231787491237
105390,10246.561482711662
84137,6424.871765531134
84643,7707.28444656348
94173,15772.942810456405
89789,10432.379027473175
99329,6932.263837229764
107125,9585.661183509737
81011,11411.450302756026
92062,23054.287312508415
76630,15181.835421637794
89022,7707.28444656348
91463,17453.444187842877
101563,12545.686498076895
104307,17276.819491683353
95572,14804.593065453422
91019,12577.342977402692
76966,12062.613966557734
76916,17712.143599242987
82319,15175.220429065099
93863,14766.353293812717
96798,18414.497078641612
87072,14068.071007240771
92771,12719.00445433146
105915,8088.461813964372
106830,9376.262239424514
88798,11478.322012971998
81750,9303.078261147115
90415,9223.543367563647
91110,16679.34124468275
82187,16282.474610424304
102386,9862.536631739036
103517,6353.77323635742
86270,16804.70484742762
83526,9811.382292727856
83728,11665.075215314348
76878,9352.118600701171
99712,11685.028275364635
92556,11149.628709541515
89879,3954.3378860372795
85276,6844.712669471286
85272,9101.794968636646
82645,9430.342897106566
81445,9845.553597829894
97841,12573.386000914292
97088,12677.473490226375
87735,8286.904411717407
100748,12541.766494819525
94315,20284.663061969026
105218,14652.500523082219
79295,13334.132948453758
85482,9310.461194208201
105112,9282.507138385896
98458,10150.76817440744
98177,9384.378929045743
92392,13886.051734770255
106885,8092.458069015867
94239,16181.100945968079
98355,6930.879331877022
81111,15891.44848347442
101464,10047.155307671777
92070,14856.550288834927
98707,14494.970945251718
91095,14643.658984135796
84486,9947.368998148817
82898,11528.384097145416
108233,8202.365374038818
80001,16381.583415677425
83538,10405.599868311378
88563,8031.88395326863
98871,7802.698137718838
80645,30382.079192953537
82054,12847.700220326024
86397,8505.341044404024
97865,10809.174681532913
81700,19309.2149276119
100417,8341.868424260058
91017,14837.131851806682
95218,15123.647430760222
105519,9160.77726225679
98097,8308.344647199772
89232,8672.258953693206
104997,10150.558515288632
94952,25257.700168314386
87017,10128.933001251711
94876,18260.93949436923
87741,10539.91572982607
82776,9151.014332579907
106221,14084.326667012818
100602,10245.84687945897
105337,9376.262239424514
94476,14322.29639702385
82899,9386.573778424989
79145,19197.63697342138
90481,12190.239779795142
92396,16570.84273280724
94605,14907.847940351468
101668,8195.859856019137
79742,9308.36275152891
84465,10964.204675369081
86828,8971.00896541581
84944,12095.097044935565
93680,16994.526802315733
85778,6354.402255085164
82841,8970.387163800977
96597,17481.248009205225
106852,9416.28172250352
88003,9814.448966301481
90461,7318.767079303808
91184,10110.72135475443
88055,10860.633886739315
99180,8548.006640340636
87766,10325.518904645747
86691,9730.504313761581
107751,19911.681497661746
94882,16469.74175615148
78637,16557.239494973805
100601,8995.028091705724
106271,5286.837805984735
94355,16522.373987571536
103261,8491.00533703265
84449,6370.173655340137
79799,14539.573195312943
78481,10248.032221791935
76569,17893.78172623022
90516,13689.112718980603
91054,18046.162318291943
97435,8427.006622712286
91203,12696.535169677829
86130,5299.460515298323
93768,16336.837540667595
95494,16626.578874960862
94319,20386.155296657053
83638,12258.078155737492
82289,18647.250108381493
107990,11053.461461957417
76261,10167.252173536777
103466,10921.653921255072
91403,15851.367390093192
106025,10527.364314136159
79465,15386.97272384436
102871,12541.766494819525
108446,9345.671694074705
107305,14778.36121609406
80190,15875.10613606351
81649,6893.419386149534
104611,10352.462556786288
79821,17407.948044235818
106756,9635.511124054894
94209,16994.526802315733
81524,15312.44229309626
102947,9501.871090152039
87868,8970.387163800977
95933,13580.07299047584
86850,7687.2017321869425
108381,11548.850761750002
88771,6942.504207427254
83105,10025.306415598076
93264,20293.891846721603
93240,16268.875802088163
94060,18074.95746406148
95003,7675.780548350741
105812,14500.927145309224
76675,16571.81381623397
91421,12426.667288784864
102047,8964.148186826067
76316,14601.02218267402
108385,20206.404909428817
80043,14622.472395607063
80122,10604.833525199962
76885,10196.81421939591
100765,9967.125621754378
90748,7346.152897767581
90799,10858.942605457318
98792,10352.875569352487
90085,6594.57125484687
96967,10991.408530961664
77008,16882.73305004931
100132,11777.425687574243
90720,12903.489255037342
105966,10972.537770397903
75981,11264.588109996765
83312,12095.097044935565
106478,11417.49943305816
107800,12052.436268857135
103769,9298.113475964838
91814,16755.36743363339
92683,16620.94281610334
93319,17768.36724500285
90670,12759.340116323636
105982,11305.548349822242
96565,9769.632447360533
89299,15037.08113710481
87406,8286.904411717407
93260,20531.04034343337
101201,10520.865088282193
85414,10892.785577887082
87273,9391.453784418562
77653,12382.124908760848
94848,17548.751199004586
81983,10007.227953343101
98927,8290.34046669887
105078,10527.364314136159
102825,7948.501866604855
91211,11847.551515607707
83862,7707.28444656348
76624,10436.215014941172
96502,7666.932828246235
93149,21697.670838679325
105761,12704.1886735994
81327,9509.514919275636
76688,12479.76107832426
99302,6930.097654402915
89052,20428.926909422626
106892,12657.798020369488
97157,11454.686833847521
87715,9976.609102368819
104669,13580.756475811224
108522,11490.695557729172
104725,18267.151138660338
86473,9307.519115278817
107402,15168.560763388125
99376,14045.48490913939
105473,9637.531680569102
101761,10520.865088282193
100229,4544.938807791816
104122,5011.130062298111
103433,8945.785548462487
95259,16545.36106575684
76691,10291.056892940218
81526,15210.500914482172
90817,11805.020743989226
106577,16210.751223750334
105900,10745.410871555468
86342,11701.839457623819
100902,9647.987633675408
84715,8447.683982815024
90605,10606.676955461184
80255,10123.333541329035
84484,7814.040009885382
82894,7055.79834248176
86148,8486.25786595206
100981,7630.010194420953
104559,15770.1009024394
96603,7743.417933995234
79461,14005.631808930382
83864,6688.589914703141
99364,10432.233858806241
98182,3431.6400354706884
85145,12692.98513918135
102591,9942.113655812269
91416,18384.279481010504
89032,11225.127138110272
98530,7705.041863890281
98214,9405.373027993219
87931,7904.981287782643
90835,15491.059173773574
82398,16209.982794422378
104749,9262.672438743508
90735,9838.559599077726
105444,13657.158138941659
90324,9550.614728334269
102500,11250.891108533991
106702,7404.759493709837
90727,7346.152897767581
97427,12837.257685652496
99844,8285.821812868375
94541,26968.69350342486
84483,12083.469236646846
100773,9604.14155335777
97910,6687.364256049392
97461,10901.394204926779
104846,6581.412155710834
83951,11480.515030354305
90276,9246.623086984268
85508,9814.448966301481
90153,9112.571451388974
89830,14118.088089464296
89708,12695.137446819417
98504,14945.185184826567
80397,15818.76940732119
76172,18722.47293504767
85446,9367.25746164485
96732,10419.463821239235
90781,7739.859023077838
86208,8159.350682694359
87814,9430.342897106566
90938,21697.670838679325
91231,15139.69132440907
80979,14205.325307515377
85098,11528.384097145416
82160,25261.468002381207
82809,15250.776499385329
86468,11909.797106304552
104758,8710.275749029162
79772,18087.691971938893
94343,14511.390897444784
91304,16649.602573981978
88751,9659.556699574157
108437,24765.600023904266
94059,16994.526802315733
101856,6940.4481358163275
76319,11963.967999739205
77918,17564.710857873182
81976,19242.935033866772
108377,14647.922280867368
95984,16994.526802315733
102208,8964.148186826067
84420,12150.917771113685
103716,10507.160444315445
106428,10040.116091802684
94602,10882.941384894624
101119,6353.77323635742
77387,11260.509239571187
107227,10443.901722202725
86164,9720.619053362767
85096,10208.122161795556
108198,6603.202098416422
86401,8378.801752448186
86386,8674.560104119899
82726,11680.511684726083
91977,17500.254593533857
87805,12862.666796472846
92810,19604.656575075653
92387,18630.59799777713
76117,12554.756958200129
103862,9942.113655812269
86962,11007.39005108892
77023,23880.75675542574
102863,10155.070967219604
85375,9334.010344962046
84363,10564.90047345869
77485,12587.586750836905
99266,9286.587584410052
100253,8995.028091705724
79037,12820.990361288294
92228,19467.74260906775
84144,9892.426226071593
96577,7632.404923139891
81837,11208.486286263518
77791,13736.728189487396
80717,12831.696583247503
88865,10046.74369056723
103611,10950.185500755104
96150,17456.447898963997
98071,17338.538678610315
90964,13541.485650179793
108523,17144.5627795945
89431,10473.45774839717
107595,14652.500523082219
94778,15139.69132440907
91385,13016.527628213082
99288,15681.80052788433
82885,11771.334047438722
100437,9595.226134856097
88938,12730.578882009575
98801,12056.51301699552
107023,7424.360742037534
88675,14222.618779922217
90159,10695.74573418596
85804,10477.735833697625
80088,18239.5041643557
94929,21212.95971276217
100421,8964.148186826067
90603,8760.1339950734
101899,8768.138180480844
83201,11528.384097145416
96023,9083.992382299184
102019,8995.028091705724
106863,14889.289231688257
108263,16013.568977763227
100605,7476.349634538707
100998,7080.34004433565
105544,12839.541719749997
104343,9049.94277077537
89692,6037.129057325315
106309,8460.819476424598
86065,6787.710354737203
86436,8674.560104119899
103991,7479.988696154315
92712,19601.575308282696
89709,12874.534250683813
95415,16725.87372033563
84959,12841.695725992011
89069,11528.384097145416
85580,11007.39005108892
100728,8455.083980491494
80638,18851.4819561801
105713,6603.202098416422
98494,7578.212027124288
94819,16994.526802315733
83800,7170.490426894381
91085,12434.883010737669
102276,8896.086001202822
96111,9956.665262671051
90891,12559.201528751566
80010,8675.231394737893
99501,7705.041863890281
105431,10331.911361202465
82161,10180.133477394436
97426,7691.71589967127
100242,10520.865088282193
102470,10320.020267970904
94769,21473.49801229577
83472,8970.387163800977
81138,17441.5278777642
82719,11007.39005108892
97305,10617.173277471122
77744,9390.199622738877
83536,10075.169409813876
85355,9189.052077633167
84273,10102.049704951804
100061,8768.138180480844
78109,17893.78172623022
86119,11691.145878756077
100274,8120.158928578178
90390,11249.20389266016
93338,17232.26484304755
97460,8557.775401339442
87833,10187.95756355616
107064,14020.375841078609
80942,8008.811254946718
87473,9750.323269660785
105869,10792.371123439867
91776,17312.76725588995
85853,11007.39005108892
94909,14146.398899192893
82407,12330.921511872379
97633,10734.84951254712
80176,14724.200477853705
88572,7076.109048639779
97971,26690.55261375453
88633,11701.839457623819
76234,14369.595535722186
98579,6932.263837229764
90034,11789.847259698
80857,17185.04560638394
85633,9258.158653031522
97760,13227.142540264484
88831,9720.619053362767
101303,6627.073806128709
104373,12052.473418561949
83512,7707.28444656348
102692,9184.60017861272
87092,7992.6438162243585
104305,14374.441908259902
95344,14766.353293812717
76629,17129.759462690494
83699,4099.348815326325
99290,8225.690418062868
93528,21177.49285021614
107251,8793.185885971388
103980,10245.84687945897
94469,19537.914362102234
96448,10419.463821239235
93511,14134.745741037505
101249,11049.141633411376
90543,11787.196988289
94928,14843.037108771981
102623,11314.668169009074
79505,9342.37310202178
90175,13935.254764090716
77417,11959.307593664145
80974,15508.777075481003
78874,11496.964867936875
103376,5721.586046219393
106490,15269.866721510683
103267,6220.1166325113645
92434,18259.821253056398
94016,20151.180484893535
107217,13580.756475811224
100783,6671.214748691858
104306,9782.14946260263
107691,24326.203067782
79101,15582.682026275721
79607,12409.570157280405
96910,10991.408530961664
104648,11592.215678806246
97752,6850.277132835952
91917,15145.264920011568
78307,20315.640481583807
77462,9259.765987245595
92958,19402.445247971562
92148,19999.97354281521
93317,16268.875802088163
77824,15606.16745759352
81043,12847.700220326024
77339,11140.890101286954
95942,15129.281425123241
106865,13264.897650071403
100781,10625.968894464777
82907,6424.871765531134
98541,16778.81397468865
99032,7033.16157460142
94935,14766.353293812717
88567,9892.426226071593
103765,8995.028091705724
82436,8970.387163800977
87940,10162.249024900444
83542,13847.144984319348
80229,21108.559581325942
99988,8368.561038855049
83379,10229.10928346982
100404,9463.200365797553
76340,13697.833523461828
104105,8793.185885971388
107460,14444.023962729127
83058,8378.801752448186
87987,9430.342897106566
105926,6045.030442259675
92263,16590.902748037493
76100,13501.993128084658
98059,7002.077263588211
97622,13337.914066453051
100124,9929.857020505955
85132,11225.127138110272
90849,8321.19274262691
89461,7891.784731135794
104144,17632.296632319147
76429,17407.3003044977
95660,17057.181732985977
93649,15211.091773548416
86295,11007.39005108892
91313,21393.162000053133
77778,18748.440371404748
76003,11697.21577738582
96131,9013.0975122242
80441,13992.010965593017
107065,14715.24910545787
87237,8378.801752448186
79135,20673.85278206726
79471,13554.102167072919
88444,8971.00896541581
80954,10173.56326076203
87030,10656.796522801811
82803,10762.081963676319
92307,12434.883010737669
103846,9281.197046912699
81505,26289.23229023487
96454,8309.001108441666
92723,15984.179992679527
85406,7406.9913068313435
94692,14871.394038570268
96459,8886.739901870265
97045,5775.928577691143
88125,11759.350419375514
107173,13821.587642380495
86708,9017.659430574722
104799,8537.796377267478
99726,7129.557726316531
83300,8414.651964312807
87117,8085.097071047819
100398,8915.419119184202
82731,11438.014517047834
106322,18530.714926132692
83937,8970.387163800977
76509,16795.65816814435
85158,9430.342897106566
90411,13931.37712911856
79751,13181.532906500497
103864,9291.898919151507
85183,8252.035000778844
83429,8442.352788642742
104401,7404.759493709837
102908,8507.521297147678
82107,14119.419499801708
83546,11007.39005108892
101326,7491.38739728547
83489,11570.910655025533
95464,10062.528258118462
95312,15579.8323514114
76958,10248.032221791935
87284,6909.084842704367
93565,19541.677210712736
91521,18351.033535597744
103751,9501.871090152039
102806,8075.801882156311
83404,10892.785577887082
78539,16068.322297751709
106376,7024.5129620961825
84742,13875.768632302323
80991,10377.499934354115
99185,7215.373209233076
81160,15828.806446603747
101309,7750.682270013109
96620,14613.236666601208
85514,8971.00896541581
104504,9782.14946260263
90442,10613.41136338157
78824,11963.967999739205
93907,9691.96347999926
92574,20311.003168254094
87966,8940.430175947058
84013,7941.322132410181
76192,12024.794537740985
101039,9853.091206348225
93377,16268.875802088163
89911,9465.39135096466
82649,7941.322132410181
92244,18260.93949436923
79456,15174.171388087174
84577,8286.904411717407
101829,9467.926116529452
82454,8970.387163800977
90738,7921.358414544485
78614,19098.22936561352
105723,10440.638386597726
92281,6500.7128081912815
83361,7153.531176230074
87484,10025.306415598076
94268,15736.349201213001
102791,6242.9142712054345
80098,20622.36888216946
91058,12244.457280552851
94029,16994.526802315733
88543,9719.374588822875
81670,14053.852056346588
101579,8995.028091705724
78436,12382.124908760848
106875,10443.901722202725
87655,10808.385347541427
91929,18172.594820109756
91251,13028.901381940484
89471,8858.250543851815
97578,7178.794179645891
82672,10618.122342398854
78444,15822.856688637976
100808,10137.719277720953
88869,8967.584203281447
85357,7982.806942646487
89167,9814.448966301481
106862,16661.908482033825
91281,25259.447352310384
87788,10835.721372917336
95287,13465.482372233273
85680,8029.2241134962105
94781,15984.179992679527
84268,9730.504313761581
91867,16862.697495236564
77714,15208.358057860572
103499,8995.028091705724
83996,8627.051426453074
84187,10025.306415598076
94237,15211.091773548416
86917,9788.538433558328
99891,11597.364818579257
100901,8075.801882156311
78556,17557.647500498348
98139,15214.02628385765
83447,11594.127661230408
80732,14601.985549724146
81168,10356.797251978553
101789,5347.5979770927825
96183,12057.120056774213
104888,14587.613904452332
79944,27546.191147940397
84752,8447.683982815024
99274,5956.592811660638
101601,8794.164437738393
100509,11314.668169009074
83579,13732.22105187025
78657,12557.651648149747
97894,5722.262692244017
98305,11229.773786670374
81298,11683.246162832696
98132,8047.919642230777
83681,10072.021278479431
103875,8995.028091705724
96447,14404.324711741181
105060,14020.375841078609
79150,26300.828224018827
105628,14974.216239713767
84027,9430.342897106566
98984,15698.260692275868
103343,8768.138180480844
87304,9534.864844709422
92483,17171.97234973415
78555,12549.742390648056
78697,22082.48528435428
102830,9501.871090152039
105192,13362.906931094203
88749,9430.342897106566
97670,14266.177512675942
89034,7707.28444656348
101691,10185.121501980664
79307,14966.885355428683
92856,12625.06695134922
85540,7888.19662782758
86841,8660.61316586105
78144,14716.935573157736
106175,8559.433615470405
101199,8995.028091705724
106284,11090.697220791697
107920,5381.439695320884
85677,14047.114295645768
80672,16654.41935114188
87751,9101.794968636646
81660,14937.751881588993
104608,12686.17888802989
90356,8580.370234308308
96037,14159.617029305125
85376,8863.362296009316
94596,12447.854213350098
88457,9634.084711230536
92475,11774.654550289824
81195,13808.43560132188
92529,18804.351324509647
96471,9908.357588236033
107840,9842.524665436598
84210,8447.683982815024
103192,10950.185500755104
101468,11055.189833746783
105529,15035.032041743892
97367,8887.634543281463
86100,7907.992790801458
106778,11144.4848289438
81881,17245.419401941483
89597,10159.427792568486
95589,15814.692609433438
78552,26210.90711051128
105240,14208.452819637787
83448,10046.74369056723
83290,8265.311589315172
93867,18804.351324509647
104187,15069.39483874018
90760,12691.080095285952
89599,7346.152897767581
94415,12079.94148273307
105080,6603.202098416422
100371,10212.876943091642
80360,19640.121702747216
101046,7766.944787657602
76264,12234.506922848612
93041,15854.351192960568
104160,11310.750046673667
78058,26243.39421884995
93770,10594.574849944705
101223,6325.093916179856
101983,6940.4481358163275
98730,11064.131247650215
89800,8295.818818078134
88196,10852.150833890068
97641,6319.899525661224
103870,8992.217432538615
84704,6195.079933413149
77526,13397.673817435696
77738,14704.616527372671
90078,3524.4010394868324
94292,15511.413386818756
78838,13607.790211286221
81836,17252.136509350978
80276,17080.83970036956
108312,10519.44442914168
107467,14164.324349343355
79713,16596.942497118114
93468,16795.976580981536
97220,11282.867680886988
98297,8308.344647199772
91141,20352.63824416758
105107,13248.552306587015
89334,10618.122342398854
80077,14347.927700683544
85326,10916.032871045152
88677,12751.921121418769
86517,10653.51445258438
78770,17153.89581134478
82840,11701.839457623819
84256,8998.411967287566
92318,15760.560820762239
92119,13001.97456373376
94970,19253.471904318067
76714,10598.895190216432
89170,9357.18674175974
90548,10432.379027473175
92194,16994.526802315733
78522,16103.08269919504
83527,11007.39005108892
104239,7714.3155299398795
98128,17142.021331053562
80712,13873.503568235154
80259,11242.678074166703
78469,19520.768856874583
101923,5349.627497227249
103655,8075.801882156311
101481,8511.493886729475
86550,10937.33896208862
90289,8580.370234308308
86255,10025.306415598076
80411,13305.9028764381
97263,9870.16402769895
91086,6556.999069721582
80675,11007.012706457159
77800,16298.559246552935
76613,18667.557278398075
87002,11308.448216143352
104952,10443.901722202725
94790,20229.22595011816
89888,7921.358414544485
106268,19122.96680122369
76926,10726.679458192531
90503,9006.943122866744
89083,11827.674414258814
92741,8782.9546114076
102911,10915.550827302106
84601,7463.8564495408245
84846,8284.314994001783
87884,11258.445585931395
88305,11244.965816117176
85335,10025.306415598076
89396,12479.183573235485
101992,8075.801882156311
90693,12818.469841276641
83262,9497.283846914877
81620,12955.946053026488
88435,10718.795781391356
80013,18271.77208447978
79539,15172.419983995997
85226,12365.906194628957
93522,19951.35390402737
77175,25579.6767047627
104947,9076.674243507978
100869,9597.896939824725
91575,20600.11981563341
105880,20043.541787689832
106564,14054.173361643174
100585,6349.317917540063
107332,9050.195021922984
77295,17702.596316455292
90575,5954.089523054351
102261,7685.08758394225
108080,11682.47345006399
80364,15353.683300519906
92476,10248.420714393429
104078,13264.897650071403
79184,7970.205540267303
107575,9076.674243507978
79281,12685.264261775674
88560,11594.127661230408
84166,11821.948527768931
78054,8978.938176797059
97324,5806.243668250407
85558,10075.169409813876
95710,17566.13393306269
98600,4399.501163537086
89622,11283.44621353782
81838,5283.082836461215
90646,11249.20389266016
88110,6688.589914703141
104085,11090.697220791697
98242,12886.361721247771
106226,9280.365168233664
87500,8863.362296009316
104807,13176.770683516339
100160,8992.217432538615
105379,6347.892651062594
96754,14554.940282203885
84863,10229.10928346982
100130,9573.00623909904
93462,14144.069298416958
91640,9750.995251318602
95922,22852.33650097805
81137,16551.673346477226
78194,10309.958869874872
87308,9430.342897106566
106775,8827.429348773918
86629,9393.7608702345
87659,13686.783405925318
76404,13046.312183797065
87258,10802.185283009743
100560,10105.502179386656
78660,10676.405549160387
76485,14184.691371391407
99545,14549.458814358903
103074,9558.755388536241
77874,14095.463387603093
97514,9013.0975122242
103308,6940.4481358163275
94753,20857.941085843024
80045,14431.79649482932
107089,17988.8653603678
101236,6940.4481358163275
103264,10520.865088282193
94387,11751.14637212174
91926,12090.342655877706
99972,10209.685787331659
98651,6446.0938593137325
94873,16590.902748037493
80722,7585.187397592603
95907,19001.04147272033
87746,11007.39005108892
90574,7924.297167416187
85387,10353.770503368065
84204,8284.314994001783
80453,12529.406242550078
95244,17981.301678558037
79952,11281.490533664892
105770,9782.14946260263
100419,11175.181254500167
84200,8378.801752448186
88059,10180.348825395295
85615,6170.527736065914
90795,7107.851012303379
97219,8309.001108441666
81380,11869.20043331654
78928,12737.071264947486
85613,12550.348844652075
90529,10219.493901456906
89825,9557.487522214797
107431,8460.819476424598
97707,7188.985483285073
76203,12066.384219800015
107808,13542.464936646309
106497,8712.45727193977
101925,6353.77323635742
95434,14736.70590581905
103718,10248.804775343573
103544,6353.77323635742
78735,14143.005049331674
101803,6940.4481358163275
106491,14201.422637167021
85594,8496.768221007573
99930,11368.607843514521
100927,7713.651713942087
76097,14967.497043532043
89406,11007.39005108892
103773,6940.4481358163275
107843,9160.77726225679
83507,11132.304346069646
89693,8128.469322364277
101441,9576.852165863755
91438,10278.98821556452
82189,15028.435718879779
94224,15736.349201213001
105046,10969.109271262998
105441,8732.790098880574
97014,5211.877364088716
89955,8291.668875807849
85532,11438.014517047834
99916,10212.876943091642
103336,9533.966240005875
102567,10950.185500755104
77309,10403.298291188741
95074,16291.993220053577
105279,13068.59852125894
77443,22355.02343085688
100797,10520.865088282193
97954,6499.710226183909
104854,8709.734897319666
77615,7815.79701964005
99982,10245.84687945897
91956,13460.527510696407
79467,15508.777075481003
80293,10319.16536146892
78335,10574.15885597561
96252,14234.084622163458
94301,16590.902748037493
97832,10991.408530961664
103557,10155.070967219604
86997,9189.052077633167
78106,10436.215014941172
107176,10634.421354712576
102079,10245.84687945897
87624,11220.328204366759
108178,9411.844550840991
82226,8275.199339468087
85709,10566.536229411067
78061,23396.102294365017
98092,7705.041863890281
77846,13846.765044063073
91751,14541.2997646399
89344,12866.891970047487
78458,19590.853245886134
90444,11477.878043255296
100411,7167.580121347789
76272,14048.279890097127
83891,10075.683014466862
87391,16154.569778313364
83460,8488.910397073834
98018,5984.619528414228
99334,10352.875569352487
97352,9275.44026146394
85704,12022.24438873962
80151,12735.46525193867
83044,9676.032485152797
98476,7749.56534522586
82495,15228.567639695044
100766,8987.72867283443
87429,9609.772152761147
80457,13881.315182115393
97923,10798.182444670023
84002,7055.79834248176
100461,12446.820371393702
101414,10323.245906675595
86834,10166.071126737963
79455,18421.27135916199
89913,7132.685990696993
88592,8585.836528187709
90339,10379.164567793403
94894,17865.57412178674
76725,14857.349901659813
95859,15760.017222736822
92694,10493.061459822256
85619,11827.674414258814
107634,9395.87135876787
101014,7511.105392870348
91174,16642.94508599504
79521,11975.832880423457
97334,7675.905877602376
80761,10862.424174350606
81867,14734.972664435381
96925,11508.55700943942
89478,7372.197484640663
104606,13011.239789967683
77120,26618.52125155142
94436,12944.700352325086
96562,8309.001108441666
100076,10185.121501980664
100900,7450.0331186106005
87706,9101.794968636646
84868,8142.534815049318
77447,8524.359738951442
99633,11090.281488370503
107182,21477.347526797963
103805,6353.77323635742
79968,13118.207037893779
106861,16148.878113129551
81356,18389.37357005685
90962,18983.025126362067
102794,8779.423067605447
102702,10921.969995947957
101649,8995.028091705724
92766,7617.857600833542
95750,9071.091686871912
102296,10520.865088282193
106629,10443.901722202725
98746,9461.751658461242
95417,16019.741665255728
91178,13143.92788569455
103915,7606.639760121596
94148,15981.076379966386
92159,14540.226686522852
89562,10324.233210142987
84575,7992.6438162243585
98654,7504.032768552335
96212,13308.010010123024
102653,7564.445919236805
88269,10266.46034491398
79684,14558.181453466936
83922,10072.021278479431
91288,21697.670838679325
97422,9197.145387042361
85223,7348.533780664566
101422,10393.668768154337
80295,12046.344048441579
88778,11478.322012971998
102400,5887.528218025828
106858,13327.557612475835
91510,16994.526802315733
79257,14498.305068177195
106694,16014.415426223186
86646,12655.421666071235
100380,10950.185500755104
79631,17219.859815513544
83337,11409.19869142934
92866,12659.383462627517
93764,15739.405289539125
100701,9857.535127662462
85085,10025.306415598076
102731,4062.799397052291
107928,16419.738625592505
95668,13677.845915743344
86229,9656.538419509861
102872,8511.493886729475
95063,16928.147065430214
86474,13649.995346514292
80950,22113.024775998874
84432,8616.53003427582
78964,7921.076609672127
86914,10802.185283009743
97272,14530.897890174443
99757,8493.91702904378
92235,17009.89319537639
87764,9427.841278943417
81233,4587.2546345863675
91506,17481.216993600454
77920,9977.16865431733
104487,16661.080797699982
102823,10950.185500755104
96590,9250.54266409536
101069,8341.868424260058
82549,9010.250642296862
77585,15880.476007560217
98854,26049.420468447177
82501,10265.670713327798
101386,8338.238669490727
86959,7374.121351384087
105135,14342.611642692707
100304,10181.939017946044
76999,15682.758133694892
93936,12114.321432508174
96755,6319.899525661224
102115,9309.780907730259
81953,10377.499934354115
80238,21649.16504435681
84324,8674.560104119899
105850,11104.184600993227
86327,8851.969527440895
87989,6585.199982752569
93530,19909.538735335285
99610,9354.7857276868
102129,8995.028091705724
100985,9597.896939824725
76008,24252.135370699743
77703,14716.935573157736
94691,12090.342655877706
103293,10950.185500755104
84439,10630.244832319138
77444,12111.697454886873
85455,9366.64746214931
93989,21393.162000053133
85336,8970.387163800977
100517,11365.090242204782
108179,17553.777707596273
77395,10066.529758003458
98462,9280.890273262394
84943,9614.34604701768
78028,18673.484931698593
81596,15092.050951912906
95852,20284.663061969026
88816,12862.871611489432
94448,16019.741665255728
86470,9430.342897106566
102503,8492.300008052462
105474,8007.137396902174
88119,8414.651964312807
96141,9769.632447360533
85763,8851.969527440895
105011,7432.751082321218
99747,8073.520790655384
108392,12554.644528154984
90949,12558.055382274182
105446,13780.236491431815
95792,16944.21671693534
94956,14322.29639702385
102277,6732.0796534727415
77366,18503.009429964764
91112,15398.630356853751
76355,16295.804940906055
79142,14838.37642324019
103859,6644.748919760064
82352,11683.6651242327
86826,13567.283592974298
86754,8378.801752448186
104363,9076.674243507978
93154,18633.09113540407
90930,15073.872637455574
107269,11512.865741489362
104109,6405.822220783119
100487,13625.755439881319
106527,11305.548349822242
96225,13791.102978725705
89925,8014.523250505342
76775,17383.74674558978
83082,12866.891970047487
105115,15785.228902499251
103481,8768.138180480844
105642,13176.261192930937
92703,14567.956218623336
90864,7921.358414544485
96072,6767.582525358653
98628,8688.750993193687
102378,9301.019737125922
85185,9088.43683247935
93707,18214.389553530207
98795,11416.29082883086
97577,6856.440944151781
79804,14496.647377185416
95541,11450.720722392181
78568,28602.060800602598
79608,14098.379775408906
103860,8992.217432538615
98449,11259.393543913378
91377,16679.34124468275
103436,5721.586046219393
102582,10056.475908020233
78381,7992.248616263088
90999,12720.625485987837
89764,11727.885582135998
99515,9471.427558482897
89133,6195.079933413149
81859,18554.676647981083
108005,9421.202151581785
103733,9597.896939824725
105155,11630.083860572515
100185,7639.681165587264
102347,10950.185500755104
107943,11621.33583719597
104445,9053.711593359763
90149,14009.350180355272
106593,10527.364314136159
94733,17049.159751050167
91481,15857.108109999592
100201,7501.4505891355
94149,14025.517279831003
101639,3830.8473386245564
81577,18044.604113109435
80120,16404.012015211454
85995,8882.629397252547
85199,9317.884015630962
85909,10757.16082643538
78676,16211.800298785669
91948,17509.288063444554
88041,11132.304346069646
92848,16255.731680897476
87598,7740.261793604098
83613,9130.342317000299
85054,9719.374588822875
96903,11667.23223619641
78725,9505.646269429339
94869,19500.856487008066
89121,7309.646584551336
79858,19177.582588454414
89079,10325.518904645747
77639,22355.02343085688
84498,11438.014517047834
90431,12497.028373127681
80553,10319.16536146892
90257,7189.358414701705
91607,16604.47040300889
82794,9703.300455116145
79243,17286.84680214908
93687,15105.876938449082
91774,16535.379453022342
104622,6063.188983936962
94152,7066.893956792208
107441,13176.261192930937
96359,10991.408530961664
105873,13657.158138941659
82415,10025.306415598076
106807,5928.320201235774
82732,6195.079933413149
105350,11512.865741489362
107206,10972.537770397903
82693,8970.387163800977
101998,8995.028091705724
107032,16087.572351542369
88200,10618.122342398854
105801,9600.745900105698
86649,8970.387163800977
104334,13558.21631131966
101972,7255.291736468224
99530,6375.391616156301
96201,9971.921479987284
105972,10707.397646048279
100425,8220.940481018913
106763,17411.188699470877
90434,6366.239166668812
88690,6556.462606051551
88747,9281.259001915178
92158,12079.94148273307
104298,12959.907284775392
91527,14540.226686522852
91731,13370.238661296276
89575,7239.438562106002
107525,11123.945344058793
80805,14398.54897928298
87001,11007.39005108892
76256,18624.8315186581
106726,10443.901722202725
100912,9081.686685585339
78223,14779.492488561313
78232,20117.642619404513
79424,13446.101773943064
83551,9896.838642672834
98945,5901.200622670653
101673,6107.294823012446
108525,11843.517752400225
92543,20216.64137625054
92373,13457.382184433338
96994,3428.3536398549586
80957,14851.142919459538
104185,11090.697220791697
107318,14945.435613236827
89348,8074.952691520057
108046,15099.904325776894
107385,14171.101413614497
104247,16198.640877804386
79675,14337.894599588593
95374,14540.226686522852
108422,9782.14946260263
76584,16446.44536587258
94645,12330.567787883194
87779,9418.62652256269
76043,14047.603176610852
101605,9385.678588552224
83501,11225.127138110272
95444,15094.297365985423
92724,20250.269311205924
101099,10944.134959048064
105469,7398.163728180925
78289,17440.909276690905
90064,9249.513255802978
93527,11143.45741345091
102951,10234.455815337276
95138,14540.226686522852
90436,13480.865638891404
86900,10229.10928346982
107779,13275.371269945905
98096,7094.505758855379
89305,9892.426226071593
81735,12745.976196085227
91537,12032.949442170167
79302,11547.215231671547
106769,11222.198050531108
105306,10663.250849663005
106670,11053.461461957417
80113,19032.40023078013
87168,12150.917771113685
90710,6786.412002534898
90995,12577.342977402692
96388,10942.360409649002
88029,11666.427318223483
92389,12032.949442170167
102649,10155.070967219604
97530,7300.3734056669955
88501,11007.39005108892
80998,15163.935385088964
89624,7346.152897767581
83063,6994.203350832196
90128,10724.296229901618
104897,7157.000530762236
85490,12244.189903909572
99453,14894.592136520138
107743,9213.7804279937
105662,10706.930884118912
89186,10842.279719297314
93355,14277.35610782034
100497,10203.41140065679
104389,10352.462556786288
104476,10898.437666696713
94822,12052.689362190105
102639,8164.607714693553
86493,8337.39820506089
95602,17769.81329995061
86924,9091.576116211356
81852,9329.077089820847
102319,11548.363788616194
107863,9817.791266536997
82938,10229.10928346982
89666,6594.57125484687
92812,17057.181732985977
97393,7782.488591648247
92386,16994.526802315733
77152,8352.767555139995
107259,14647.922280867368
90094,7694.100178880622
103704,11454.369671040016
107194,14612.59800392573
86326,8031.733807405854
84993,9151.014332579907
83853,5810.678662438195
98484,16405.204305896626
91880,15211.091773548416
89715,6037.129057325315
101393,8373.912546578835
87375,8679.043534583581
81722,12095.612753075062
91249,14846.469478462774
103603,10950.185500755104
96576,7045.0257103203785
77094,11264.588109996765
97706,11691.354468121988
76932,11528.735520837086
86648,13347.734124795186
95671,14843.037108771981
87831,11680.511684726083
82577,9547.480296066184
87475,9052.153719257334
99557,8482.527532405302
82882,3669.9718437862693
97798,7969.544735195189
99009,18640.562436006978
98120,8658.733114581433
86637,8823.352633514045
91310,11009.292998175979
101677,10234.455815337276
105146,8609.399418444404
99727,10352.875569352487
84169,7910.515677290869
91121,14035.454034983464
87151,11277.476871502362
107732,14156.552449448867
77136,17859.394035549565
77148,6004.462745228105
104946,10455.167984180454
88249,8689.020577731393
105127,13627.962088134776
89504,12684.597281650873
81927,19886.85704470755
86452,11701.839457623819
78250,12596.052403837006
85921,13649.995346514292
81378,10663.303451774318
106286,10519.44442914168
82085,11882.594520006678
100957,10245.84687945897
98903,9284.093065598061
93994,16985.315466746022
95727,20406.395309874955
102483,10920.204838823827
85566,15028.641600889629
97406,6415.108568914074
76120,6263.570011372298
101642,8491.00533703265
86245,6424.871765531134
82830,11611.063970961815
85386,10352.26442571667
102072,9647.987633675408
81015,13413.320533461309
76016,20070.86364645069
103157,11472.053198429705
85980,10874.461899767244
107548,13801.428229296265
83411,12681.380653073407
99745,7705.041863890281
103338,7782.064455353992
100366,9228.96093607858
107718,16568.70778747348
91888,14181.111546545142
106559,11902.94856207376
102293,9106.139390275132
88007,10842.279719297314
100545,11110.207945627883
81498,13838.63569710947
81632,27974.569922918286
102626,6983.381821684134
91621,15739.405289539125
88591,4829.173821406567
87743,4536.628863811518
79289,19360.811249652405
79813,15984.568211402295
93561,19909.538735335285
99218,8424.766007031974
83575,13189.098320208854
86909,9221.846086693522
81952,6758.567954347753
82101,19794.478201429094
79912,9616.89080208143
106129,10201.861559110472
103614,9491.307078100184
108271,8426.596172296171
88813,8378.801752448186
105533,17309.744615886073
97693,11363.82019256505
106423,7999.745241016442
88858,9991.548606167606
79568,14390.663302659943
78667,23048.9095831573
106744,14668.654547983679
79183,14501.565854697521
92329,15739.405289539125
93551,26557.67637307466
84807,7076.109048639779
106251,13466.676760546256
86816,9021.847100723777
85547,9641.934759504891
101577,9184.60017861272
103281,7534.103008001505
101919,8708.16854959609
97281,9526.164520960428
85353,13135.774933146224
99143,6930.879331877022
89606,11166.310907536215
108144,11987.65006127582
94628,15073.872637455574
78418,18368.555451388464
90238,14810.427042824098
97412,9431.745142199585
95368,14766.353293812717
80945,18269.392892746633
101657,10455.350626881598
92454,16691.622593343312
79075,9381.808080860026
81257,12147.838577009883
99019,8308.344647199772
91946,9660.193142205911
100356,7511.105392870348
88464,6406.526956995285
82081,12028.01546757306
97199,9965.116819875835
99762,7275.198890937601
101497,6940.4481358163275
83716,10208.122161795556
99067,13060.232853364838
107895,13657.158138941659
84198,5581.137361386933
106770,13997.479714154635
87767,10892.785577887082
102945,8945.785548462487
95956,14532.921578443278
81644,13844.976884495976
86278,7104.5302176691675
79399,10711.631827072546
80474,13189.440765590172
94588,18633.09113540407
108471,10464.886000481969
93417,13203.98802307027
104702,15000.613936712663
84151,6425.771210957965
76589,10637.017058263693
104490,7024.5129620961825
86365,8616.53003427582
90620,5497.278559629974
81071,25269.363306570984
92311,14982.993762428992
103019,6107.294823012446
100231,9597.896939824725
83298,11007.39005108892
97958,14659.90861492722
95436,17408.779944488015
85413,11007.39005108892
104619,12220.538700755744
84835,6844.202572842179
86314,10864.731668320264
91780,21897.228572092703
88338,10125.768072378425
98012,9396.238742630567
91161,14656.35351089324
108156,6434.967537473449
80607,11859.227840303336
105607,14080.14972768388
106586,9076.674243507978
93442,11288.332630236759
101779,8511.493886729475
86324,8967.584203281447
101056,7771.433865352952
89524,7316.4801399753815
96619,5727.220213149723
102914,3147.7532275539006
105085,15955.567584249915
88414,10943.20587489467
94174,10691.70623214858
77296,10343.239361386592
93567,14357.218764338651
90823,9398.626524392464
83440,8378.801752448186
91053,15487.244257550796
87349,10860.633886739315
93853,12434.883010737669
88334,6370.173655340137
97251,11331.637435393772
108429,14630.186569317444
90331,9246.623086984268
86234,8830.739854417989
102632,7545.161491092144
82553,7613.3075553916315
105227,13182.000070556092
76476,9570.825964270756
99277,8482.527532405302
107214,15778.608329470528
101622,8358.392833514581
91446,14574.035465822757
102009,8888.480276390064
87852,9221.846086693522
93868,15856.325802806663
106100,14699.306676315575
84477,10864.028483954668
90371,5767.771144074567
101643,5798.537135128301
92270,20857.941085843024
91036,16734.28106034369
93120,9786.238701562052
96986,9526.71043830643
88712,10265.670713327798
107673,11101.100837658963
94689,24872.64416931924
91664,19911.618381855045
101139,8845.298426133138
100211,10212.343945930363
84843,11701.839457623819
99077,10211.840005524724
86601,8970.387163800977
82207,13936.797762748902
83457,9430.342897106566
78306,20063.894013040375
102397,9198.011463847462
103423,11516.784115749242
105818,7953.570577038744
97146,10453.097759860031
95680,13459.256053715215
102459,6325.093916179856
107092,11531.520412272776
92734,19909.538735335285
95647,18846.088597859038
77576,10765.194825298668
101530,10203.41140065679
87264,6424.871765531134
88978,8940.430175947058
86197,8863.362296009316
107810,14652.500523082219
81681,13899.689220585422
105951,9091.34747990781
103476,9939.007095532379
100268,3686.96642157653
92647,14871.394038570268
80498,13771.949359290596
90634,17028.107120990455
86670,12866.891970047487
108110,5504.47350610487
83881,11827.674414258814
77006,12208.031479657482
83528,11853.426667244004
86178,8184.721489970442
105430,7024.5129620961825
84321,11594.127661230408
90491,10335.499730866808
86339,10842.279719297314
92286,15760.560820762239
101926,12651.549237010888
106776,12459.971237307956
82619,11981.36266736386
79817,11944.12925103284
79626,12895.545561856206
87043,11680.511684726083
106571,11444.55657508771
87059,11691.145878756077
97729,10588.025758574817
100298,8971.590365199721
98256,9470.409772900412
97907,6446.0938593137325
95953,14641.263124471978
91657,19604.656575075653
101343,10544.405453338217
82111,32799.35322914983
108388,11021.096169195167
88818,11088.810980915994
77029,18387.52997169503
104074,14495.544975907043
86201,7707.28444656348
81545,11612.337180544422
87713,11007.39005108892
92371,15128.374351828177
77156,10328.58633728153
76880,15885.439461014192
88282,10128.933001251711
96654,17579.509683452867
97866,16071.912109376908
90293,4851.406482689114
91292,14829.335477865718
77320,11671.38778812698
90383,7689.571486360574
100241,9887.38424902015
107973,8426.596172296171
79074,17429.23863066976
92862,14031.894148513833
96379,10982.33377947832
100683,9694.703106271116
76236,17017.939440946015
99113,11064.131247650215
100305,7950.436941852254
86570,6920.488554393302
93251,10499.086602593781
95890,12198.629577265054
104632,16495.797025598167
84213,14175.009869241052
107818,15955.567584249915
101521,9466.57637529006
83053,10325.518904645747
92890,14736.70590581905
107449,11090.697220791697
84022,8219.341621310867
90915,14225.413601719007
80324,25269.363306570984
81352,13629.706037952312
94642,12335.622970973855
76123,17235.79064175882
79202,16885.28142609393
104174,16243.188134327784
91030,16994.526802315733
107033,12287.319045655724
102759,3540.427948185476
102192,9494.307245613374
101885,8096.927126950489
97716,11331.719496676196
81631,11466.298351700758
81759,15137.095283133964
98702,8424.766007031974
105784,15138.7731915095
81817,15498.349226089991
86529,8957.956738095816
97857,7509.347898043512
82820,12150.917771113685
79072,15326.104498936784
92301,16725.87372033563
80309,10832.886697289126
102835,6353.77323635742
93599,13460.527510696407
90253,5932.630356711941
92875,15760.017222736822
83698,10229.10928346982
104398,23106.052751910756
96860,16068.221526113728
105925,17667.686086941336
97861,6850.277132835952
80226,14623.717962357123
92699,15952.480790914691
85949,9791.889379461769
92215,15553.971434592619
84214,11556.413941919085
106157,9637.531680569102
87047,11680.511684726083
102413,8868.830612324975
97955,9461.751658461242
81441,15818.76940732119
101029,10203.41140065679
91634,14736.70590581905
84859,8960.57770850688
93328,16590.902748037493
97318,7632.404923139891
108048,10352.462556786288
97815,7209.615051132747
101921,7545.161491092144
96260,6876.1163723633645
93491,12513.664970718408
95257,12434.883010737669
83326,18402.217577508163
82475,12115.035648731951
107393,9782.14946260263
94132,15851.367390093192
103233,10950.185500755104
88140,10022.546315209605
88395,8971.00896541581
95094,23784.45913641508
95939,15217.302727514354
108234,14592.793877264643
78788,16877.458008821297
93021,13326.523855561518
98301,17242.921086063077
104221,8426.596172296171
92384,16274.963277471645
76288,16295.804940906055
99805,10933.940054687058
90900,8956.908915834627
77888,18895.57112581665
100126,8099.4579801501
82197,19408.866047795378
90987,11323.029062454969
105383,14374.441908259902
100476,7599.469850952961
104238,8088.461813964372
89211,10075.169409813876
97794,6319.899525661224
105692,18237.310580346377
98699,11211.550489925856
104212,13339.813941395594
107544,8775.780287810288
107748,10091.252034341242
103427,7482.326736974034
84063,7888.19662782758
98384,7753.557242784134
91209,11238.479939025936
101379,8185.996408173598
78090,23915.67457719574
88321,11132.304346069646
78786,13118.91352201191
90751,7346.152897767581
85706,11225.127138110272
100853,8549.72627851152
106131,12591.076963967056
89397,4154.719405548589
76263,5365.091602139124
108441,16715.104173383104
88221,9151.014332579907
92526,14052.925702526445
81169,17438.91369745797
99853,9354.7857276868
105516,8426.596172296171
85227,12573.870351081023
101567,4593.389074006312
84331,11007.39005108892
78187,7383.28535818906
94441,13374.962202080864
100067,7197.408067069974
84660,10730.936810270225
98951,16405.204305896626
93815,10682.188451282656
76848,12737.071264947486
83378,11640.523709949886
79966,12147.838577009883
98219,9851.869285815319
89076,9836.234188788905
86619,9883.221971621982
106225,11511.451545867676
76793,19953.87915653881
88351,9151.014332579907
107927,15800.385087677083
93374,16019.741665255728
84067,10128.933001251711
100355,9718.153939174894
82099,18391.08244658192
96457,10064.31880332279
103061,8931.410499870884
89169,10836.931273081997
97340,6785.263059029057
82912,14432.575304385973
82266,12075.568469043561
78561,26190.96209354236
100839,5740.029409784367
85302,4683.431619958839
99375,9240.173075800036
99881,11585.145537834429
88083,7707.28444656348
86412,7248.772896501201
84852,9007.43522709732
89087,10904.17230107257
77702,26190.96209354236
94308,15128.374351828177
100896,6956.56339423501
88225,9043.312075509144
89796,4938.274673226529
101985,5056.243381598129
77360,14415.077415082505
92220,17594.593731886285
83866,12665.080842342304
103140,5349.627497227249
78348,11363.102670440647
95353,16268.875802088163
81413,11003.573436202592
77106,14433.104287911854
103700,12545.686498076895
88524,8970.387163800977
87461,9814.448966301481
78565,20321.990061391345
82507,9101.794968636646
95578,6939.289178187206
91998,16217.60633045375
98342,5060.942650031172
96413,10968.4280965764
78273,18387.52997169503
105735,11169.049363813008
83640,11611.063970961815
100599,9184.563361352868
108024,18819.549760816084
85550,11478.322012971998
82875,7224.213459051834
93272,7052.827159656647
87870,8660.61316586105
83279,10208.122161795556
105742,11335.945837920563
96152,15761.335267123504
97215,14408.826822166062
76322,27783.802294488964
104938,12580.536334948712
81197,13764.893823828299
94638,11387.055477789223
78474,18368.555451388464
78282,12475.149508786968
83765,10075.169409813876
81798,12980.325661344144
84877,9814.448966301481
107924,4838.836980007747
107870,10153.45249995654
86640,3669.9718437862693
90317,9838.559599077726
90787,10695.74573418596
102045,6958.18720195653
95893,17145.231787491237
104067,9292.57262318376
83702,8753.001329970604
88581,13847.144984319348
76140,14095.463387603093
87782,10892.785577887082
96924,18170.567828180145
81993,17256.93596761026
92440,13389.387728553127
97803,7347.205028055803
90468,6849.296153650295
77617,17774.160067712033
108325,9424.499319647746
78387,15880.476007560217
93953,22132.870372021927
87120,8031.733807405854
103344,8995.028091705724
86899,10706.58079032821
79585,15410.040033937728
86908,8286.904411717407
101362,9103.294016233112
89150,11007.39005108892
92083,13293.15064583318
81913,13008.456334872319
86370,7406.9913068313435
78733,13460.823961400056
92552,15319.612625232689
89154,11352.21295975002
97775,9477.914841085372
94930,23054.287312508415
79476,10137.913986350086
76220,11223.994659341311
98869,11582.395605804453
97474,10393.18809348362
99008,7009.14075056934
107702,16203.625599713987
102495,9647.987633675408
76423,13648.280862279793
76460,9837.652192278652
83918,10025.306415598076
90937,16303.417122258476
98893,7749.56534522586
95015,21058.26526950733
94231,14766.353293812717
107866,11490.695557729172
91935,13282.758607474281
94141,16379.35867322462
84712,8970.387163800977
85125,9788.538433558328
102606,10517.577706755146
82305,12261.662448043724
83086,7192.69531359336
87329,8945.680965855912
100213,8116.049301250674
93661,16219.115466475334
95973,16255.731680897476
103243,6958.18720195653
77036,10461.441779057317
82262,8703.559672461493
103648,8491.00533703265
91920,15426.006572811946
85960,9720.762811655888
92632,18214.389553530207
97381,8615.971729422225
100466,7482.326736974034
77087,10780.936764156622
89734,11249.20389266016
83766,8970.387163800977
91812,25098.423252882094
93927,22059.864946002963
93439,11323.029062454969
98318,9337.253939127064
86863,9612.775816917696
95233,14932.529250293575
78974,12354.70827506776
89793,11173.010775179424
92799,17195.377844020684
91635,16268.875802088163
78414,8068.66848752228
90596,8858.250543851815
80519,18596.75730046926
89515,8479.956876607353
86481,10262.463063033472
92047,11643.769513119847
77635,13639.761391000988
98546,7749.56534522586
93556,10858.93526217049
76764,18489.307105654167
104600,12349.260548419585
107170,15556.367040764957
104809,8999.296832469692
104957,19612.894560861834
100565,10234.455815337276
82733,8970.387163800977
90487,5963.157429596593
104778,4558.29076011292
106916,17586.35587050132
85771,8318.544084816296
99896,8485.019262341026
94796,12326.199936047624
105856,13327.557612475835
85845,11481.30191988416
102590,8995.028091705724
95913,19604.656575075653
104395,11168.1402437331
96422,10991.408530961664
101279,9718.153939174894
98041,5901.200622670653
90702,8204.215075991362
104988,11090.697220791697
99996,11431.069663178512
103713,7472.019049094889
79170,20173.533173692285
80452,9616.89080208143
105657,15612.803787276995
94986,14388.84309488201
106339,9782.14946260263
98568,7193.155846564248
88304,7192.69531359336
87628,9734.686054924225
92003,14540.226686522852
97111,11219.857652818268
98892,11090.281488370503
97778,8969.083213113905
95960,16590.902748037493
80575,12757.541491727345
94709,16317.059687609108
103647,8828.687165785275
87784,8286.904411717407
77344,17712.143599242987
104068,11090.697220791697
94747,15128.374351828177
82797,10566.536229411067
77079,10790.219549879805
99217,8666.11122316323
84624,9189.052077633167
79999,22200.776839848164
107791,9782.14946260263
86274,6704.0004140331175
92407,10802.562800934427
98109,16399.961314594955
104428,16203.703767640965
76693,13570.460864435718
96321,6876.1163723633645
107222,9073.838075360385
80693,14719.883856677161
87795,9840.48099789711
83814,9145.306900986301
85548,9720.619053362767
103252,9323.907281046993
104453,13401.412858502112
80578,16868.944358947658
103826,6353.77323635742
103199,6909.121130716592
97338,8112.006975145296
107287,10201.861559110472
77059,20315.640481583807
93965,14710.004009595832
89513,8022.160790312014
83064,7941.322132410181
103490,10050.935422143071
99116,6446.0938593137325
99690,9349.270728772219
96405,8163.621701989534
96969,7489.522303127494
84317,11308.448216143352
86480,12377.216905948639
78305,24980.191672450605
96458,12322.744976425614
96847,10901.394052927348
87888,9720.619053362767
92753,19909.538735335285
84191,7670.501212723698
84830,8134.3476512841435
100910,7704.002351266372
94969,27315.896847667187
89103,7248.772896501201
93092,14219.8106343983
106511,12365.24519023643
100549,12418.506600174112
90741,11422.708900548332
78118,12071.318083736125
94087,11643.769513119847
87584,10325.518904645747
107254,10969.109271262998
105985,14054.173361643174
88323,10405.599868311378
105221,9140.352486080394
101901,10185.121501980664
90944,17906.592163681427
98634,7705.041863890281
94057,13195.258247964177
77391,9458.117302167526
77284,20691.959264020716
95838,20465.742695009696
105720,9395.87135876787
97257,15140.33970660298
96339,6796.969281803349
81848,17102.453175181596
79581,16200.885537842898
97762,9086.831723982401
101710,7564.445919236805
104892,8109.872656429295
98689,10352.875569352487
102340,8779.423067605447
103335,10079.37300007049
80348,14964.127712737689
101717,8149.665090785931
84797,11528.384097145416
80101,14014.31618473521
83224,10434.268247097914
93736,19044.620646677195
78612,11788.446147454813
80009,12310.95939049058
90246,10606.676955461184
83348,11783.055868575282
102263,7258.115915783731
84153,10630.244832319138
90556,13492.836920541542
83726,9393.7608702345
86153,6585.199982752569
99219,10352.875569352487
79008,14943.605188642421
76574,12382.314975105131
93345,8586.442710388766
89271,11594.127661230408
84424,11680.511684726083
104788,14474.206727211753
96178,10020.97780299181
90344,8819.21362537829
105532,16661.080797699982
83994,9719.374588822875
91151,15218.67907491112
77889,20264.191980884607
76382,13319.246766951035
97738,6319.899525661224
86371,10892.785577887082
79800,22225.922872530235
79323,14340.603043903764
88652,9281.259001915178
94397,17015.9410839831
80125,11110.150014288725
103621,8749.19402774781
103073,9386.244989674058
104977,14638.918292246455
101232,9595.226134856097
92921,9071.091686871912
96524,12732.8631545143
108206,7458.616678564398
98011,8308.344647199772
82282,25579.66621650368
92162,9595.603197316308
91162,15128.374351828177
98222,6446.0938593137325
106388,15653.689676512202
76194,10989.463575913574
93165,12458.771643885158
77080,13694.451620521993
88188,10098.848277855932
95987,10245.218453574009
82919,13727.328849257103
106334,8426.596172296171
92868,17325.159403697675
83314,9727.463867296718
83498,11756.101239463913
99081,8642.017672946607
101875,9457.553370611435
76353,20651.83571404308
97969,15572.159724826393
86292,13912.374310995767
76622,17528.867997100228
103480,13433.834126883077
85818,8957.956738095816
83971,10921.654553845412
97382,11565.73473899495
101439,8099.4579801501
96661,9233.685602625515
77795,7465.037591993387
105731,12839.541719749997
91696,12145.614832144174
93939,14717.192503007249
97415,10617.173277471122
103354,8995.028091705724
98909,15817.041111060567
78125,13820.307385729264
106866,8426.596172296171
98910,7094.505758855379
106208,15099.904325776894
89885,7377.655535177597
76580,10846.429899002924
95892,11149.628709541515
91957,12649.288290397599
99645,9882.482681809553
79562,24882.40828451626
82838,5640.687122959363
101076,7501.4505891355
81361,14166.910024296007
108419,11148.030828686471
93085,13818.776262521833
104426,13543.478340792035
88313,10379.308676058849
104866,12250.054274803311
101788,8779.423067605447
103172,8768.138180480844
98374,15760.566594585744
107111,15873.901146131582
93480,14289.06551275571
94099,23800.83843259218
100358,10151.897871974143
82106,16093.012927639806
92783,16268.875802088163
95978,12420.101403640574
79394,11092.209642759788
81521,13491.62553977514
88260,7707.28444656348
98649,8482.527532405302
81422,12291.783386236377
86500,9307.519115278817
92997,10658.905976733042
107940,7846.446206480883
80225,24055.639991486045
94805,17056.643999156895
88709,8957.956738095816
106470,9076.674243507978
78835,12624.680068222473
90721,9167.707435096581
105429,21444.742071019253
107998,16210.751223750334
89287,9307.519115278817
77311,10343.239361386592
87200,11327.686376191456
95348,11347.024903153995
83148,8336.60275296848
100616,10885.890796409785
81487,25187.95964941184
85031,9025.045054016613
86761,10158.523039738357
108219,14749.940984015439
106290,11065.969984288764
81428,8019.072038651261
94572,16734.28106034369
99173,10550.340285738064
85760,7740.261793604098
89013,16292.367986705402
85726,11340.829080541544
98647,7632.0462142092365
76300,23332.643971584468
76204,11622.620040789641
99199,16621.359561118537
81833,10884.658625649292
79245,15244.91735771731
83196,9210.925486625552
85013,8286.904411717407
99200,8285.821812868375
96238,13362.596463704514
96548,15901.443488368694
104251,15434.12791998588
91169,17438.98464140918
91530,14055.514709602674
103143,8087.500415677495
106804,9782.14946260263
108066,16129.177535527468
76048,20533.907907655466
75977,11005.152586971944
96347,9113.046974634766
90190,11067.250726709419
77081,18543.045976588328
83861,6892.822030150599
100546,6179.58945368841
78182,16885.756971938546
89589,9006.943122866744
85606,7309.646584551336
78359,14387.65488047688
97559,9252.504189825337
76721,12453.937891455846
88097,13649.380616382814
87435,6240.492223503508
80798,12421.15412363661
90537,5590.926078482555
100528,7564.445919236805
106401,14838.627876807277
81910,12579.001871678458
92691,16019.741665255728
100615,8855.154923695845
77234,26651.5135579554
78332,16247.267159384504
77572,5760.828547589924
90150,6786.412002534898
105917,10181.70255719479
76449,15876.849726491097
93412,13582.96810262826
86269,11438.014517047834
87995,7740.261793604098
100075,5862.2161186874455
80021,23810.181811904666
90343,8630.556697170703
106349,8816.461962049372
87255,9427.841278943417
85507,11007.39005108892
76232,10248.032221791935
106308,11444.55657508771
92289,14664.915382517062
104499,17232.381514677418
81788,8230.736011712626
100405,10234.455815337276
106380,10792.371123439867
81018,12498.001716341616
83259,10075.169409813876
94489,16994.526802315733
92430,16379.35867322462
82401,11742.335039316258
79510,21927.39023268861
84456,11311.982769215385
98445,11116.562464341912
88466,11007.39005108892
94340,13195.258247964177
104411,12704.1886735994
85378,10025.306415598076
93363,16734.28106034369
108217,16868.6961126411
84003,8378.801752448186
78674,11048.11473121943
83754,8674.560104119899
107659,20880.28987922431
104134,8738.102262482023
80428,10934.445935292542
107034,10040.116091802684
105024,14777.640000389476
105501,10091.252034341242
100183,10323.245906675595
96262,10453.097759860031
102419,9381.333393721514
76520,14048.279890097127
87564,7055.79834248176
95034,12594.253582000225
102071,11049.141633411376
92236,16019.741665255728
108245,11304.031261942446
90472,5767.771144074567
91733,17015.9410839831
86418,9730.504313761581
91544,12659.383462627517
108294,7178.5358229812655
103067,10384.169916074523
87683,10464.498603791475
99427,6932.263837229764
78592,11197.777715977038
79477,15880.067911266218
100575,6353.77323635742
103629,13655.61026400464
86341,11594.127661230408
87901,6424.871765531134
100467,9184.60017861272
77769,11112.842834588173
90466,8577.876606798653
105120,19422.198153954854
94434,16604.47040300889
90333,8116.9747939018425
100483,6220.1166325113645
91083,14763.450497950498
86536,8970.387163800977
108361,11862.608888064771
102652,11368.607843514521
84120,9174.110663042497
99541,8464.006128743671
80658,10684.386564424429
96028,14209.126004980517
82478,8252.035000778844
99296,11931.866520063595
92923,15412.592145165483
84564,10325.518904645747
83515,10025.306415598076
80070,18499.77758636679
104027,13159.00786441094
79391,15238.889074865343
108108,7674.817549350525
99156,8424.766007031974
94668,13028.901381940484
107534,10175.27961912948
88509,8674.560104119899
78713,18599.42066260781
95033,15981.039845880065
105878,10443.901722202725
84590,9393.7608702345
104297,13034.088443571269
93140,16268.875802088163
95943,21385.75209782454
87298,12550.348844652075
105774,8308.81795326631
98658,7094.505758855379
87070,12550.348844652075
99465,10954.636914789116
105845,7157.351217863152
85369,15245.5860587628
83600,6424.871765531134
93030,16795.976580981536
82159,16614.127238466113
88527,8970.387163800977
94866,11262.21075050673
81680,17102.453175181596
85293,9788.538433558328
83020,8760.004208086626
92112,10091.475411689571
97809,7509.347898043512
83970,8672.258953693206
86745,10864.028483954668
100652,9140.4876813464
78837,15264.373039743572
96354,8231.55660451787
90084,9249.513255802978
84838,11007.39005108892
90416,13497.054162782677
82908,7345.409754888394
81469,14178.766210511221
97939,10973.438313722576
84109,6942.504207427254
94042,20798.70866460627
78843,13123.0139016023
94386,18305.272293573096
79961,22860.41348212094
98556,10117.201922781853
78323,10617.779788044749
98349,9413.613584863408
104599,9348.592818652864
92804,13349.178434765774
81485,14431.79649482932
86984,9101.794968636646
84902,9660.808353471697
87230,11007.39005108892
101698,8341.868424260058
81187,18072.62597756965
91728,15981.037810501288
90136,12827.311312418986
96483,9472.639256187638
103424,11250.891108533991
85712,11007.39005108892
85509,7248.772896501201
79976,14964.127712737689
93406,14213.969074129725
84108,8740.465159156109
82598,8970.387163800977
88086,7740.261793604098
78975,25134.213177024765
78989,7705.258272252021
93597,13195.258247964177
76707,16649.30794848026
99370,14758.649002338148
90372,9302.983741368218
97227,10967.816693964452
93053,18313.48778160414
99724,8285.821812868375
101261,8201.390923273797
85273,7309.646584551336
105019,13360.097251627361
107234,10795.744386426075
80816,22495.20263005701
101175,7774.328691173127
105866,21148.458134108863
96858,8046.908057270976
96226,9057.746270979962
97454,12314.05551850537
94540,15760.560820762239
99937,10185.121501980664
96637,9173.943768463501
82607,7404.676803312217
107708,16203.703767640965
104404,15064.686344838909
80758,13386.030439219514
99346,10352.875569352487
100310,10858.962912603707
91670,15755.636383559817
91353,17032.59224272876
96061,9010.281207567557
88206,12365.906194628957
101814,7313.246746804406
82298,9308.36275152891
94958,14300.19354352649
80444,17368.424260209034
93957,17547.028080632917
100830,7476.349634538707
82523,9430.342897106566
96073,7675.905877602376
87933,10993.95196916554
100553,9595.226134856097
86623,9787.403230382059
87445,7707.28444656348
87890,10655.267961159261
103149,10520.865088282193
102862,8873.055213778525
77553,15637.289282295802
104728,11987.65006127582
77884,18312.552431887958
85105,12917.822986322324
76064,20514.191482479422
86071,8378.801752448186
97148,14933.169155275253
76161,14153.966805828946
82950,8009.024359072792
87334,8996.791237134226
104120,7402.9980836456925
104591,5504.47350610487
106665,12438.115848751397
103766,7167.580121347789
104087,9160.77726225679
95947,15690.220487479228
87165,6942.504207427254
76294,16211.800298785669
108455,14638.920632528107
85399,8125.726772486711
84698,9612.775816917696
80713,10354.847562924486
85799,8421.482575686729
100254,9939.007095532379
80264,10661.367266777286
94211,10091.475411689571
98839,14054.873541071665
99631,14758.649002338148
81506,21163.155143297445
76167,11496.964867936875
91308,16795.976580981536
78803,12745.081477185615
92010,12114.430652064717
99424,6446.0938593137325
82042,11847.529682460456
89760,7905.7381361168345
78489,16101.159417420933
102712,9241.944112866655
90935,16994.526802315733
102912,8800.788932575493
99041,7749.56534522586
79903,21721.579061377
96670,8165.433137531531
76729,20321.990061391345
91107,16267.891931705532
87286,9951.740902188649
102303,8268.553282577373
106623,14749.940984015439
86955,10744.411107776727
90173,12827.311312418986
99829,7007.740893644725
106155,12126.65118388702
95426,25365.048351557147
82218,17057.73528391285
97534,7470.006933529028
104186,12265.704998487294
94450,13817.68449290023
77720,19098.666720248733
83278,9148.154938109463
90401,12902.145677198156
95842,14540.226686522852
77025,9346.98395366704
88288,10986.351230673263
83552,11308.448216143352
91467,16725.87372033563
78417,15889.965258411798
81312,16642.36198169554
106656,10999.41899581736
93396,14029.901001193366
89063,8414.651964312807
94830,13499.884317424207
98183,5901.200622670653
101338,9184.60017861272
86784,8462.020116293841
99315,8292.931767561455
100058,6353.77323635742
89181,9638.0199711993
92271,15813.910834053966
97562,9013.0975122242
79601,11900.66888044449
95361,12357.90923924047
82021,12641.294525789397
80766,11033.20030694995
107591,13172.144177111093
97689,7281.350833565647
77322,11692.154621048217
83942,8286.904411717407
80703,20955.79662566306
84304,7907.504859649498
92976,15613.024436192203
104652,7089.423214749199
81684,15636.887435018034
90189,9937.863693681951
92960,21087.593366829
91335,14297.686266344881
105310,11971.101961671111
97940,7919.506795322473
79726,14588.38193334871
97677,12519.620775837238
76868,17959.50875208712
82008,26552.45862128929
96078,13389.663358507318
87835,11007.39005108892
79247,13019.210379612516
77781,8681.9718247128
83214,10208.122161795556
108215,17251.583005379533
93824,18046.162318291943
80787,10933.68039291265
91615,19170.460638514203
80389,18270.54095197026
103596,10534.014851958971
105821,13953.734615528178
82476,8378.801752448186
95265,12063.318720777745
98399,16405.204305896626
76238,16771.542466147275
99100,5901.200622670653
104714,8426.596172296171
90919,11413.815413629467
83623,13649.995346514292
104865,9482.504394978592
82002,12641.294525789397
78910,15642.176732361244
95502,19289.387396595004
103857,8099.4579801501
97624,10293.528245413505
85720,9025.045054016613
96531,9010.649416340153
83085,10208.122161795556
107580,13953.734615528178
100283,9184.60017861272
82635,8819.440632672318
83319,6143.486926879727
82752,16119.249391208803
89036,11490.105754876293
83309,9430.342897106566
91103,16019.741665255728
78064,36451.22684152491
93250,20628.691345581516
104512,11473.01501501584
79857,7610.795180531335
105526,15812.19497233639
95901,17594.593731886285
88558,8378.801752448186
106352,13238.03291674433
77802,12588.005927743581
87315,7707.28444656348
78742,18543.045976588328
102737,8860.173191252281
102515,8779.423067605447
89811,6581.64620285752
83376,12866.891970047487
81478,17080.83970036956
90640,10809.629044723308
77782,10498.445673182347
95954,13226.272881943612
102593,9181.73029080397
103795,8264.177063919738
90806,8331.58069935476
89657,12455.890564883533
86003,11827.674414258814
95380,14430.536746157064
105152,11470.932470452508
89783,8675.543409340642
94941,10608.801621061306
97059,9725.537231705635
94104,19368.570201083137
108398,10795.744386426075
84930,8298.79921063288
107156,14299.121805026769
95687,13140.936677250387
97033,8105.4083008226135
103036,6890.983241160934
85849,8970.387163800977
103638,9133.776357131144
76938,16757.335190551003
86884,6037.387327297957
88711,9839.826307295594
105179,16495.797025598167
103858,10004.769245001282
105362,17847.05677787466
77038,13231.741445050055
98935,12862.502482100743
83763,9246.382097140639
106254,16380.013479407784
96326,13185.510347364137
91225,17787.14333481835
90336,11528.594188812584
99070,6932.263837229764
88213,10492.379702187873
80925,25269.363306570984
99202,10352.875569352487
98190,5885.823373670591
93632,10499.086602593781
103377,8506.484920169887
106788,13316.157263369074
104266,14803.408809227478
97957,9955.175170908136
79055,16699.91239858923
99963,9682.241871282155
104883,12097.75211572576
77565,9830.40543851045
104641,8971.720235194192
92456,15611.564506591003
90989,21393.162000053133
96336,8173.777069151961
75990,10291.056892940218
81685,17120.362868248136
93610,17213.457843554694
92156,15572.513199179293
98823,12056.51301699552
92141,23082.551841834407
87756,9221.846086693522
87211,10744.411107776727
93983,16229.570074358813
87098,5810.678662438195
88453,13217.320728442472
78408,12308.615627012798
82661,8672.258953693206
105658,8793.185885971388
82377,9366.89065894559
86738,10088.295111078449
90498,7346.152897767581
96128,12324.045531251197
81136,16943.929530768488
96840,8250.263569072571
104970,14801.630206722439
102228,8995.028091705724
77466,12066.384219800015
77981,9257.815326450102
94406,28836.827299702996
107110,9348.592818652864
106442,14054.173361643174
90593,10695.74573418596
85731,7612.367355905647
91243,14535.683522398545
88327,12479.183573235485
101596,9967.125621754378
91216,17213.457843554694
82093,19332.642330256233
106882,13172.144177111093
89713,9838.559599077726
93144,5665.692879474469
88299,12284.899756887047
78242,15583.960652719688
93200,18699.085998684197
97874,9408.876153269755
93836,19919.448546693795
77774,15882.751990687195
94322,16474.40830386604
98230,10120.364174467908
96006,8051.237911180281
85959,10993.95196916554
88398,12123.86387780094
99305,5901.200622670653
86936,9892.426226071593
107147,12394.573725312508
89432,12606.519072427398
104475,13425.424626344417
93164,13702.612201630258
77276,12733.091466706846
107454,13015.306518179766
89979,14823.344491529351
105360,5536.630669269195
88586,8970.387163800977
84105,11543.22110797527
104625,12376.19781699656
78707,14833.74010719571
98962,5373.503067120568
105679,7330.389133576336
107418,11777.267198726619
93072,21051.68565277215
78519,12486.88441147975
98281,14549.458814358903
99872,6932.263837229764
99188,5409.616181062577
102719,12458.393443389301
107129,9160.77726225679
86785,11680.511684726083
80533,14128.706200535864
78168,14074.289030294825
96300,15901.443488368694
85605,8447.683982815024
77676,10901.395371736142
86360,8123.908529337034
95177,20876.243904998
77263,7990.353054664103
83488,11225.127138110272
106949,13580.756475811224
86400,9612.775816917696
103763,9629.231596658106
98495,9349.270728772219
94363,7768.872124570156
101940,8144.350412522478
81366,12615.52237174505
99546,10543.583302166517
80651,12415.102804473501
101196,10234.455815337276
102050,8822.878286455498
99804,8043.725059834445
87153,8940.430175947058
81225,11256.48365691377
76181,15247.925254203763
98469,12760.669639519125
93979,11323.029062454969
87480,13587.142768878066
76369,8871.554516329108
88375,10208.122161795556
79983,11182.396985471414
87393,10208.122161795556
88732,9043.312075509144
85383,7463.8564495408245
101126,6220.1166325113645
95928,13412.00771317346
103011,3477.6555460276613
80083,18937.24390462768
96118,8831.727896712095
85674,11704.530249341815
82917,13759.28879427359
91143,11514.250960111467
101645,8511.493886729475
92817,11863.314578370717
97402,8165.433137531531
83885,14673.720001129188
101758,10155.070967219604
98594,7783.666321382127
102018,3992.2704048801515
77568,12892.037191597296
92202,14463.588853258376
83954,10852.150833890068
92567,10273.302272599623
99006,17542.707237542305
90732,12170.141960453935
81955,12369.870354185066
82585,9151.014332579907
106285,9428.087422220075
93620,14430.536746157064
90725,11180.338438963114
92088,10052.468588924565
107174,6503.029826666288
90304,11477.878043255296
104127,13343.67409736494
98880,7746.018681897005
83303,6536.780554261872
94770,16945.908531117973
89074,12606.519072427398
107549,13738.134469178733
99624,14758.649002338148
105181,8709.734897319666
88189,8974.974381731623
76455,15196.887683993587
101020,8339.261833954026
76745,11403.67249392939
89568,12695.137446819417
83478,9430.342897106566
85747,10892.785577887082
106272,17300.107693854883
82872,11007.39005108892
107532,8460.819476424598
90049,8915.98878170274
81364,10982.244538468454
98040,7702.634239438014
102958,11831.626363484605
79260,17102.453175181596
92243,18537.17661769764
88478,10564.90047345869
86621,11940.414300671437
104072,14749.940984015439
90813,11246.400800761538
107620,12704.1886735994
85958,8378.801752448186
91758,17768.36724500285
92388,20600.11981563341
95940,12779.279420776636
95423,16994.526802315733
78205,12826.351143823089
92781,16435.98839432384
76964,12748.986732628426
91309,16585.718884327485
87312,10208.122161795556
99960,6890.983241160934
105615,12565.829636878516
81777,11218.220097689493
90088,7674.05181402556
101916,8099.4579801501
102032,10340.963750694002
78757,19503.530109926178
85089,8967.584203281447
107536,10443.901722202725
79554,10507.58564842906
100053,10885.890796409785
102087,12545.686498076895
79180,25661.76623439641
78292,11129.77880890857
87547,12655.421666071235
96714,9674.895701092493
101388,9671.167313156202
98889,7323.223636285604
90037,9246.623086984268
95831,15910.94541177466
101678,8779.423067605447
77780,16493.05704925261
104014,11917.136017981064
105304,7404.759493709837
77837,12922.709186272064
88541,8153.014621535623
89143,13686.783405925318
90294,11503.247106088927
94097,17015.9410839831
99108,10305.885802689045
107044,10132.57973453933
108467,14170.588119236241
88739,15976.954148241715
102441,11365.819387838204
86183,9189.052077633167
106346,10649.371721620753
84130,11771.334047438722
107757,10117.89793530825
84412,8414.651964312807
96522,17481.248009205225
79372,13943.450923986462
106945,11512.865741489362
88312,8153.014621535623
97814,10799.814324356114
94724,25257.700168314386
79892,13561.049663927015
94500,13219.717512888996
102161,9103.294016233112
85073,10025.306415598076
103316,9184.60017861272
81537,12876.487819725255
79187,16093.012927639806
93646,16259.532865387942
84942,10208.122161795556
105305,18532.391497214023
102440,7478.681161078979
99694,12062.858626589421
97189,10721.411228539533
89680,11249.20389266016
104471,9091.34747990781
98066,5901.200622670653
104541,9339.539654189928
90039,6786.412002534898
99640,10597.739702902141
85034,10183.794813143171
105699,7923.768939242771
103097,7601.845233336537
79154,16495.384273263313
79730,15777.834777251488
93954,15093.241449427022
106821,11222.198050531108
108129,9091.34747990781
81433,15175.152864438272
106810,8504.430809515587
89340,8940.430175947058
92137,16938.05749328193
89457,6755.618120468256
91797,16268.875802088163
92334,16993.10055235568
99141,7815.432148423813
104901,10856.31926337885
98189,7749.56534522586
95071,13817.68449290023
85149,11007.39005108892
83164,9730.504313761581
79589,7107.840593713126
96533,14370.844500904497
79514,14366.972310733889
97024,12708.891872429409
84010,7085.9885215740005
77716,19915.19905983233
99999,6940.1753417267455
91937,17325.159403697675
83222,11007.39005108892
83874,10208.122161795556
85379,7941.322132410181
80923,19493.286012085733
87263,13759.28879427359
77648,11285.241325943052
90784,13689.112718980603
76092,17235.79064175882
85877,8967.584203281447
108297,9076.674243507978
81020,18087.691971938893
80092,16793.193654123905
94008,14766.353293812717
101425,6325.093916179856
81218,15874.76132429648
102599,11457.949829089132
79959,13947.808997069184
88223,10842.279719297314
97792,12319.167565698697
98438,7009.14075056934
107986,19887.66670215204
83947,8926.304670489428
105867,13176.261192930937
107403,13271.22328883297
88885,10208.122161795556
98450,8417.018362061757
83554,8593.721213190229
92398,16620.94281610334
97238,4768.266096802516
79115,25915.9749272905
92394,11347.024903153995
86813,10423.331630456849
106364,8426.596172296171
93974,15981.076379966386
96921,6856.440944151781
76493,9895.798058122633
76358,11264.588109996765
89895,7976.1048770607795
91354,15739.405289539125
105589,13238.03291674433
96412,16066.890395649267
98970,9354.7857276868
103020,7925.1951408227715
87261,12150.917771113685
76112,16403.003875689355
96166,11975.99780298582
90696,12173.945819526838
94089,16268.875802088163
78422,14226.343677511904
106298,10898.437666696713
105489,11574.880487675839
108304,17662.476149623264
102353,7945.389369406111
76411,13353.912159461
84847,10072.021278479431
91646,11514.250960111467
76141,12321.37306084561
90730,5751.496956705317
100429,8786.730147319911
85989,10080.330324620696
105539,9339.539654189928
79951,20779.9180337428
96676,6787.3839765561115
100762,5697.2081462016085
92509,15073.872637455574
79582,16695.556088402984
108529,14435.868866871073
86542,10072.021278479431
80669,14552.259147651388
99953,9967.125621754378
93023,13541.485650179793
102223,11516.784115749242
102167,7545.161491092144
84525,7200.429829623735
76654,17440.909276690905
96998,10982.33377947832
94337,13460.527510696407
105106,8747.542777862573
77494,20437.41246604368
91245,15591.498727661457
98303,13035.962394281407
96838,14864.085239890474
82064,13554.102167072919
101129,7313.246746804406
78108,10673.434659070443
95497,14540.226686522852
81175,11526.748576264083
89631,18079.973739251993
93976,17009.89319537639
86199,13902.322489270637
106842,5343.49055530335
78263,10606.674079286291
89187,10864.028483954668
104396,14971.87638566227
87198,13950.589397798945
78994,11324.886680314328
82655,8423.730373968292
76432,10310.062596970773
95404,14322.29639702385
83767,9134.22038647765
87719,9307.519115278817
105980,9049.94277077537
99851,13060.232853364838
80432,8441.575737878522
80344,18656.866562063344
83694,15078.715241002936
96247,14698.340611111122
86395,12655.421666071235
103276,6948.255554369838
80262,10638.593747106737
88698,5415.078731986409
101575,8779.423067605447
101293,4172.409836430815
76732,13185.421299113548
108287,14971.87638566227
100140,8511.493886729475
85239,9430.342897106566
85252,9077.76567890176
77174,8934.066697090497
86250,12879.33563525569
101740,9671.167313156202
108134,8109.872656429295
82406,16093.012927639806
88667,10262.463063033472
96978,7673.507356203825
78635,11302.870481489736
96572,7719.440330788065
87841,9705.944586698706
77951,15560.121171766974
77253,8477.067788227669
99102,9354.7857276868
105959,6561.337132009134
91687,15981.076379966386
83483,11116.574308712059
80361,23810.181811904666
94647,11104.447137619718
100857,7564.445919236805
82465,9719.374588822875
100672,8117.873109740531
88369,11235.346775552263
89345,10025.306415598076
89610,6991.408880387844
108452,22752.223643925186
77913,23856.679744999215
94990,21094.184205837682
78501,12322.860412727927
78393,9924.570908466983
101975,7455.9245191318305
93585,18981.931261256017
80079,15362.431522296247
92292,17440.816113585322
88595,9101.794968636646
107865,16168.294386349267
106687,11943.51349219813
101741,9778.449906153888
93999,14350.081668139681
107722,10352.462556786288
80167,16267.384672198263
81844,6911.814393424279
77048,12529.899267582101
107873,14742.842220325312
84939,8286.904411717407
106486,12539.593176001701
84683,9257.846099681949
83721,16636.39680394301
95371,12386.34276613173
77370,16624.19916133991
81285,15122.450859080844
92306,12643.784677651884
107739,15636.714246249061
89483,7689.571486360574
78832,15583.960652719688
95190,17777.971996637225
100747,6324.049139559034
106957,10795.744386426075
101143,7564.445919236805
92745,16994.526802315733
96890,4768.266096802516
76809,10331.386337240128
101202,8209.745150721987
98845,13060.232853364838
106599,8195.200413373961
102195,6940.4481358163275
92630,16019.741665255728
94558,14540.226686522852
93959,16725.87372033563
77993,18457.918955009634
105814,16419.738625592505
90144,10695.74573418596
102474,8945.785548462487
93582,17057.181732985977
95183,14736.70590581905
102451,7432.791683771138
90109,3827.5244822543996
78889,11205.687968196456
94338,12631.419207038412
88104,12128.779323511904
99955,7874.160400297075
91274,13974.60271360191
82254,15984.568211402295
94279,15398.630356853751
84677,4562.875431045745
86814,11205.044376972759
107316,13159.939504876591
108497,16148.878113129551
97403,10184.88510927431
104859,8064.100856541938
76106,17702.596316455292
77307,18180.642206561664
105083,10352.462556786288
101644,6925.6452412120525
75980,17737.477166716162
80678,16895.897511272917
96987,6720.318532724689
84261,10128.933001251711
103391,8120.158928578178
84290,8970.387163800977
103179,6678.029091390638
92887,13988.577125452977
88486,9430.342897106566
95325,14032.730518977509
108122,5698.916983688757
85364,12030.93967011814
80688,19976.111724484388
84356,13727.328849257103
82717,11701.839457623819
95166,16725.87372033563
81154,10319.16536146892
105294,12995.389889351261
101409,13433.834126883077
90808,11249.20389266016
91000,16626.578874960862
107931,18296.68305991606
80058,13555.032527168467
90511,12374.692801299823
92525,17225.826058302897
90057,9610.399907621357
80266,10337.221519146851
84467,11413.149038770502
90576,13480.865638891404
82575,11007.39005108892
91601,19753.646353835775
80196,14409.622696913004
83418,11343.083641242445
97121,11872.478860448642
102024,10857.526726579652
85225,9304.61082349528
107001,17193.486859755885
82592,10892.785577887082
96681,10038.549085788949
87462,9612.775816917696
96787,12014.9115784276
98868,5901.200622670653
86472,12692.98513918135
91250,12916.694700362978
84328,9077.76567890176
101840,7831.563400080278
78225,13046.312183797065
81026,8352.436614657383
82325,8548.1181051801
106596,11976.812795177968
99810,13239.087946211403
88054,12115.035648731951
80041,17214.970308596283
102577,9268.17322936776
95870,15494.679629433056
76937,13737.480454744224
108359,13032.0570296683
102482,9184.60017861272
105228,14397.440025789003
94110,22682.28191512217
91022,21301.397469554737
84243,7597.319667437456
88868,11827.674414258814
86994,9892.426226071593
103924,8995.028091705724
102415,10536.406311354105
89954,10695.74573418596
98212,7007.740893644725
101117,8448.510033869856
103865,9181.73029080397
81944,12207.685693993444
87371,11602.83053353939
103778,6958.18720195653
84310,12170.693372697973
78146,15741.711598550146
83910,12579.012823655994
96498,18906.285978478816
103937,4510.24594942102
97439,11872.478860448642
85156,9189.052077633167
93197,12437.366977996944
98573,7129.557726316531
96816,10616.597455386795
94610,12574.823101075945
102536,6306.517703699551
81021,10744.034138512981
105037,14512.51278632356
82891,10842.279719297314
83601,11235.346775552263
93413,12222.375595129066
84517,8696.843080039218
98296,8482.527532405302
83442,10208.122161795556
83641,10296.592250458672
106454,14691.765620604221
88540,6942.504207427254
101350,12515.365470381656
86741,13727.328849257103
79411,22065.382315618637
81400,13517.380127376457
92460,11433.00972223741
76076,16571.81381623397
85593,9973.491764561119
99476,8308.344647199772
99991,10960.62592828512
80184,14397.209710229252
91365,20268.248626575725
87967,9043.312075509144
97960,7007.740893644725
106216,9393.456130614326
94470,20918.604434535184
105054,13549.199349844388
76801,13700.186162272625
84376,9612.775816917696
95818,16268.875802088163
101354,6971.215397846846
81184,9817.453040422022
95386,17453.444187842877
94813,13374.962202080864
100188,9629.231596658106
97816,11723.686240153396
101948,6940.4481358163275
108229,14778.36121609406
77604,16063.64558555722
103052,10944.134959048064
83998,8206.720898503638
103163,8995.028091705724
78407,14551.802160062656
106267,10944.330710693852
84808,12022.24438873962
102176,5761.485069999824
103807,8578.087772795025
102936,8995.028091705724
77803,13632.003143156004
91153,12656.3094757127
96806,15979.755936423637
107797,12704.1886735994
92654,10091.475411689571
82110,19518.174187194807
92570,14102.969456371378
84350,10075.169409813876
82022,19360.811249652405
101036,10245.84687945897
93012,13998.896549382103
104053,9482.504394978592
79339,11914.22649797603
79767,7318.235778830664
97252,10991.408530961664
95098,16713.051911289233
99791,15708.808258930598
95121,14972.188018604847
100598,8096.927126950489
88806,10864.028483954668
93433,13643.765481721593
85064,13892.495454363143
103820,5631.144558484683
86190,11760.626920984389
96438,13663.51227018559
106282,8426.596172296171
93667,14463.94530434016
93191,13679.620574784352
103899,8971.590365199721
93568,20600.11981563341
104546,16022.357553777776
80852,16700.774279643334
91782,12434.883010737669
100867,13812.879497875609
96727,7782.488591648247
88787,11220.328204366759
80175,12804.450285279085
106215,13821.625159174499
82884,9010.250642296862
99701,7702.634239438014
96972,7673.507356203825
102844,10181.939017946044
85912,7222.2391530623
105580,10657.502656786392
92949,13716.192989980349
95794,17145.231787491237
81410,11882.594520006678
103413,7348.984654859494
94880,16438.767725220107
87634,8423.730373968292
94036,14856.550288834927
82130,11298.6511640436
97256,10720.496464702559
103817,9270.753009540524
104456,8043.841652273253
78003,10961.028653056177
104097,11987.205985210043
98797,6446.0938593137325
107315,13094.671035953392
106755,16753.735505158587
81147,11914.22649797603
105271,5536.630669269195
89017,8153.014621535623
90194,12220.015720527483
106608,7157.351217863152
106146,17012.25111404062
105471,9339.539654189928
104538,8088.461813964372
78198,21354.854761353472
104720,11976.812795177968
94900,18054.447888621442
94045,17500.254593533857
100816,10155.070967219604
85400,8378.801752448186
96876,17237.378322602843
93515,16994.526802315733
94077,16734.28106034369
87247,15028.641600889629
105067,14838.627876807277
95538,20216.64137625054
79301,10410.616017058657
89679,9637.514812939924
90677,16238.968753546653
100348,11754.911728516076
82373,14627.909687561767
104030,13032.0570296683
91200,15736.349201213001
108132,9076.674243507978
96587,9178.277305463673
92498,13400.4696218642
103409,8915.97313835096
91232,15128.374351828177
80016,15176.573752443644
98705,8285.821812868375
94058,38092.37955596808
107248,12766.302850229413
85165,5815.080373728075
87202,12862.871611489432
84291,9705.944586698706
96682,14816.939990488005
76451,18946.013253986745
91004,14213.969074129725
87541,9976.609102368819
84735,7846.643538478685
86029,10128.933001251711
87675,9304.61082349528
79434,20506.1654027751
104691,15618.05052007035
95401,12717.376676727785
103975,8779.423067605447
106441,10440.638386597726
105335,14945.435613236827
86453,5815.080373728075
84490,15315.810797464042
96908,10110.52939086281
87472,9021.847100723777
99908,4271.946447168484
84898,9720.619053362767
87539,8888.647976206712
100666,10357.11300054135
82231,12761.6770138307
92648,14766.353293812717
84694,9221.846086693522
81594,7877.529251783727
82685,9221.846086693522
76620,20010.79219802787
76943,13522.15984556309
80231,14309.608751985792
94782,8846.91038911891
83815,10864.028483954668
101713,9268.17322936776
86358,9307.519115278817
98701,14622.537752490533
106421,11394.55861047602
97920,7665.7358667973685
108072,13465.747286434442
91315,15534.41898734927
98550,9337.253939127064
99263,7192.795493746589
95373,12330.567787883194
80445,9962.420243533157
76982,13325.377381631633
85544,9151.014332579907
101977,10234.455815337276
80279,16585.995958262567
102808,6958.18720195653
107325,10371.636012483546
79988,14637.20103700382
83473,7670.501212723698
80074,15834.408983406278
87094,10352.26442571667
80523,11794.16885060007
84129,9655.013031411081
100159,8995.028091705724
94256,15736.349201213001
79199,17048.80567367481
106674,12591.076963967056
76299,11505.422743825724
82217,18554.676647981083
87294,12479.183573235485
87361,8184.721489970442
105782,9782.14946260263
99109,10352.875569352487
97733,14599.357084987378
80963,13326.235454294174
105129,12052.473418561949
103322,9546.236661059875
90068,11249.20389266016
93845,12223.199089259928
104956,15927.585214986006
103473,6940.4481358163275
78167,14716.935573157736
80718,17141.99545245206
85621,11220.328204366759
88490,8286.904411717407
105456,9703.440940401233
98490,8482.527532405302
86488,8575.498514785802
107303,15064.686344838909
106463,9076.674243507978
100403,8075.801882156311
86991,11308.83446701512
95381,20229.22595011816
85219,9189.052077633167
104635,14054.173361643174
99004,10352.875569352487
80747,17216.161385426196
97854,17961.07138521053
102646,7545.161491092144
93364,21425.581679214527
101209,5249.30546332536
89140,10864.028483954668
96244,9086.831723982401
93727,12587.363677895935
82138,15407.086159530885
97759,12842.80118904113
86015,11007.39005108892
81090,17931.40353635304
106085,8092.458069015867
101600,10248.804775343573
94831,14507.577816267842
96566,8629.83195195315
82361,17214.523342875433
80479,13238.903475562654
82068,11110.150014288725
104750,9160.77726225679
93539,13481.837719168952
98127,8285.821812868375
96971,10973.85074672459
94105,15499.522509562195
95326,14430.536746157064
107438,11686.124897613483
100536,8075.801882156311
92659,12330.567787883194
94809,14522.654880265041
84186,6544.912414423834
85631,8863.362296009316
86381,10842.279719297314
78721,15610.886957635345
91773,13499.884317424207
90453,11724.1373388532
107225,12583.421869814363
89949,9838.559599077726
104531,8775.780287810288
76979,12311.43705248115
104743,7714.3155299398795
87731,8123.908529337034
79915,8650.84856099402
105072,18386.148053722896
99332,8308.344647199772
88800,7846.750282491683
89522,6581.64620285752
105361,10117.89793530825
96528,10991.408530961664
101546,6671.214748691858
78680,13835.994108183584
87029,10852.150833890068
80591,25261.468002381207
79887,16326.448411127023
76107,18415.69303170004
78272,10894.740676897605
88116,9097.316000674075
99644,10528.826145227053
87595,13847.144984319348
79324,12615.52237174505
76408,25972.96073979854
79173,11795.886294316353
95084,8438.659969639288
95455,16268.875802088163
83809,10430.383166448202
107320,11359.980370653899
78828,15967.555402075479
76284,11748.194211597971
105622,9782.14946260263
99344,6873.183804029928
79395,12843.68585791057
86906,9612.775816917696
107576,9076.674243507978
99418,9620.613629402123
89050,10590.591510987422
83758,8442.352788642742
76289,17700.291466223076
95798,21349.773638895935
76119,16535.266745023826
87583,13715.961328055417
93110,13817.837585441057
92911,14676.031555729565
99758,6932.263837229764
91697,16862.697495236564
85260,11716.76544818391
108475,11635.052308639155
84184,8414.651964312807
95737,14214.045507678899
105286,11450.220228050006
105354,9431.034304267521
101587,10950.185500755104
99526,10150.76817440744
82328,12895.545561856206
91052,13160.81674322251
81332,24882.40828451626
84562,11007.39005108892
86175,11594.127661230408
94828,17777.971996637225
76792,20321.990061391345
80436,11503.046533909483
88143,8286.904411717407
102644,10520.865088282193
79459,15700.505246850109
82225,12288.304148198964
83772,10025.306415598076
82109,13674.948299146914
102803,8261.594746985456
91947,27315.896847667187
88498,4636.176588262774
104204,11609.543455592215
103303,12545.686498076895
95989,17279.82401136219
90917,16994.526802315733
104994,11346.661421278839
91408,16317.059687609108
79084,15642.176732361244
94840,9837.952817915753
103127,10544.405453338217
93504,14350.857211408022
88642,10046.74369056723
95535,20538.53641761608
82775,4133.661829621403
96490,8894.347570347541
77545,21877.701903304147
104939,6583.715126413661
97679,8967.65981896098
95462,12583.320955461482
82601,7309.646584551336
91541,15783.105776094282
82997,13717.758875703375
86757,6195.079933413149
86498,10892.785577887082
78468,11703.972396946467
98262,15214.02628385765
108488,16004.243962077871
84813,8286.904411717407
84965,9430.342897106566
78478,18115.97240239092
98819,13243.320482622179
101543,10950.185500755104
82061,15874.76132429648
101359,10212.343945930363
107203,10545.249114543163
98811,17623.978451595558
102982,8995.028091705724
89603,15491.059173773574
95083,26846.21085871372
102426,9856.170915250006
88264,9430.342897106566
87119,9659.556699574157
86554,11007.39005108892
103454,10944.134959048064
99382,14549.458814358903
84255,8488.910397073834
101580,8455.083980491494
82690,12773.901812335394
103650,9464.96770824962
92587,25559.828575948864
92831,13105.287461583419
104410,13029.620265158956
89264,10125.768072378425
82865,10564.90047345869
76984,15208.358057860572
94265,16268.875802088163
76786,9611.057175254151
86379,8970.387163800977
89735,9838.559599077726
97066,9218.290982301822
77007,14536.787943157588
89137,10451.048002432408
78243,12213.799655568117
76669,17235.79064175882
89281,13430.1147525783
105621,15320.2959098247
84020,9720.619053362767
90142,13689.112718980603
79677,15623.449404910714
101025,9644.972968173093
101821,8965.152796679504
77424,11673.16013676832
80188,15652.984567844278
94655,21582.416091908126
85282,7463.8564495408245
78763,10606.674079286291
85774,10892.785577887082
79278,9454.384608610802
84460,10464.498603791475
81489,16895.897511272917
90788,14276.446469359766
90191,9223.543367563647
106772,19335.312519238938
108112,14054.173361643174
84380,10269.669244482775
93636,23276.07112394141
103749,4693.158913557597
93435,10499.086602593781
81394,10137.913986350086
82146,18261.629205819223
98362,5059.0947742214275
88250,9668.397271087782
107041,12422.704302066728
103478,11122.619822188417
89273,8674.560104119899
93583,17981.301678558037
92107,16268.875802088163
79557,7836.335599146488
77861,10309.958869874872
84591,14360.434070102243
102756,6958.18720195653
91798,15602.393976568426
100309,10944.134959048064
94987,18384.009602032787
89991,11481.465548399323
81523,13614.599333493621
82815,10744.411107776727
84366,8339.2810084056
105609,6583.715126413661
89695,4618.947387094096
86242,11680.511684726083
82477,6172.456529752551
83774,7796.765077982753
103676,8161.930795150397
85371,11225.127138110272
77386,19554.96286026792
93572,10357.033145688432
77535,16304.167857651477
97174,9466.058766376464
78330,20673.85278206726
94032,10499.086602593781
97537,12014.9115784276
93975,13733.845462934063
80657,18051.560733098424
85971,11235.346775552263
77536,12395.2354872351
81757,11590.454921048587
81232,15875.10613606351
88606,9189.052077633167
107709,8193.771920535695
79596,15086.21309135714
85671,10892.785577887082
93617,16255.731680897476
104211,11594.78889194951
98843,10324.14774783345
76153,26651.5135579554
105258,8232.325872234602
94812,17275.75339228291
82892,13093.385841605363
87816,9923.441605197333
90058,7346.152897767581
95471,10278.98821556452
90419,9838.559599077726
88777,10208.122161795556
101559,6987.203750602017
86808,12862.871611489432
93637,15490.592267039907
81562,12729.677819476574
76442,19332.29606992339
79967,16152.808591297739
88683,11827.674414258814
78139,8751.672786369372
86530,9052.153719257334
77000,16142.26961009537
101915,9942.113655812269
90706,9838.559599077726
77396,13578.816120139047
83475,14567.527686033454
104217,12738.720230583098
101461,9149.873891484025
82676,7828.84904108705
104438,12122.862101235407
94757,15168.288618291665
84916,11632.405610337546
85934,14106.95595794904
93051,12200.11282935883
85136,8849.203564539848
86448,8970.387163800977
102828,8995.028091705724
101564,8220.940481018913
85740,15161.719223166923
107725,13570.101843485825
77165,14343.022364489925
107859,11452.662133832768
83065,7055.79834248176
83470,13649.995346514292
82147,15032.978896364884
103691,7974.937826153563
84024,10208.122161795556
99630,8688.750993193687
105243,12770.870616034203
103804,8220.682463267836
80130,9616.89080208143
97317,7999.641555265533
78532,20315.640481583807
98989,7007.740893644725
87716,8541.364067927685
103640,5721.586046219393
100541,12545.686498076895
101428,6395.874500734013
100899,4544.938807791816
91739,16590.902748037493
94502,21253.091919614802
93919,16018.77286048896
79707,25269.363306570984
91516,17935.464538447864
93156,17404.333946771803
93340,15760.560820762239
86892,10128.917337806559
80420,12615.52237174505
91660,26426.047640749523
104006,10343.890912314107
79833,22261.096744544244
101663,6940.4481358163275
102471,11516.784115749242
105380,8426.596172296171
107076,14164.324349343355
97009,14201.208915664414
78577,19092.699347447233
100281,8375.835953292595
81075,20677.991336962354
105712,17662.476149623264
90807,10610.21934369771
84240,11528.384097145416
96951,12904.338960543719
77270,11960.229744739352
81760,12997.711505773961
92040,20072.090909667877
89339,11939.720901182718
95256,15833.973376634882
84788,12692.98513918135
83686,10498.47362783463
98633,7738.510720578875
76608,13527.108568006015
98918,10294.25530228243
100264,8448.510033869856
93998,15214.992549712208
90051,7346.152897767581
100506,11142.454800406009
95747,10537.849203237929
91393,10249.74666147845
101051,10155.070967219604
107844,10417.33416129635
105479,13110.754767284116
102468,10155.070967219604
106785,12200.14855775321
91577,13885.764315852875
80832,8431.015899504386
88616,4920.933140492656
78897,16280.606845078897
83228,10842.279719297314
90389,7636.950526690325
90154,10606.676955461184
107664,14838.627876807277
84602,7463.8564495408245
103155,6958.18720195653
94290,14540.226686522852
84292,7992.6438162243585
82455,13649.995346514292
84453,8442.352788642742
89161,10864.028483954668
104207,11244.745961209366
85660,8971.00896541581
80032,18700.994159550104
75996,15131.938871887516
83712,11596.949880190885
89784,8675.543409340642
101364,4544.938807791816
79099,14651.318064223435
101423,8992.217432538615
89977,6255.4843813304715
87688,9378.695438696226
87401,12643.983256807467
90723,10695.74573418596
85875,8039.560709911041
106387,15904.502245948488
76002,10331.386337240128
99436,9317.576884798662
107239,11976.812795177968
80251,14864.199835962514
85127,18120.41642660303
90351,8706.799942212909
95526,16994.526802315733
79335,17441.5278777642
104754,9160.77726225679
91081,18722.005353424036
82005,12049.86553092054
89414,14858.205380759679
102366,8075.801882156311
107017,8404.639405134512
88810,9787.913713362499
86694,7516.861479614891
79641,9476.224127581301
104863,13744.146755347021
100526,12541.766494819525
80318,14706.898941453042
100931,10950.185500755104
102375,9826.037506824949
78617,15822.856688637976
103552,8828.687165785275
108268,10999.41899581736
77842,11653.384942496186
88774,8863.362296009316
82323,13048.838048553713
94125,16267.891931705532
98661,8839.52687002069
100997,11548.363788616194
76933,6228.654506982315
76957,22672.309898772663
84347,9189.052077633167
102000,6940.4481358163275
84626,12095.097044935565
82214,21465.248610840044
105909,17548.293009639856
107442,8955.300638688039
102342,7167.580121347789
104461,13316.157263369074
80095,24882.40828451626
83558,9892.426226071593
104376,14612.188982212489
105494,9606.521660346829
81702,17843.696704223003
108056,10852.319194582731
84131,12665.080842342304
94242,15319.612625232689
102987,6940.4481358163275
99643,12111.688388424833
78954,19391.01708864312
85511,14212.865046653415
85380,9368.472707539786
77232,17795.701133212136
86585,8658.88312633101
99729,10192.236075267645
94946,17312.76725588995
97768,12313.253111204758
83855,11863.278357673467
92397,9721.997734977696
90311,8520.423738319274
99324,7501.687946044518
81167,12324.673424814853
80030,18931.326965696757
103679,8488.438189342412
80164,9412.913015733006
103198,6940.4481358163275
87658,9486.546491391653
102090,7503.080505396912
92710,12137.451350444246
88551,8970.387163800977
91001,16604.260954289504
100653,8964.148186826067
106050,11053.461461957417
92084,10142.790647621203
77402,14011.297898189126
101296,7601.845233336537
107242,11695.490828148351
95646,14567.956218623336
99126,6932.263837229764
90982,15350.674821971508
94896,15981.076379966386
93011,12420.101403640574
84607,11225.127138110272
83352,6844.712669471286
86097,12643.856742553373
99312,6932.263837229764
77584,17332.983497727346
97372,10982.33377947832
107179,12770.870616034203
105835,10349.227789825813
92924,15100.146544214724
90798,7346.152897767581
77487,12141.518815500127
87523,7740.261793604098
104328,16450.400901077825
91404,12234.763343298197
105702,12890.124376572943
86051,8935.997242766356
98136,10597.739702902141
91149,14802.202613571388
84015,9430.342897106566
78227,17083.16173272594
91810,20613.63614210036
92345,14292.027209331802
102647,11418.159872911894
106549,9782.14946260263
97007,14408.826822166062
86887,11007.39005108892
103983,11101.324737779481
89554,10695.74573418596
88066,9126.207405997451
98778,14622.537752490533
91459,16734.28106034369
79659,16819.272283320504
83978,7055.79834248176
88036,10889.38199599662
80483,8616.935028485303
101770,3146.76945204389
98220,15214.02628385765
84427,10025.306415598076
94491,12401.38747364713
83782,10046.74369056723
101945,9506.003462640618
96613,10356.807679184585
80126,23980.19937515764
83381,12578.222368934537
100263,8107.438468275427
94953,14567.956218623336
84413,10800.564920659956
94816,17248.467289459415
78578,14383.39755679798
89766,9996.314189936551
78560,18175.26487106598
106444,11427.21790338649
100883,4159.917173446677
102769,8860.173191252281
106426,19584.88349624754
92404,20284.663061969026
84800,8303.689196794052
90714,10212.003588595437
96274,12708.891872429409
88259,7907.504859649498
90683,10695.74573418596
78878,10291.056892940218
78675,9470.438288776586
102189,12496.45535897233
97959,12055.46765992048
78324,15040.797912176633
100397,8768.138180480844
89808,9838.559599077726
102920,8341.868424260058
77724,11218.407811341001
97183,11894.982299879113
102360,6933.45413100274
81748,13392.147956173065
100225,6890.983241160934
101411,10242.645422791415
93887,15851.367390093192
94437,12513.664970718408
102317,7357.950427294881
100939,9597.896939824725
102016,6637.941160292419
88651,8286.904411717407
99340,6437.914809451261
107078,15591.843051058926
100937,9597.896939824725
86922,10025.306415598076
77864,17972.28285409436
105180,11877.497989871568
85599,7992.6438162243585
94556,16795.976580981536
88368,12655.421666071235
81005,23388.027650712746
79083,21411.8949722725
95200,17213.457843554694
94374,16274.963277471645
94160,14766.353293812717
104549,10451.289335281537
85933,12862.871611489432
104848,14570.409401058922
104424,17208.582556966074
78183,12225.186338114368
99280,14945.185184826567
97928,6526.899728255923
93122,12434.883010737669
107991,4982.024494621211
92468,17453.444187842877
97451,7675.905877602376
94463,11559.373515365098
77629,11984.368467473261
86008,10208.122161795556
106210,18825.43176590626
106181,11595.838918004956
87485,10025.306415598076
107645,9600.261240005813
100084,9382.840979612847
88201,8970.387163800977
86236,11007.39005108892
97090,11161.289231968518
83909,10075.169409813876
77686,17153.89581134478
85505,12655.421666071235
92046,16388.08297500378
76681,11019.328012618304
102648,8373.912546578835
104998,21148.458134108863
86349,9609.772152761147
77229,11869.6061437954
93379,15247.916917297416
84973,6360.589159076529
80681,16548.053715764203
97876,8886.739901870265
89330,8284.314994001783
106836,13867.195299232006
96449,8506.076457184194
88765,11128.825930528752
85710,7309.646584551336
104002,17662.476149623264
99224,6932.263837229764
96767,14742.7372950026
91035,16734.28106034369
91531,10912.056240498698
95857,16274.963277471645
81338,11263.034319423568
97921,10352.875569352487
94040,16604.47040300889
88240,9430.342897106566
104643,9597.745994496323
84702,8778.499898613542
79809,12239.05753755047
82171,11667.023101033328
102481,8995.028091705724
99514,8639.31730600617
76656,19769.046190889585
86176,10128.933001251711
85784,8967.584203281447
91529,15139.69132440907
96184,7274.6088647755905
94982,16255.731680897476
89887,13314.188362864817
91306,13684.015484284091
94801,13166.073433345327
84873,10208.122161795556
105262,12833.616667507997
78755,13639.761391000988
105378,12440.147525185967
107314,15962.507125467
88401,11225.127138110272
104523,8931.252770953626
95968,12729.98821482188
106940,11305.548349822242
85854,10208.122161795556
100090,9103.294016233112
94299,16734.28106034369
95815,21910.185239391154
83336,10655.267961159261
93357,8684.92115543938
83671,9580.030891531387
95352,17018.490776520313
81447,9818.085819293747
82530,9189.052077633167
84072,8423.730373968292
79590,23395.63560711474
81072,13887.595771226119
100894,10622.925382061594
94501,17768.36724500285
98410,12331.373042317238
77356,19221.839775131033
89008,7516.861479614891
79270,30174.19328751543
102768,9107.139278947829
104671,11123.945344058793
91482,15981.076379966386
93496,16725.87372033563
89699,6848.562277148047
93711,15238.64643340694
92768,16303.417122258476
102118,8995.028091705724
99410,6446.0938593137325
101552,6958.18720195653
105876,8955.300638688039
106386,18021.2763605607
94563,15739.405289539125
95860,13102.803536210049
83636,9393.7608702345
98837,6446.0938593137325
78724,9347.962259855578
92579,16551.78935823394
82223,16819.272283320504
84289,8676.781701580834
77579,16568.35873434294
83896,5815.080373728075
87389,7373.748174996581
88139,7554.507858808292
106790,18366.038734782036
82260,15405.753262781962
101627,9665.362367654963
81876,16023.20708676057
91029,16755.36743363339
84583,4579.103658011842
108158,8926.64329925205
108203,10352.462556786288
98582,7124.5349465445715
107003,21418.868241270942
107777,17276.819491683353
90308,6416.519192506245
76799,12282.569817556385
101387,10885.890796409785
79964,13886.805233467752
91606,16018.77286048896
103952,10950.185500755104
88622,7554.507858808292
94559,19924.75385004033
76143,13204.594408093171
94903,15818.39424545284
104486,6173.730322489344
87551,7404.676803312217
78063,26210.90711051128
102556,6220.1166325113645
100052,8995.028091705724
107074,17285.579055451984
92069,15072.32203886661
107850,18629.764791780184
104540,10352.462556786288
96846,15423.30786781937
92391,17300.71960060568
84659,11594.127661230408
84117,10864.028483954668
79120,10343.239361386592
91389,11323.029062454969
84349,8828.904517368122
90954,20093.904982513548
92695,12018.285919083071
107811,14159.898629644427
81971,14119.419499801708
83450,8033.642224126768
75976,16982.50370192288
102965,8992.217432538615
90287,15170.816037733588
77605,26235.19459492209
91214,18342.021946687943
108303,10417.33416129635
94860,23509.823054232158
79366,16245.176153405631
106091,10634.421354712576
76439,20010.79219802787
87417,18120.41642660303
93478,11189.939910717852
107216,14053.295723490499
103764,12545.686498076895
86879,9327.276179493998
103625,10625.968894464777
76402,9712.049724024022
80311,14091.170654343907
80391,19518.174187194807
100880,10020.836015811246
83171,7085.825414318851
88078,8863.362296009316
84318,12761.270181742664
93526,16317.059687609108
94190,11374.818740027335
97052,10181.702699096655
86101,8184.721489970442
87543,12603.864549126207
85029,8660.61316586105
83740,10864.028483954668
100089,5721.586046219393
98227,11882.185502172732
98248,8116.306099465005
107138,19074.09308441749
86854,8674.560104119899
102785,7202.707410449013
87839,10131.768150764248
93906,13791.268512345987
84661,12170.693372697973
87432,10762.628259840041
85654,13759.28879427359
90678,10345.227292623824
95299,13885.709524377484
95236,19209.38831532188
107608,18653.510781719484
87004,12150.917771113685
100566,8511.493886729475
80665,10325.0613205092
88010,7255.048497873582
102663,9929.857020505955
85485,10025.306415598076
101269,8992.217432538615
104674,15168.560763388125
89263,11007.39005108892
95420,15854.351192960568
102691,6220.1166325113645
86663,8863.362296009316
106138,10527.364314136159
91571,16269.878123787927
93819,13404.848483628111
78571,13001.424881699448
94985,13206.619661070481
93301,13758.286997185905
106718,9116.536139879645
86771,10864.028483954668
87704,6424.871765531134
79666,11343.365694629001
107584,11658.119775395446
84895,10025.306415598076
108408,8735.519678965697
98171,11966.501253684413
83310,8970.387163800977
86673,12602.580063045212
82853,12479.183573235485
105650,9998.607470108203
98670,12142.184466014696
85066,6195.079933413149
83794,6132.886270207332
80583,8652.068591943018
88130,9973.351050199683
98999,7705.041863890281
101330,6890.983241160934
94984,13865.844314219674
97990,7158.483484460836
86985,13141.176052889565
105865,14634.494959563304
108519,14715.24910545787
85264,11307.328262990874
99920,10950.185500755104
79757,14037.27782977092
102991,9942.113655812269
82734,9889.3351898017
93798,16734.28106034369
78739,11963.967999739205
94102,16710.132217168728
107720,9973.65155053869
104818,15860.938068647356
105035,6048.950199300391
78882,12402.509527266337
106768,9049.94277077537
104488,13264.897650071403
83401,13847.144984319348
96513,9207.633779795344
103742,6940.4481358163275
85746,10968.676622138117
89503,6594.57125484687
86162,9430.342897106566
90081,9398.626524392464
87809,10842.279719297314
105903,10969.109271262998
91476,15386.242027692391
77323,14215.532706517082
79344,21078.15525675049
86967,9108.703453719221
87631,9814.448966301481
91478,14322.29639702385
87477,11153.721654454914
97456,15036.168119992963
91210,17304.15155520808
88841,15311.025314999986
86262,11528.384097145416
98038,14704.634443925514
108461,11490.695557729172
95645,15490.592267039907
91233,14764.815386300592
81480,16064.778279977072
82671,10892.785577887082
105275,9076.674243507978
77852,11980.623838686992
90565,14118.088089464296
89172,8970.387163800977
102384,8995.028091705724
88944,8849.203564539848
80531,14091.170654343907
101795,7501.4505891355
90744,6594.57125484687
78179,18595.88383509402
94388,18690.45989699203
92546,13865.844314219674
84282,11072.760814645324
87078,11007.39005108892
93190,17226.880596431536
92014,10499.086602593781
104501,15441.159836084325
79523,13887.619200785735
81096,13887.619200785735
78193,19763.065596645312
94720,20284.663061969026
97242,8887.634543281463
103784,9736.65917523269
100186,7669.9718954193795
91494,10276.747601032568
98765,7090.947638985781
97370,14693.748046924136
76295,17883.240765745657
105840,13976.467385260015
100641,7545.161491092144
97160,17381.24399413913
96440,14933.169155275253
84853,7325.982979965908
105223,8606.70924253441
105879,11289.346825761615
80347,17983.828834271153
84534,9612.775816917696
85045,9281.259001915178
99348,16405.204305896626
105487,14332.769500448332
101906,5845.616487729794
84905,9393.7608702345
105810,9637.531680569102
76346,9006.264821324627
104163,8709.734897319666
91997,14463.588853258376
94182,14766.353293812717
98583,9948.305433554853
78048,14300.78594073917
91650,13486.297854425846
99045,16405.204305896626
90167,9838.559599077726
81936,5981.549055128366
97322,7528.2094432281265
79506,12836.388222922445
101689,9597.896939824725
99677,5495.126375779944
104364,7424.360742037534
104493,14054.173361643174
85811,8970.387163800977
76088,14617.32036291061
107014,8709.734897319666
85517,9776.591224236481
100065,9184.60017861272
100700,7313.246746804406
100178,7777.453781035342
86072,11747.052770744021
89071,6424.871765531134
76027,10765.194825298668
84394,9130.342317000299
97989,14201.696217355433
77527,10066.529758003458
89342,8970.387163800977
94118,14102.969456371378
94468,20091.946309694107
76061,13625.736021132583
85744,8378.801752448186
105185,7676.551410027144
79043,13852.837443911234
103948,9491.307078100184
98325,6446.0938593137325
77056,13118.387525394945
85262,9263.58631907964
94885,18046.162318291943
92436,24649.694525999712
105339,8426.596172296171
85288,8926.304670489428
92944,17049.159751050167
83145,12955.683361765829
87905,9547.480296066184
89188,10025.306415598076
90245,13049.821501067474
80370,14127.646546938671
92165,20284.663061969026
91638,12979.913602399509
103657,9694.703106271116
81016,13437.232591537473
103792,12545.686498076895
94815,12431.85453844302
78957,8700.53841999444
83141,8123.908529337034
107365,10201.861559110472
95563,14883.707459409383
76918,17225.93031406402
87215,10089.826929937744
108328,10116.905214335104
108027,14231.696782131694
79325,18554.676647981083
89545,10695.74573418596
103967,8305.309123015148
77530,20010.79219802787
95330,18256.40202513834
78671,5861.454423057027
102103,8512.625368827996
80024,9978.45589494015
89481,8298.41183109531
89138,10025.306415598076
98762,7007.740893644725
86166,12606.519072427398
91396,12081.949236717828
94749,18963.89849012809
95788,12321.62681375031
99730,10349.640673353095
102801,10950.185500755104
87208,9903.70082858978
83098,8472.725757379905
96015,16050.289521637835
107970,15860.938068647356
77471,17490.77228390193
85822,7814.040009885382
100518,8081.782989431367
97282,14613.236666601208
107193,7424.360742037534
104825,8462.84934173934
82687,18402.217577508163
83026,10075.169409813876
77470,12129.603545626213
79254,11007.012706457159
108020,5011.130062298111
99103,7502.534086505249
78665,19761.215332288062
86932,10128.933001251711
79269,11790.023437736258
92024,26426.047640749523
95652,16516.33855393646
96170,8267.467634877972
83586,11524.781933082164
100804,8957.186255387089
100758,10203.41140065679
107628,13434.713761075503
108337,8609.399418444404
83175,11007.39005108892
90838,6786.412002534898
102741,11946.012247267523
81263,10586.912674264988
97071,7347.205028055803
95004,16653.469197899794
107019,12459.971237307956
95503,12617.941862722077
86249,9730.504313761581
106921,16753.735505158587
89972,11791.428936607172
77660,16467.4235543017
77328,17493.990360409756
98264,9272.15956007335
86800,11007.39005108892
76661,13527.108568006015
81734,21552.96056864798
84741,9609.772152761147
89926,18330.14458691394
79502,10273.357439133604
96963,10639.001294709136
97855,18402.759290957943
86877,13862.908565250478
96814,14389.454673321892
94648,21904.07244719543
103104,6933.45413100274
77999,15714.634271410263
77500,15399.103670717664
108189,10201.861559110472
107124,11771.089552273286
105320,11592.215678806246
84589,8679.043534583581
100502,6075.8654343947255
84272,13141.176052889565
90146,6300.346124341108
89016,10464.498603791475
92360,13865.844314219674
97341,11282.79589196577
99635,8285.821812868375
93758,13374.962202080864
104345,14049.782056785993
104346,10201.861559110472
103219,11406.62424072826
94240,12617.941862722077
100510,11366.448140542874
97788,7437.216490372242
87877,12730.578882009575
83993,8940.430175947058
95268,20126.796610831716
90857,8580.370234308308
89897,12027.591219804295
103642,7474.0134611651065
79712,16899.076193491797
84733,7818.11395562249
103510,8527.16019313496
82151,12288.59291685446
89275,8585.836528187709
97022,14481.616540771818
89964,6594.57125484687
103169,8995.028091705724
98586,9346.349392392316
78199,8504.361127591
78507,14000.350853809285
88856,10627.28678602498
79309,14964.127712737689
85685,10421.99227167589
76527,11769.401940105114
81636,10178.098767850357
86638,10208.122161795556
106517,13264.897650071403
102023,10950.185500755104
91620,25098.423252882094
101886,7904.186404230726
84887,10208.122161795556
84751,7707.28444656348
92613,16291.993220053577
91825,15139.69132440907
101895,10702.854571122913
90560,12695.137446819417
105545,8349.232767948182
78700,13613.152043940385
82886,14172.44116641745
105649,10634.421354712576
77577,10726.368565993364
98003,14758.649002338148
80537,14452.178817787766
87387,10283.631497427188
97626,6272.395856612434
92948,15336.20877778415
104000,9076.674243507978
78385,14612.753112150951
103301,8161.930795150397
100102,7479.988696154315
91401,12326.199936047624
105726,8816.461962049372
108002,6032.144539112022
96055,7666.932828246235
86533,14172.44116641745
84966,10055.922369552976
82750,8378.801752448186
84780,10842.279719297314
99760,8482.527532405302
96353,14924.174797034775
90252,14276.446469359766
92114,13457.382184433338
85641,10313.06654309986
78846,19382.53239909329
97479,15274.77963874899
100657,5717.803740841529
92553,14892.98098934255
87684,7707.28444656348
76579,16682.228644205097
104441,7157.351217863152
102915,10212.343945930363
98255,9351.862668237327
84716,8970.387163800977
85426,9719.374588822875
76829,12418.078302063424
77899,21836.34691855666
93875,11518.265027276802
94170,20072.85601973091
96206,12848.379494948182
82777,10852.150833890068
99399,7543.73468612149
76017,15642.176732361244
78785,12593.16475786711
104195,7157.351217863152
100767,9470.800648463044
93500,12244.457280552851
103248,7769.271256970338
101828,7482.326736974034
93209,15854.351192960568
96665,8617.217336628608
94208,14737.069087328491
81789,24882.40828451626
92578,12942.644833361303
84750,9867.521693590565
107543,10753.579235537327
83294,10892.785577887082
82408,8650.84856099402
104836,16920.188222568442
87366,8378.801752448186
100488,7564.445919236805
87296,11007.39005108892
99820,6513.784250943543
103856,6308.4889984657
80536,15854.334805610606
95407,16448.281163168518
78024,14712.088347597863
88166,12643.856742553373
79046,9658.720396383424
100829,7744.153194126366
99250,8144.652446343193
107164,7487.253990992592
83857,9791.889379461769
90031,15914.092696300695
97531,18437.968697399287
78237,12382.124908760848
77205,13134.805009178515
84796,11701.839457623819
79769,13869.018561487324
79899,10377.499934354115
81570,17324.304193650943
96209,8142.068974379094
108012,11641.668073308454
83784,8971.00896541581
95293,16994.526802315733
107894,8444.46287620455
90118,7501.750517887031
81548,12059.160929615151
91246,10869.525345665346
106066,18362.122632993785
76349,24227.68394532189
84792,9430.342897106566
94792,14310.369418163662
98772,8285.821812868375
81023,17037.875100998353
92760,11759.004492084769
81049,17542.451250566337
103697,7476.349634538707
82248,17882.663258214285
85475,13649.995346514292
80927,15875.10613606351
93520,14102.969456371378
103034,8845.298426133138
88006,10492.379702187873
80697,12120.754606112574
89565,12823.303320178273
106983,11444.55657508771
76042,15512.043815130284
95214,14843.037108771981
77712,12688.889364715737
102226,7331.965122045813
106128,18564.267074202282
94347,21301.397469554737
84176,9022.225016549484
92633,17981.301678558037
89147,9144.970411213779
76200,11579.987621757806
91972,15329.407643165689
95624,14532.618854706348
88237,9730.504313761581
90626,12827.311312418986
79402,18363.296148461002
92751,12720.625485987837
93494,16336.837540667595
77785,18493.918075629073
108502,8735.519678965697
76356,9259.765987245595
90256,8222.828982882666
76286,14054.749358756873
98835,15542.22288108018
78799,17503.835220968846
99864,10295.524053220423
89317,13107.8302198096
81235,19976.111724484388
82980,9307.519115278817
79032,10590.260522553584
94549,13195.258247964177
86872,8286.904411717407
101730,9973.636142131234
82684,9659.556699574157
99516,9337.253939127064
80017,7499.649428688615
99863,10349.640673353095
92792,19230.524657887196
100593,9184.60017861272
86135,5815.080373728075
78870,8241.565129740527
107586,14248.945448568527
83757,10298.614795034384
92765,15726.58239053424
84890,9043.312075509144
108290,10446.295550006898
82893,15452.894265968018
89660,7189.358414701705
105543,9694.044178257856
106368,9606.521660346829
81799,20864.185287212462
102757,5742.014650199383
87520,8094.952536108118
85172,9221.846086693522
76593,12389.117697980726
99431,8283.232733392733
104403,12997.159784600435
102932,9336.457256959715
81998,10229.779494070382
81391,7979.431662702306
108151,11098.18174057759
100164,10520.865088282193
77950,21836.34691855666
100416,9853.091206348225
108237,9998.607470108203
93464,15487.244257550796
83899,9720.619053362767
107184,10420.590213608675
78001,21478.859846503416
98816,6930.879331877022
98737,14945.185184826567
105432,14054.173361643174
99160,4855.891185431157
99195,3681.7523395619028
90337,8819.77867636612
85546,10864.028483954668
107128,14638.918292246455
93327,16734.28106034369
81501,16868.944358947658
78485,12344.249388291806
98491,15214.02628385765
91265,17216.533976725543
97185,10973.85074672459
95708,13293.15064583318
92269,15340.79981686092
90122,11246.400800761538
84219,8966.42358740336
95920,13789.488169245558
82679,9814.448966301481
105174,11595.838918004956
90879,10950.29521358866
77507,22355.02343085688
88757,9025.045054016613
101256,7430.015351339988
83426,11736.497883020265
76075,21484.83808373935
76871,14866.515466100618
77695,20262.576655766836
103555,8828.687165785275
94893,14540.226686522852
95836,16346.32394569285
92061,9750.995251318602
79710,10982.244538468454
93899,11185.518308236307
83299,8740.465159156109
95620,16691.622593343312
104279,13156.11339075681
83705,11007.39005108892
95472,16686.421520004467
106260,10417.33416129635
76886,10790.219549879805
97248,9710.001378793406
80660,11675.945597799975
101333,9301.019737125922
89360,7203.171459345017
85450,7455.720122522847
88836,11007.39005108892
77416,16976.46828273267
79577,19740.385399906958
98503,6932.263837229764
76778,11474.212222377662
93681,12244.457280552851
98418,6446.0938593137325
98615,8285.821812868375
91857,20091.946309694107
85059,7920.629669907354
84064,10744.411107776727
83511,8606.767265135348
87961,9418.62652256269
89756,7921.358414544485
106904,10443.901722202725
78218,16112.029324811949
91503,13651.110488942777
77126,9458.117302167526
97801,8067.317464598718
87474,10025.306415598076
77057,14834.930646383224
79478,15419.448104920983
90041,9573.056227749445
83374,13461.670486293004
102094,9942.113655812269
103780,13433.834126883077
105079,7091.639191751503
80462,16624.2194057955
101705,9398.356234549743
105756,16926.31743643691
88993,8819.286768153457
89593,7625.001769214644
86338,14037.385492479987
77853,16777.79429825182
92077,16725.87372033563
102494,7157.049877488366
92534,21094.184205837682
78971,16242.781702305265
84687,11594.127661230408
88376,9430.342897106566
105707,10440.638386597726
80939,15924.053662403338
82258,15271.563818613367
104917,8170.940627282074
95086,14766.353293812717
79275,14398.54897928298
104721,7345.995582093287
107939,14088.728768131283
106703,9053.711593359763
107820,9409.498844077627
79947,15073.758061720102
89961,10778.47314817618
106451,8290.923654918695
98821,9859.751938318626
77748,18557.829245510344
104802,16641.83374510079
81481,22735.537127306547
93544,11848.678360852175
89611,10695.74573418596
79850,18523.157215838954
81466,15537.958249405034
90668,6991.408880387844
89743,11786.163405823752
106672,15512.29608923611
76030,12364.899676752888
97231,6319.899525661224
93484,16994.526802315733
81393,11184.193517665102
94369,9323.5225692825
93507,17678.540200392377
100752,7482.326736974034
95565,15952.480790914691
98749,11090.281488370503
99634,9018.555924617438
86127,7246.50782568957
101842,10541.110717016105
108481,9076.674243507978
82863,9558.134653672843
90043,9174.571903770422
76857,18333.56405028941
83241,10146.534249651186
103197,6994.161888176234
95458,10541.195290312276
76515,16343.2575295837
84987,9814.448966301481
80199,13990.4863819524
77835,15880.476007560217
80809,10072.097813048951
77245,16882.73305004931
104828,12327.569422720104
107338,8747.542777862573
78811,17429.23863066976
76708,17308.418665886096
88559,7974.781550247588
99380,3913.5521708254646
89411,7248.772896501201
94532,16994.526802315733
88046,7818.11395562249
99155,9337.253939127064
80986,11141.428129281807
96122,16729.58684738632
78618,12904.400939980607
98205,3681.7523395619028
98995,17054.931208874004
102432,8768.138180480844
78709,15499.466938893413
93586,15128.374351828177
98147,7705.041863890281
95468,20566.516450070332
95425,10967.138144490005
89106,8660.61316586105
85764,9787.913713362499
87674,9151.014332579907
106365,19240.875593517183
106263,7157.351217863152
97423,11727.350567977088
86855,11897.37679691167
101637,8027.166010951829
100129,6324.049139559034
89346,9836.234188788905
80037,9308.36275152891
87439,6917.977338850102
76329,23856.679744999215
101234,12458.393443389301
93715,16971.715013432105
96728,13226.70234525827
88023,10904.17230107257
100289,10950.185500755104
93685,12330.567787883194
97301,9804.187495154014
100588,9629.231596658106
78240,11463.037905053076
91194,17728.151934439287
78088,13798.231101694751
103811,8828.687165785275
79852,11911.302263869924
77718,14339.929914231829
99968,6940.4481358163275
82937,10405.599868311378
106774,12591.076963967056
85107,8284.314994001783
77329,15798.9303103475
106498,12087.015863849823
80946,14570.247780189413
89630,16859.64456375735
105995,15962.507125467
79926,25269.363306570984
93982,11496.20924345521
95152,21579.099178687702
102460,11055.189833746783
86797,12859.630455455312
98696,11226.264918425915
87491,16255.76010074934
93185,15206.339008799532
90910,15094.622865980964
102510,7734.199626476534
99707,9755.924452688356
106468,8458.1757218432
97505,11454.686833847521
85240,11225.127138110272
89795,16601.464219855086
78677,13231.741445050055
94311,14463.94530434016
79406,18061.650574496452
85528,12733.43798561443
95656,12079.94148273307
102783,10212.343945930363
76191,16174.03156569299
96193,7900.016295793875
108352,13760.585806848609
94226,16686.421520004467
94472,14403.422615552505
78628,10343.239361386592
96861,12352.308948752052
89698,10858.942605457318
89021,13837.800473127445
98919,10352.875569352487
107511,17392.002364972006
104317,9551.646117527931
105587,12460.08663107577
89244,9727.463867296718
108221,21148.458134108863
104558,15204.303459792181
99691,9280.890273262394
81153,13653.11874799581
83019,10208.122161795556
84699,7846.643538478685
92354,21628.93234916398
77258,20656.9208162854
81991,11838.386694176183
99191,10597.739702902141
80072,13214.891889059338
97195,15804.502509575485
83104,10864.028483954668
104712,12068.27490808248
100443,9335.754364942668
93443,17637.06790311397
85543,13189.908119454925
82977,11007.39005108892
92597,16994.526802315733
89182,11939.720901182718
89737,7921.358414544485
103093,10946.76398521462
103417,5525.468610051766
78550,8775.27828122649
93081,19669.7810472281
80992,11018.009750563968
83725,9430.342897106566
90755,10695.74573418596
89727,10759.843949447506
82723,10128.933001251711
85046,7309.646584551336
105507,14749.940984015439
102497,7260.862714909608
86897,7707.28444656348
81522,10510.757329982307
106201,14761.89880858287
87615,9430.342897106566
84646,8286.904411717407
104296,15810.47637027428
84433,6199.650611693736
101470,11164.379597867934
76641,15958.086771882801
88265,8339.2810084056
101728,9573.12551421537
83541,8252.035000778844
93807,17032.59224272876
83873,8970.387163800977
76785,25108.9780874171
83629,9221.846086693522
87576,11409.19869142934
93395,13595.241745300063
95537,15608.394498925543
89598,6786.412002534898
78074,19438.298728860413
102980,8995.028091705724
104929,12509.942795686855
97395,10346.546130597108
106751,15027.155760450267
101628,10055.273663020296
103613,11333.345317513322
103641,10006.392989790565
95834,13460.527510696407
101797,4178.073493824435
80042,15508.777075481003
81608,13780.929476669517
86535,9892.426226071593
98235,14945.185184826567
94784,13662.037793431762
79342,10260.638611622166
97906,13003.42646942253
84622,10405.599868311378
85948,12150.917771113685
88274,10025.306415598076
92480,14540.226686522852
86378,11007.39005108892
107558,13772.793787368813
88531,9785.050774041576
103681,10245.84687945897
103559,6940.4481358163275
102821,10245.84687945897
77372,18673.484931698593
108078,9076.674243507978
96014,9154.362152152115
91072,13048.954659523179
78981,11565.141705486958
85860,5806.1972533581475
91538,14641.263124471978
100904,10207.788956183587
83903,8378.695310165847
89075,10682.14991356968
87210,5895.629935816382
95405,13253.144506566496
101957,9653.750373501798
91384,16430.89367167195
91816,14322.29639702385
93271,13374.962202080864
106951,12462.385457593708
77457,11827.095745031387
99216,9354.7857276868
106683,6742.63337640849
79593,11155.267890536941
92575,12335.622970973855
106332,14778.36121609406
99751,10398.199074912012
97844,13264.97070161751
90776,8176.674351847428
107788,18104.592969043853
97552,8107.94180465191
85396,8585.836528187709
90072,6727.951930051356
104380,8426.596172296171
108171,10352.462556786288
82534,11007.39005108892
77917,15766.142756760835
76212,12387.90435590796
77975,12664.704044919796
96718,16759.267502804585
101250,7782.064455353992
102875,12889.868153088055
97385,8309.001108441666
93943,14532.921578443278
76389,16339.85681660337
104653,15101.487171990719
85000,8971.00896541581
100844,6220.1166325113645
94384,24244.546412948024
91625,14766.353293812717
92124,16258.480532180245
100983,9184.60017861272
97669,14613.236666601208
76674,14891.547042600267
104012,14236.955106118501
100742,10245.84687945897
97937,8168.360054332339
99509,15698.260692275868
99834,7129.557726316531
104037,11695.490828148351
96369,10799.814324356114
86125,9189.052077633167
102999,6644.748919760064
85473,8337.39820506089
90508,6301.629912168334
105281,18564.267074202282
90368,8095.824696207336
84029,9836.234188788905
88603,8970.387163800977
102423,6349.317917540063
105253,16419.738625592505
76230,13506.007363921466
100316,10203.41140065679
102553,8860.173191252281
76308,20117.642619404513
101348,8511.493886729475
105689,17411.188699470877
78347,18059.687911233108
88127,13332.957197249512
97320,9221.172296459745
98421,10543.583302166517
87422,9101.794968636646
90886,5790.2340192798365
82580,7231.22360431783
106420,8559.433615470405
80218,12579.001871678458
77197,9131.817926093365
81116,12761.939876656266
103847,8995.028091705724
76611,17528.867997100228
80677,11545.22613383993
91546,11676.602002763415
83706,8408.30094778778
83288,9021.847100723777
83664,9189.052077633167
81103,16720.976596651482
104136,15084.099619869927
79754,15924.053662403338
80794,15880.067911266218
90027,5705.956505031145
99186,9620.613629402123
79957,11890.644779518747
83420,13862.908565250478
106971,9053.711593359763
88929,11426.293795597276
79354,13903.199132382364
104624,14435.868866871073
103631,3833.1604433208627
106329,10895.77428078003
94466,16949.859697627733
79495,11391.491861665867
92262,12218.261611527114
103626,8833.367015424199
102620,8779.423067605447
103026,9501.871090152039
95440,16882.67836002394
90675,7171.258263086166
92169,15731.497747463396
85598,8849.203564539848
93980,13374.962202080864
89884,7636.950526690325
100361,8995.028091705724
95314,14357.25257079488
102984,10946.76398521462
97290,17579.509683452867
88702,7941.322132410181
79250,15475.531934176961
101218,9194.900856919026
85994,11680.511684726083
91181,13501.101637563455
105974,9091.34747990781
92222,16229.570074358813
91691,18593.36576343074
103472,8051.954993018344
90116,9938.810359177365
94185,12845.835453147345
95705,16268.875802088163
92442,9037.882542681578
83759,9101.794968636646
106311,15870.047210766112
108531,11075.210600336179
88487,7231.22360431783
88956,9558.134653672843
80477,16636.358100301066
95422,9908.429452659026
77410,10666.831108765535
91873,16545.051703852994
95274,16590.902748037493
90023,7724.408333165613
77204,12199.063252713833
76504,13065.365457422815
105902,5504.47350610487
81820,12761.939876656266
89405,8940.430175947058
92206,11387.055477789223
79328,13083.395443843889
94971,13582.96810262826
91185,21574.66797496983
103332,9442.603280576193
105983,12459.971237307956
81775,14621.934565945923
81946,15263.516135526177
97846,14816.939990488005
103884,8961.347175570998
105182,8288.428627943063
76148,15867.409702846498
99255,14280.212774584745
87785,10025.306415598076
78903,10590.260522553584
94578,16836.522962665444
107853,10972.537770397903
76717,17806.728273669858
99052,7658.666891902413
82390,17148.314339507473
83676,7846.643538478685
87748,13875.768632302323
95443,16972.96752461706
94430,13470.134673374243
83886,12479.183573235485
78492,10222.232529144096
97540,9038.598979323235
103167,12414.626332157948
82621,10025.306415598076
88729,13950.589397798945
97779,8105.4083008226135
87179,7707.28444656348
83693,9430.342897106566
83068,11072.928427799656
87978,10498.47362783463
77547,10222.232529144096
104135,8816.461962049372
91838,15708.19148504262
81044,12701.590046280415
82100,19323.958844070432
79196,10716.969667290976
103420,8075.801882156311
84430,10023.566262171771
95116,16734.28106034369
88758,8286.904411717407
102600,11457.949829089132
97943,14894.592136520138
82923,11297.26880920263
84173,12928.564155198417
91455,14892.049720464625
104107,9461.788711357753
84031,7317.039808179396
103307,5799.308728060843
103516,10203.41140065679
94534,12063.835592731235
89498,12688.561923955742
78100,8286.816021268562
86728,9430.342897106566
89787,13671.832533991643
99604,6375.391616156301
87920,9788.538433558328
95679,17453.444187842877
106342,9073.838075360385
105013,8712.45727193977
94526,13938.075275376135
79217,11187.689237292956
105206,13717.450817466228
80930,10970.808559226485
101748,8995.028091705724
108486,9732.160507653176
93949,18138.297978542192
99658,17180.95208945523
97561,12928.997615333814
101617,7312.804600460193
81330,22113.024775998874
101771,6417.453436538913
97270,6275.720017766259
101595,10950.185500755104
98215,8669.908455663834
84007,9730.504313761581
92680,16590.902748037493
78992,12308.615627012798
107596,14770.05852444549
77206,11465.8170346319
82743,9356.881268240966
83701,11735.050444721892
99165,11493.200990367297
94432,16590.902748037493
86548,11258.445585931395
76397,14479.435270631573
100070,6121.826200181315
103513,6163.939870472112
80091,13386.530841399397
76782,14321.067584185403
100886,8448.510033869856
103951,7482.326736974034
87351,11425.195040982071
85974,12866.891970047487
79314,14292.212074508867
102475,9467.926116529452
101614,6243.430845031547
99033,8642.017672946607
97666,9614.945239672512
99253,8308.344647199772
91658,14384.347228039933
82007,12836.388222922445
76687,24220.114096501533
83921,10402.348499482807
92186,17235.61090006689
85865,10405.599868311378
78521,5621.35088583777
77902,12070.56513645089
101697,10245.84687945897
98102,8371.174391731038
88037,9037.50573352186
87226,7153.531176230074
107492,8426.596172296171
100723,8448.510033869856
78581,12453.937891455846
104777,9019.46083323537
95606,12246.90321180946
101145,7478.681161078979
98544,9337.253939127064
96417,14345.543638021887
102714,8995.028091705724
85830,9722.865587739321
80541,16209.982794422378
88142,10023.566262171771
95553,16994.526802315733
107711,6452.945978036768
82572,9720.619053362767
77820,26933.94376419478
94456,13154.164169206391
90433,5963.157429596593
78161,18228.5145718899
98322,18029.1529394654
101884,8061.619967706563
98723,9354.7857276868
100828,9597.896939824725
100612,10950.185500755104
78754,12073.074939785467
95053,21393.162000053133
87293,8971.00896541581
83679,11007.39005108892
102810,7545.161491092144
103021,11032.81303522697
90497,12378.560588849965
106798,8995.385738016043
96234,10370.69209908805
97962,5952.240175926711
81585,9308.36275152891
101255,6961.44760326824
95824,14804.363320912078
97053,12228.09929601426
106657,13425.971644697382
107453,13264.897650071403
77979,10897.550944871049
93717,16090.156265391613
100424,8976.129044759706
105579,15591.843051058926
85608,12724.182890683554
107878,15944.39490051489
83229,11007.39005108892
95478,16795.018052850945
104405,14652.500523082219
86681,7748.96638032895
81901,12570.828106391295
77806,11343.525014717234
102650,8430.973815527926
80845,14391.310450795152
77445,13826.822733065455
79206,19032.40023078013
105219,12770.870616034203
82665,5489.931377754828
79532,14721.006661096642
98125,5901.200622670653
77147,12748.986732628426
84836,8252.035000778844
105376,12565.829636878516
77343,16620.788255121286
108114,11987.65006127582
94994,9559.041069198112
88610,6195.079933413149
99609,6930.097654402915
107243,14444.023962729127
98829,11229.773786670374
85362,10852.150833890068
87409,9230.268940384163
95322,15139.69132440907
86185,9430.342897106566
81792,18360.30434800352
84113,9151.014332579907
86139,11760.626920984389
84719,12128.779323511904
85120,10861.336851406648
101693,5799.308728060843
77413,11905.95264709379
77179,13014.805051449686
91580,23602.100205095703
84116,9307.519115278817
93025,21065.561706850414
105224,7714.3155299398795
102854,9595.226134856097
76237,14975.463207425744
105595,14524.065691897522
80155,18937.24390462768
92056,16556.962617915466
103229,10530.723362007244
98783,9885.571576458324
106357,8426.596172296171
92305,16346.63763027379
96312,9255.926666374888
86890,7941.322132410181
93354,12434.883010737669
86898,9734.707433005267
76058,12869.473626815981
90555,7695.830223264315
107136,9091.34747990781
107052,16445.26093483016
76384,22909.098005684114
101670,10950.185500755104
102438,8826.230386375972
81063,13364.480960462832
88254,10046.74369056723
87041,8812.252817306702
84909,7707.28444656348
79053,13896.954987859363
88187,9150.154201792555
85814,9580.030891531387
106396,11341.426865729169
90460,11245.688953802653
79261,12881.92403217188
105167,10176.263460846998
84047,12744.521132727312
96771,9951.943529620989
91074,34515.33704433665
92357,16725.87372033563
99588,7705.041863890281
78138,17637.897607402534
94328,12669.407536985289
92019,10499.086602593781
77557,16074.443753134623
83024,10864.028483954668
94888,11387.055477789223
94193,17594.593731886285
97909,14046.803248876957
79111,21092.035011623462
97936,11218.011927174255
95276,20600.11981563341
107815,11887.72506245382
92806,16590.902748037493
91317,14540.226686522852
89507,13497.054162782677
97462,12030.437707935644
93693,13527.709531363847
81331,17368.424260209034
77260,26210.90711051128
105287,11503.36959635988
86064,5883.098318347501
94906,18949.140572711232
94965,14398.71126702701
105863,7271.550188875494
96962,9835.632193295085
82573,10291.120119789472
83271,7941.322132410181
94624,10499.086602593781
105014,15099.904325776894
99965,8995.028091705724
98009,10352.875569352487
108442,10634.421354712576
78211,22270.117478071206
87609,5415.078731986409
95639,12201.656259644034
83389,10208.122161795556
84086,11003.950662939285
105956,9091.34747990781
108384,5536.630669269195
99053,7697.507634783751
85503,9476.907106834196
100879,6121.826200181315
102238,12541.766494819525
107311,14612.188982212489
90740,7689.571486360574
96463,17579.509683452867
96521,17237.378322602843
100020,7564.445919236805
86048,10518.000713004383
90310,13497.054162782677
95810,12244.457280552851
106809,6760.4821375725805
90420,10613.535678607468
77189,15583.960652719688
103940,9623.099105577021
99054,12318.250107456248
86669,11007.39005108892
108226,8939.789442413308
107731,11444.55657508771
102410,6107.294823012446
107012,9262.672438743508
85117,6544.912414423834
89298,7707.28444656348
80880,13320.71316813925
86954,10379.308676058849
100029,12130.399045807979
98943,9405.373027993219
81089,17266.92700708902
89148,9430.342897106566
98024,8290.34046669887
84621,11007.39005108892
98748,14758.649002338148
106824,13147.653851643416
106049,14164.324349343355
108266,12700.219148976836
98763,5409.616181062577
100238,7950.436941852254
107279,9160.77726225679
78188,26210.90711051128
90443,12173.945819526838
95384,6379.4671287394285
98928,15214.02628385765
83992,7707.28444656348
94914,14540.226686522852
92340,12474.805958056686
77677,11444.058962784991
90840,13497.054162782677
106434,17676.26833934676
83736,10864.028483954668
90022,10695.74573418596
87633,4654.064451543897
101312,10055.273663020296
92614,17768.36724500285
79410,10319.16536146892
83220,8378.801752448186
96064,9083.992382299184
96470,8163.621701989534
77247,10498.445673182347
102732,13452.312096984831
92569,14876.24482333097
103467,9660.132579230936
102976,7472.019049094889
87220,12150.917771113685
82183,10440.730614254278
88173,10299.810567181805
94227,16285.86643952227
83048,11701.839457623819
85320,11528.384097145416
90217,12040.031218835285
97112,11486.804521241878
78246,9381.808080860026
82000,14666.129226883982
79672,10137.913986350086
93499,14633.246129183011
103355,6877.026304604318
93334,18046.162318291943
77302,11154.769716709061
87100,12575.740449069513
92568,19919.448546693795
102148,7482.326736974034
81098,14543.894304053674
77544,18655.88517618182
92644,16994.526802315733
95996,17145.231787491237
79138,12263.220381461626
97082,14579.730965594756
85843,8585.836528187709
103831,9184.60017861272
78047,17117.541033438174
99184,10467.680661666956
83023,6738.419964078123
100629,6940.4481358163275
106087,11513.295566152754
87161,10655.267961159261
97572,8250.263569072571
86106,12879.33563525569
90163,11262.407850417285
95623,20352.63824416758
104349,10443.901722202725
84422,8674.560104119899
107061,8704.872624924205
78175,21428.116971231986
87468,9659.556699574157
87136,9025.045054016613
84238,8674.560104119899
85432,9307.519115278817
85363,12550.348844652075
105017,8302.123655378087
80633,16621.513464490108
82273,16308.747690161135
76668,14960.018250231158
100970,9381.333393721514
104985,8722.934674274922
76457,14707.411099261411
102241,7348.984654859494
90884,8194.407083594733
79706,15508.920337960306
92608,14417.051973190777
86284,8606.767265135348
103990,8873.055213778525
106152,11913.06675916714
97553,12625.409238967934
106477,8955.300638688039
78423,16295.804940906055
82766,10864.028483954668
77477,26618.52125155142
97680,10038.549085788949
96346,10982.33377947832
104141,12616.614982933066
80807,15631.662105703903
100442,9298.113475964838
107029,12422.704302066728
90213,7227.925104994182
88434,12115.035648731951
96441,9243.613093047737
80102,10510.757329982307
105520,16445.26093483016
78279,18835.096840711318
95023,9645.410417761075
76739,15579.624280466907
76776,19514.669605289724
89754,13884.454983225529
92585,12647.736564753131
83197,8640.909586232727
99947,10950.185500755104
108399,8775.780287810288
99140,7705.041863890281
91454,9611.64393481651
104130,6045.030442259675
108320,10349.227789825813
93440,15981.076379966386
105567,11086.170113316393
89460,8194.407083594733
79662,15875.10613606351
88491,11522.795643891679
77034,12450.368410882531
90404,13589.259910816503
76014,11302.870481489736
104971,8426.596172296171
92516,11175.847124802365
86856,9378.695438696226
90648,12827.311312418986
97201,8506.076457184194
79186,15127.177406183091
98204,7695.4436694215765
82568,15457.724086876053
97595,8100.026378445211
101703,8705.228812242809
84202,8812.252817306702
97310,6856.440944151781
105498,12700.219148976836
78896,20010.79219802787
106029,11919.043347944162
90047,10603.362763445237
83277,14242.881634279274
103503,9523.261277136899
104327,13292.089781302657
78026,17410.54583676028
80909,15362.431522296247
85733,7910.515677290869
103986,10322.551169361714
103236,10520.865088282193
94181,15813.910834053966
78518,15119.127876497585
88239,8863.362296009316
94503,22402.927374755487
76074,12322.860412727927
94424,15533.271710624058
97663,13254.78264054159
82357,16016.26069900361
92631,15531.40269826806
95482,25098.423252882094
90697,11435.427048142574
78798,13737.480454744224
103348,10185.121501980664
83659,8606.767265135348
91108,11040.929988657199
77916,12565.710591373176
106086,10553.787387294955
81928,13798.017944732268
108406,8460.819476424598
89731,11805.020743989226
106178,10054.017857741348
107719,16419.738625592505
90633,13497.054162782677
100003,2741.3405308917086
98978,11833.950533425017
88009,10852.150833890068
96631,11365.292215169855
93628,13413.382478976015
87288,9392.41665883149
82057,16626.70851511574
82925,11773.506985028334
100038,8658.508009294843
78420,12551.876809913187
96271,8221.230531571415
97966,10361.375991372039
96110,7869.535079083653
80393,11531.568335871107
78706,13048.747753784874
107484,12483.695658633867
103084,9597.896939824725
99792,6446.0938593137325
93476,20455.237416770266
88975,9221.846086693522
83981,9864.438438327114
79492,12026.17302738759
76802,17774.160067712033
83781,6195.079933413149
95719,17453.444187842877
106177,16097.577263913827
80626,18548.879235818637
76158,11285.241325943052
91434,14497.537565373379
80463,16204.917942808474
86263,9062.288836064288
107666,14224.532453433865
94262,15984.179992679527
103501,8272.462484604754
89996,12695.137446819417
87306,8585.836528187709
82265,12525.946232174112
106825,12323.842475166331
98851,13060.232853364838
80547,16520.798780608424
100440,8779.423067605447
103194,9207.706614562085
90394,18361.14597707589
86111,7454.262371694495
88528,12573.870351081023
86857,9031.688029594066
78099,8418.727990297015
92331,18229.98759522321
96016,11873.854305156461
91750,16356.450007244619
92459,16168.977158788193
107321,15660.612095514305
87091,9862.036060785504
97925,3044.81052635769
81737,12100.122921834602
99093,8308.344647199772
99531,9851.710958220514
84423,4098.800565196628
76406,15644.01622067463
107350,13011.239789967683
76326,26210.90711051128
84338,15634.073506309123
76577,16044.63067067584
95385,12244.457280552851
90391,14253.307413534953
107624,14982.932870754674
99241,6959.551764623012
80248,14617.903535180583
85295,11543.22110797527
96343,8306.404786981124
80926,11668.631695064361
94027,14688.523686731622
79544,14382.817317073686
84425,8940.430175947058
105264,8775.780287810288
82643,7317.039808179396
93474,11951.585163087942
107072,9149.595637589835
83519,5103.154026256141
85962,10864.028483954668
96932,18670.637247921728
100759,8511.493886729475
107022,7024.5129620961825
77012,19952.288566252075
100651,6188.026230594417
89430,13727.328849257103
88981,11007.39005108892
95740,15123.647430760222
101954,11516.784115749242
103408,6940.4481358163275
81304,8692.573173966219
108421,16168.294386349267
93532,15316.126808968174
101576,10950.185500755104
79931,12907.786451997503
108176,9744.434482474198
84455,11302.93970324773
106797,17005.37870087285
76513,13896.954987859363
89674,12517.02336716351
77722,15220.634073943691
84754,11007.39005108892
106492,9073.838075360385
99242,7750.745611510127
107569,9154.18558075037
94320,14344.867586833656
82637,8085.097071047819
96550,11987.88164063025
105480,12347.564060704526
100624,4549.016008825333
89114,10296.592250458672
100866,8099.610596608198
81896,12062.93010367637
102689,12258.729669775521
97911,9337.253939127064
97099,6850.277132835952
92071,12943.30783619495
95849,20406.395309874955
102903,8511.493886729475
103725,9778.449906153888
101176,9184.60017861272
103887,9281.197046912699
80921,14825.504589632801
92266,13326.523855561518
106467,9396.62626240343
92139,16268.875802088163
106826,16530.640051195016
88193,10208.122161795556
106211,12637.115430605805
88612,11007.39005108892
89179,10545.841955392834
80004,17075.228674870716
98225,8671.542175463639
99856,15214.02628385765
87150,15634.073506309123
94786,18440.655691564873
98471,14622.537752490533
103319,10058.376753808125
89393,7003.21777341815
85789,11580.698924002802
97761,13036.082130743076
101800,9184.60017861272
91588,17769.81329995061
76096,9259.765987245595
77378,13397.673817435696
105010,13327.557612475835
93587,17548.751199004586
90171,7008.986820697701
90438,7346.152897767581
91148,13349.178434765774
91323,7754.648899885518
98577,8305.748530839614
77741,11389.975232989545
87789,11425.195040982071
94742,16951.204965255638
78295,8229.412088104713
104797,6603.202098416422
77425,10309.958869874872
96208,11849.806569931838
100731,8768.138180480844
93163,20385.019020475134
85915,7660.659472436008
89993,9215.151509478092
99626,16405.204305896626
78228,14940.887528198045
78779,10694.759277453866
78654,14598.268674934785
82947,13871.433067031889
99479,5901.200622670653
90585,11805.020743989226
79933,14532.149083355387
79287,17600.447420580313
92899,16019.741665255728
93755,16255.731680897476
92117,19619.593933717202
102417,9184.60017861272
106587,16753.735505158587
108201,21470.63697479044
88442,6844.712669471286
82673,8812.252817306702
104223,9782.14946260263
86036,6513.866608017691
93425,16258.480532180245
96693,8506.076457184194
82050,18270.54095197026
99460,6446.0938593137325
81829,18554.676647981083
83925,9174.110663042497
94041,16795.976580981536
82035,10922.207894055287
107368,9606.521660346829
105591,17124.60186869785
107782,8444.46287620455
96340,9804.187495154014
97566,7666.932828246235
91719,12244.457280552851
79210,11484.73187988144
89898,8389.928673799002
106642,10359.207059830178
93485,13457.382184433338
98774,10352.875569352487
90967,15360.19745894667
89550,12818.469841276641
99247,7999.064936764794
99897,6930.879331877022
91394,16505.8529291825
88135,6942.504207427254
84111,11132.304346069646
91479,16019.741665255728
82622,7844.191672941261
104106,17309.744615886073
77050,17295.73411424846
105631,9262.672438743508
86427,7054.397916501953
93552,19560.784016535716
81830,18554.676647981083
82034,14340.242621135407
105857,11490.695557729172
91623,17158.088507381275
87886,12665.080842342304
78123,5867.140625124009
101951,7734.0918469611515
97543,8401.950451233359
79462,25269.363306570984
90234,4848.2622466743705
81860,15187.343645607803
87045,7076.109048639779
107162,11053.461461957417
90414,11727.885582135998
78353,16242.781702305265
90940,14923.01956075608
104123,15274.639340638652
88330,9043.312075509144
84769,8249.473950918511
108396,14309.673919555777
89556,7921.358414544485
91348,10549.480994335405
107687,12250.054274803311
90777,15237.32001295537
104801,15761.75609897979
82951,10393.58791099415
106440,13316.157263369074
83562,9221.846086693522
95283,18384.009602032787
84042,8378.801752448186
97883,10150.76817440744
101997,7640.454276433378
82566,9430.342897106566
87497,9609.772152761147
79697,10130.826953405443
85723,12692.98513918135
103511,9653.750373501798
101075,8474.5856105848
108424,9339.539654189928
102011,10950.185500755104
90054,9468.123251108795
105933,11412.22783387842
83807,11939.720901182718
77338,18050.576681440423
96060,7489.522303127494
103133,8995.028091705724
76548,12412.859885908309
79177,13433.753642380598
88937,13753.210261797312
105216,9077.677217767072
80415,10943.860885836699
89404,6513.866608017691
99503,10352.875569352487
102640,9106.139390275132
108003,16032.582192288983
78038,10248.032221791935
96267,14350.027377539502
106361,17276.819491683353
90046,6498.321528936416
81034,13742.53184208535
77832,14940.887528198045
76482,9837.652192278652
103687,7831.563400080278
104148,13046.453017102333
96008,8427.006622712286
77464,17712.143599242987
83612,12862.871611489432
88727,11132.304346069646
92881,14831.60473945486
78787,19678.441402542903
92593,13582.96810262826
93216,10586.025702836496
108447,8109.872656429295
91746,18633.09113540407
78670,11953.817594535214
93142,17145.231787491237
103515,9270.753009540524
101254,9194.826275399158
103532,8552.39864547923
95650,14322.29639702385
100251,10960.62592828512
82597,8064.030025711783
83045,8153.014621535623
95764,15739.405289539125
83685,9580.030891531387
108088,14308.478194433446
99800,8424.766007031974
104273,9339.539654189928
86860,7345.409754888394
103756,6940.4481358163275
90038,7636.950526690325
81692,9150.298309940754
76875,10248.032221791935
82474,9189.052077633167
84165,9311.526524997194
92416,15490.592267039907
76486,12921.48660915509
83332,10539.91572982607
86362,8237.525642669807
99000,11229.773786670374
79474,8441.575737878522
81625,12309.256670111135
84416,9304.61082349528
107026,21477.347526797963
78888,16805.155047933156
91402,10241.883729432213
104996,10681.488530665025
108161,12674.121903904723
95547,13612.39720542505
81861,10922.207951277922
77574,19576.914774754685
88480,9333.359300887303
78311,18192.20935205987
79130,17334.338617241126
86087,13929.378971965452
96083,7572.879447979024
102730,5974.503641144213
93459,16725.87372033563
103121,6922.363292004772
106519,9345.671694074705
90685,8696.962872176524
95357,11309.030020220958
104263,4017.4324142975724
92978,16268.875802088163
85290,9719.374588822875
90632,5837.443540413413
105283,11053.461461957417
77070,13842.438540480767
97304,12313.253111204758
97350,15460.860302071813
88499,8378.801752448186
88773,11007.39005108892
97413,9013.0975122242
97795,11361.741006449189
102571,6447.219269507779
100395,8098.25335356567
83692,12320.931830836125
88058,8420.377889316986
88108,11478.322012971998
89818,6541.9269304492045
84732,9672.753299576909
79794,12422.330582874209
103320,6325.093916179856
91794,12877.011677731161
83061,10025.306415598076
88593,10563.234578696512
100252,8791.72900505262
87177,6585.199982752569
108018,8395.483775916937
102667,11454.369671040016
77541,12971.291486718828
78985,19539.324752227858
96495,10064.31880332279
91698,13758.286997185905
80282,13058.588292811228
92825,19541.677210712736
92684,16229.572141389204
93840,20053.61435846809
85266,7325.982979965908
96656,8250.263569072571
87600,9788.293706036584
106994,6537.734504167202
101405,9718.153939174894
86756,5012.480522687931
91439,9934.299358843771
85088,7707.28444656348
93892,13673.121817329227
108240,13316.157263369074
91934,15931.357851128552
79263,15077.953642166654
99012,11064.131247650215
99507,14198.079277952165
104775,10286.320268649786
76783,13559.05325848824
98630,5901.200622670653
105799,10545.249114543163
79687,13079.307442380861
102242,8995.028091705724
104987,11476.261476514263
76197,11737.305839141083
79819,23395.63560711474
105059,10349.945428562492
103748,7488.306663140136
104789,12459.26164582652
107740,13738.134469178733
94310,14641.263124471978
95974,15094.297365985423
78991,18032.536136686987
85346,9836.234188788905
104905,14088.728768131283
84858,6424.871765531134
95021,16268.875802088163
79234,25759.094936764617
93929,16019.741665255728
93964,16102.918704614738
102327,12418.506600174112
93930,23518.071689255572
94220,21562.907989013
97355,11272.97957825123
101356,10297.419090097
80132,24882.40828451626
96537,8427.006622712286
95767,7907.0623458499895
102780,10185.121501980664
98549,5409.616181062577
91031,18636.420949585332
91922,14968.759368908055
92327,14732.464423074052
101273,7760.886224028173
83564,9221.846086693522
93121,17415.609230713584
91848,18545.705156683394
99112,9280.890273262394
79484,14071.939058255384
83792,8391.330225127298
88337,13727.328849257103
98896,5901.200622670653
82576,13847.144984319348
85186,10025.306415598076
103570,7334.006020145506
94806,14937.918489168707
107394,8484.478947022857
106891,8214.301731733503
77508,20651.83571404308
78851,20527.812227201135
81113,14623.717962357123
85437,10025.306415598076
82280,9339.734446123397
85886,11356.21607220369
79625,16868.944358947658
95239,23437.664308561347
82313,26085.277481801604
90789,13689.112718980603
92484,14766.353293812717
88349,6844.712669471286
87936,4664.198665486888
96057,8309.001108441666
102286,8779.423067605447
97187,7743.598186534888
85499,8125.726772486711
104015,12052.436268857135
99732,8869.593279793753
87915,9025.045054016613
81687,10137.913986350086
86009,13727.328849257103
97444,10211.937084530477
102004,10079.37300007049
104458,7109.751472716682
98519,7094.505758855379
82785,12377.67474742602
103479,13433.834126883077
100675,9942.113655812269
102764,8075.801882156311
84770,9430.342897106566
106124,8092.458069015867
103447,7482.326736974034
101681,10248.804775343573
97714,11171.888516962643
101446,9967.36910004829
108526,10527.364314136159
92403,12047.813263472219
76218,28164.073507398476
81456,9670.383020185418
81297,18662.697723612004
90637,13059.819291402011
90327,7636.950526690325
95775,11514.250960111467
89328,8971.00896541581
76281,9611.057175254151
105285,15993.39928115678
97967,12142.184466014696
103677,7501.4505891355
89371,12579.012823655994
93864,8787.384476251109
103191,6353.77323635742
84138,11543.22110797527
88931,13649.995346514292
83174,9635.008419927119
96700,11667.23223619641
90557,6786.412002534898
106224,13015.306518179766
76032,11795.886294316353
93904,12330.567787883194
83233,8286.904411717407
97166,9908.357588236033
107008,10634.421354712576
98411,6526.899728255923
76898,10846.429899002924
77335,15963.540136433616
103661,10950.185500755104
89251,13727.328849257103
107278,9073.838075360385
76306,16280.606845078897
95821,16594.989703957
93738,17402.381337284467
102085,11311.132776928574
87697,9892.426226071593
95925,14446.644637518779
86432,11073.755629048499
77843,8751.672786369372
91784,13580.07299047584
101658,12418.506600174112
77139,15643.172672867346
82509,9430.342897106566
92105,16590.902748037493
89714,9249.513255802978
104701,13150.886173260822
96529,9965.116819875835
86466,11543.22110797527
91745,11523.494909853596
89336,9719.374588822875
77392,6263.570011372298
107821,16192.357340581404
96431,7489.522303127494
96177,9086.831723982401
103091,6940.4481358163275
91003,13180.465849192526
95781,13857.18225458718
96216,10973.85074672459
78178,27538.625027109672
108259,13176.261192930937
81909,8220.43988828761
87054,11680.511684726083
95949,13653.506842757875
84912,11007.39005108892
106750,8426.596172296171
105535,8088.461813964372
104790,9050.195021922984
82394,21465.46236544319
85536,8970.387163800977
88663,9430.342897106566
95114,11661.153963361641
87720,8957.956738095816
105355,6559.286839054318
82633,9221.846086693522
77178,13671.65597674
82650,8940.430175947058
88354,12170.693372697973
91594,10707.161570812385
106838,18349.58582037442
92201,15736.349201213001
86903,11594.127661230408
91790,22458.482128733245
89435,14810.427042824098
106192,9050.32325522064
100291,6216.427392462113
80263,13767.646230623122
105259,6405.822220783119
90581,10606.676955461184
82168,12551.00747453029
78900,14716.935573157736
92927,15995.773334847703
86035,9452.745771200576
82812,6056.3321719867245
90960,12522.625233397179
80564,16087.98462131289
88136,10447.782434091177
81598,10130.826953405443
84515,12221.67240925148
76559,15583.960652719688
85602,9814.448966301481
87221,12150.917771113685
103271,4377.311129106089
94627,7218.906293135417
79016,12887.889257349412
89875,13497.054162782677
89037,10864.028483954668
100203,6732.0796534727415
86521,7248.772896501201
100287,6940.4481358163275
100028,8785.973918871658
99993,8777.897376075844
89572,13461.887120327328
89439,7059.424384780491
105686,7734.7360979798395
92939,12401.38747364713
94055,14995.544482190886
80380,16631.728908118053
99967,5691.175558736845
95543,11523.494909853596
97455,9207.633779795344
77160,10222.232529144096
105212,14917.9461439962
100236,8992.217432538615
107291,8793.185885971388
104571,8190.285864982465
107474,12056.203341253477
93115,21712.8458509275
92068,15245.571189070757
101225,9523.261277136899
87087,10886.62780536862
98133,11090.281488370503
108494,15860.938068647356
93501,16267.891931705532
99785,8292.931767561455
99377,8688.750993193687
104791,16168.294386349267
95521,16556.962617915466
98752,16115.448276229776
100191,6163.939870472112
86298,9612.775816917696
85617,9189.052077633167
101651,11051.257689377177
93014,13885.764315852875
89934,7636.950526690325
85334,9788.538433558328
97879,10982.33377947832
79690,15357.631473963114
108126,14138.06595828883
77117,22082.48528435428
99027,12238.213240898995
102822,9942.113655812269
80603,12587.464806073804
98014,7007.740893644725
77131,26210.90711051128
93449,14532.921578443278
96996,11975.307984658954
86682,6844.712669471286
88766,4660.323698768798
89860,5252.0031067152195
103646,6958.18720195653
97690,12841.270039064893
101168,7467.265379566015
106415,9049.94277077537
83711,13656.932955011556
87996,11590.5049566854
79855,12255.347580920215
105266,9632.978967281242
92717,23518.071689255572
88833,11235.346775552263
100290,6331.748334961755
79845,10377.499934354115
102781,12545.686498076895
80780,16636.344453813457
95643,15398.630356853751
90478,6300.346124341108
78919,23037.831773102727
87599,13727.328849257103
83576,10046.74369056723
97582,16440.709335066178
98560,3793.6958741937824
94839,13684.015484284091
79584,18770.909333959808
95009,18820.37434829669
86194,8378.801752448186
81291,12895.545561856206
108264,7024.5129620961825
91618,16620.94281610334
103987,3404.5998126712075
98687,7504.032768552335
89683,7904.18695730444
80178,11526.748576264083
85041,8286.904411717407
85795,8954.391666737672
92667,16882.67836002394
88648,9221.846086693522
81003,15746.32589862465
89530,8116.9747939018425
89343,12692.98513918135
84383,10229.10928346982
95447,14871.394038570268
103195,10203.41140065679
87916,8378.801752448186
79701,9755.524011719492
78939,20315.640481583807
90700,7343.857402196216
92770,16588.427665298637
108076,16281.916008617272
76716,14712.337199284519
94223,14540.226686522852
97551,14926.92600445138
92126,20091.946309694107
92616,15814.692609433438
101680,9853.091206348225
91237,16570.84273280724
105108,9428.087422220075
96867,8675.15324861374
89088,10102.00479345911
92402,14213.969074129725
94049,15010.832726017494
86720,9186.180798902706
100554,9791.204172694119
102551,10950.185500755104
88297,8812.252817306702
85365,8487.487331481107
82994,7406.9913068313435
79914,10547.363808570266
108258,13114.15415020388
76068,11622.620040789641
82252,9308.36275152891
85769,11867.981661338776
90927,20566.516450070332
106917,11305.548349822242
97051,7837.777235140754
89757,6849.296153650295
90517,7573.085774263063
100679,6692.054560959667
102698,10950.185500755104
76935,12261.10802768019
94802,16626.578874960862
106017,17276.819491683353
105400,9076.674243507978
107120,11090.697220791697
102046,8995.028091705724
90067,9838.559599077726
82781,10208.122161795556
95277,21937.636476115298
95689,15032.403136277868
105027,13944.652284381167
85236,11771.334047438722
97380,11971.566186669656
100285,13630.01422327918
98812,9859.751938318626
96265,16735.961257224102
101336,8765.398409288116
107335,12463.958881306353
96385,9038.598979323235
78322,20995.361717772066
91805,19604.656575075653
106808,9153.022197796774
91272,16268.875802088163
97409,8067.595982960527
84801,10566.536229411067
84783,10629.629649438548
78594,15804.746834954567
84618,9659.556699574157
95162,12267.808873101842
87803,9788.538433558328
92565,12310.5961222925
107155,14390.966579072916
93075,17768.36724500285
102973,8102.804526901582
89247,7463.8564495408245
79555,13600.421107644359
90326,13480.865638891404
107169,13264.897650071403
79268,13336.263348245737
99954,8756.547065844705
80374,16332.00588661285
101695,5476.997478209275
91260,21385.75209782454
78376,14471.717156215922
105554,9428.087422220075
106897,10519.44442914168
88890,15270.934190976426
85043,8056.780265165748
90014,13497.054162782677
99924,8992.217432538615
102210,10234.455815337276
102041,9184.60017861272
78082,24980.191672450605
106653,8088.461813964372
85042,7941.322132410181
90502,11296.78015025706
87396,12751.921121418769
92489,14631.863907559897
76383,11389.975232989545
82522,8970.387163800977
89906,10432.379027473175
103260,7488.306663140136
78162,10577.696510453057
102594,7809.161009795561
103841,6940.4481358163275
78789,14642.737853193448
106717,10212.093685290441
88775,8597.625641957326
88109,9973.351050199683
87997,12582.153765782392
88027,11898.985188164426
93890,12088.565814641192
94101,13938.075275376135
102675,6305.894650740928
101475,9241.019062356552
80558,8117.814728769706
87171,7055.79834248176
88266,9144.970411213779
101850,10052.131747780615
99649,12672.622494997368
105512,10895.77428078003
102290,10432.761553790388
80390,13974.267514117482
90266,6594.57125484687
84938,9221.846086693522
93151,24872.64416931924
95267,16469.74175615148
92188,18137.223154878375
80014,16018.200590106164
103390,9967.125621754378
77627,14649.176329971038
104741,6742.63337640849
107297,8709.734897319666
93101,16268.875802088163
94142,14344.867586833656
93814,16972.96752461706
92300,18590.774905706658
89616,8632.99259050694
102876,8507.521297147678
106731,15069.39483874018
97653,9261.80191090623
86484,8893.708897140461
97041,8886.739901870265
88263,13709.62085658255
79035,13570.460864435718
85171,13722.04641302632
99949,8768.138180480844
97528,7489.522303127494
89333,6536.780554261872
108420,7404.377376330941
103545,10212.876943091642
87578,8660.61316586105
89794,7378.701851989436
78220,14838.37642324019
86074,8590.992558410995
82330,13296.814299179043
77108,9878.171008913492
90682,15491.059173773574
105643,21090.874318621045
104819,17632.296632319147
98722,5409.616181062577
82464,9968.431202929696
80687,17216.161385426196
101340,6712.999035191953
86763,10864.028483954668
103549,6370.013038274844
85520,10025.306415598076
95658,21642.944122193847
98745,14549.458814358903
102751,7574.900099089805
86044,13051.657098879301
87791,7454.262371694495
85907,8472.725757379905
82976,10892.785577887082
87738,11225.127138110272
96035,10322.460083795782
88577,9785.050774041576
87932,4725.874701660404
100197,10944.638638972418
87983,13141.176052889565
83455,11528.384097145416
100627,8768.138180480844
108491,7429.034438057107
103896,4778.920536633397
100166,12033.626783393851
84224,12859.630455455312
82279,11794.833435478886
102695,8375.835953292595
91730,10660.959555039613
91520,12720.625485987837
93441,16971.673533196943
104061,10628.31824546475
85328,13903.647685867583
78431,10684.588865931491
89987,8929.148982470113
89785,7921.358414544485
87524,9816.566584763717
105313,14103.942006325477
97204,14924.174797034775
81190,15312.681451553395
106185,16581.94998838074
90483,10335.499730866808
85436,10046.74369056723
89422,10470.66879767778
94943,13749.719968671585
84834,8184.721489970442
104864,9220.615846930976
104593,12704.1886735994
97614,7509.347898043512
105794,9160.77726225679
87647,10626.308286235615
79445,15713.064024809446
86179,10459.995632452208
80653,19725.53681038447
86987,8488.910397073834
94399,12583.320955461482
85016,8153.014621535623
97822,8331.101252508066
78119,12737.071264947486
100744,6691.378132839406
105979,9073.838075360385
99994,8099.4579801501
100774,9385.678588552224
92935,14070.247423416515
98288,10150.76817440744
76583,7517.375835964744
83919,8679.043534583581
81696,17531.68436017315
82491,11007.39005108892
105912,7091.639191751503
81324,14014.31618473521
76616,16571.81381623397
77437,18070.704989414928
87372,8760.004208086626
92668,15760.560820762239
89936,6786.412002534898
103228,9465.412904036555
97587,8901.433900015232
101465,10185.121501980664
83831,9028.86591663986
106127,13050.530750539254
81306,18554.676647981083
90977,14528.38069667834
104439,12459.971237307956
93212,13885.764315852875
102209,9384.496474138374
100072,8116.049301250674
82518,10072.021278479431
103988,4841.872797537216
89788,7346.152897767581
81061,13789.780228703468
102430,7068.6968780813195
97938,6446.0938593137325
82243,15805.212117207442
98210,11400.857019895655
108342,13360.097251627361
83764,9307.519115278817
106233,11873.78675098632
99659,6930.097654402915
99142,9405.373027993219
98655,9617.607516451588
108449,11798.769205179791
104515,8332.075708312817
97931,9349.270728772219
100995,8075.801882156311
96070,15677.66254710302
76333,11234.81675675893
106307,10201.861559110472
92092,13374.962202080864
78883,8840.295265988785
94921,18882.521619084127
78172,19613.51003746063
96430,15095.248082258244
82844,9221.846086693522
82378,7163.4337840253265
105297,13072.236029189478
95050,16590.902748037493
93124,14043.248506464115
80112,15835.657495330273
86478,9737.090974854711
83917,10015.413415398241
100721,10155.070967219604
94123,15760.017222736822
100693,9523.061262183593
106688,10222.095831788329
102131,9491.307078100184
99935,7777.453781035342
102108,7491.38739728547
82729,4920.933140492656
77495,13353.912159461
98827,9620.613629402123
97526,12842.80118904113
104954,7603.077255670831
78155,14517.342841841475
79469,10229.779494070382
98055,9384.378929045743
102443,7727.9429528795745
91468,15447.650818853906
96944,9178.277305463673
90974,14446.644637518779
97294,7489.522303127494
98347,7007.740893644725
96505,11635.902987252632
100542,9106.139390275132
79348,12907.786451997503
95285,16268.875802088163
103440,6934.99460929176
91432,16725.87372033563
84815,10075.169409813876
88959,12866.891970047487
96017,14816.939990488005
105760,8137.781464253273
102874,8779.423067605447
103528,6644.748919760064
87558,9310.881123944462
95691,15123.647430760222
106122,12389.65535501343
92479,9366.932739658647
106673,4982.024494621211
108143,16281.916008617272
88298,8286.904411717407
102149,12567.317249058724
87765,12600.571059491394
90258,9676.392376165597
96940,7897.818599983203
108032,7435.074359922618
77733,14517.342841841475
90186,6786.412002534898
94702,14432.56923319821
95120,16994.526802315733
91144,14310.071329914908
103053,7472.019049094889
99408,11038.061482793124
79533,15588.749367995593
99369,9145.720511587184
105062,13327.557612475835
102029,10921.653921255072
96368,14201.208915664414
101066,9249.74095389658
100088,6353.77323635742
84869,10676.634515522595
100736,10520.865088282193
85981,12095.097044935565
98872,9470.409772900412
84037,8986.773255846065
89217,9977.868981477559
89775,12399.887067114452
88379,15083.428119369044
80011,15874.76132429648
80836,14413.177352067447
105215,10201.861559110472
93719,20600.11981563341
107968,11850.973498705407
98967,7663.34052284932
85591,11701.839457623819
80478,9419.93792984551
92882,12196.660313405711
89721,8116.9747939018425
101878,7479.988696154315
102301,8995.028091705724
101408,6940.4481358163275
81446,11726.798342978862
100045,9595.025983989211
82986,10864.731668320264
78772,14538.484268924041
78208,16653.450936087153
81689,8650.84856099402
96791,12662.671804686475
79141,9878.171008913492
84271,11132.304346069646
94879,11751.14637212174
107759,12222.960448810096
83675,9007.43522709732
88258,10208.122161795556
96976,12580.733240828255
92824,12032.949442170167
98414,6930.097654402915
85028,8660.61316586105
97506,7743.417933995234
92767,14730.653795362034
100210,8725.871434507986
84470,9719.374588822875
90627,7739.859023077838
98768,6028.0777323682405
105263,8838.977246931654
81662,19360.811249652405
93787,12821.411437593248
82688,7476.154081075693
88923,7687.2017321869425
97463,8163.621701989534
93008,12774.950011553889
86807,7740.261793604098
79997,15739.37533284513
106742,13211.320220937343
94777,9402.055169636256
86594,12665.080842342304
82991,11007.39005108892
102203,6891.814352071278
103539,11489.559931601547
96264,12557.22498844497
77721,10969.410691417086
107801,10352.462556786288
99511,7695.4436694215765
92801,13865.844314219674
82658,6844.712669471286
91732,13885.764315852875
76557,17468.2223781892
91314,20600.11981563341
82198,11042.865615195236
100607,10950.185500755104
80984,11239.264089226474
77901,10595.502694447083
95736,13582.96810262826
86809,12692.98513918135
78288,17232.18249320357
101339,9074.952577710153
87249,7846.643538478685
82143,18270.54095197026
83850,11007.39005108892
106952,11310.750046673667
106504,17942.446953148905
87341,10842.279719297314
94165,25098.423252882094
79986,15869.18385753777
97235,9013.0975122242
84860,8836.696113792455
94913,14289.06551275571
82439,8153.014621535623
83066,11590.666933383282
76993,17235.79064175882
88803,12933.716007522604
77506,15912.667779966328
76456,13639.761391000988
84599,6424.871765531134
76680,15399.103670717664
78685,19539.324752227858
80310,14116.228805565726
107412,17411.188699470877
89792,6588.2307573634525
87421,4575.7869309481
88821,10208.122161795556
101930,7482.326736974034
105822,9282.507138385896
97642,11074.422292402305
107339,9076.674243507978
76550,13697.833523461828
88272,6761.127448584365
85777,6544.912414423834
104995,10795.744386426075
82640,7941.322132410181
80887,12427.506887908698
105022,11490.695557729172
79920,11956.081298284123
96724,10807.04194903469
87654,9612.775816917696
80242,19753.54862270074
103464,9184.60017861272
99537,8040.473493101303
92524,16469.74175615148
83634,10046.74369056723
77597,12325.607176773172
87830,11308.448216143352
87700,11409.19869142934
86513,8674.560104119899
92891,11149.628709541515
79513,4875.291765626808
101087,10248.804775343573
85729,7707.28444656348
107672,17813.15366529825
77549,20264.191980884607
94307,12927.190193673328
84500,10208.122161795556
98867,7504.032768552335
103039,9939.007095532379
91192,16019.741665255728
82205,9686.938400403826
100369,8805.900803961382
107529,11961.820528525865
106073,10795.744386426075
87934,7707.28444656348
99978,10007.896357990994
97512,12416.739425633605
78085,15880.476007560217
83329,9720.619053362767
106679,14428.117297985764
102680,8075.801882156311
100260,12149.994323088617
98100,14201.696217355433
79452,25579.66621650368
94814,15178.383787358705
83431,8378.801752448186
102298,4534.20456091396
86411,8674.560104119899
105783,10201.861559110472
79588,13544.035699847233
77976,9572.081382084616
103387,10684.470375889054
93070,20077.25758317388
108393,13817.207811802431
105094,11976.812795177968
101152,8520.716213472788
87464,8940.430175947058
92410,8099.524046949059
102395,7482.326736974034
98531,10120.364174467908
89945,9195.665604901147
102454,11548.363788616194
104729,12139.488140887772
89493,9388.087639123209
92058,17768.36724500285
93884,13711.90728146196
87594,8184.721489970442
100891,9942.113655812269
81535,15376.885431259978
80847,19017.23571089481
90120,8672.832567842184
76004,7460.488412178981
76670,12221.366469794737
82018,7642.423547756763
90007,13055.73865591518
76604,11444.135530448662
88324,7707.28444656348
84260,10566.536229411067
104662,12770.870616034203
80740,13463.898321738387
94973,13582.96810262826
89099,14385.70627668622
89528,13049.821501067474
87947,14676.37940968127
76967,16877.60997110649
94126,15740.566861725143
92187,24944.621809666285
104140,7024.5129620961825
80573,14409.622696913004
99372,11090.281488370503
79790,16363.287502786025
94392,15739.405289539125
103573,9140.953207871678
96538,9190.029967692082
96774,15088.633191288147
83631,10208.122161795556
89532,9474.172311033726
83991,12841.695725992011
95769,17213.457843554694
83263,10864.028483954668
87065,9021.847100723777
107642,10323.698472092943
85968,8640.909586232727
77321,13131.049076345926
79237,16323.858930912666
98975,15160.666244647737
95590,15849.448296306651
104906,12514.492994814342
103289,9942.113655812269
82134,14099.999359740616
108432,12122.862101235407
79361,10833.702109252805
79283,12198.481171550664
108270,9160.77726225679
100333,7639.681165587264
89059,9991.21421664436
96852,7045.07654282275
89651,13980.748299786843
82856,6775.998264114281
103072,12258.729669775521
108315,12704.1886735994
95664,12594.253582000225
87882,14459.011916638672
81682,17054.134266358535
102981,5405.4486079953085
104776,7917.3385236510885
97621,14207.29149479847
100451,9517.23314572681
94393,20352.63824416758
87416,10262.463063033472
105999,9049.94277077537
91075,6249.309009944462
104390,11724.426146392987
78471,24441.5333108279
91077,11170.892508215968
81733,12853.830321472966
81475,15358.482114926475
89546,11805.020743989226
81968,13247.65885498804
82201,14256.30537556224
100703,11332.990787460454
108173,8426.596172296171
99283,4075.1093981474587
88618,8153.014621535623
77172,14509.104668792064
105813,10792.371123439867
85410,7707.28444656348
77665,12256.51072408232
106427,10493.491437944118
100684,8149.665090785931
77682,45912.761581619445
106196,5418.0878798707
88627,14858.205380759679
108029,10352.462556786288
80142,15577.950152462055
101534,10614.154670225576
106737,12839.541719749997
84776,7055.79834248176
100686,6890.983241160934
100393,10960.62592828512
95593,15728.097674001741
106482,17276.819491683353
82594,11701.839457623819
95052,13582.96810262826
77581,17541.944368151344
105894,11937.04171943771
98981,14050.381653652785
103791,8828.687165785275
89035,16128.644747234486
78988,24178.26688713764
102284,5726.335110030314
78961,14290.3947196347
100824,9533.224234626086
80563,14080.306551564248
106006,14653.78597367706
98874,5901.200622670653
92004,17030.742227600833
76541,5908.314876929848
76087,8663.63147321179
96383,8142.068974379094
89403,9098.950951936804
85502,9067.265668971006
78453,13354.340413904589
105672,9514.503788982005
94086,15932.127834966126
103223,9884.997147966333
106894,5440.878468454983
104079,12087.015863849823
76659,22404.41668381631
78970,10196.81421939591
94467,8504.488850498486
106317,9091.34747990781
90990,15412.592145165483
85168,11665.075215314348
85329,12198.770753619803
90573,11160.03901348438
87552,5223.41144897661
106650,9123.833684997317
97658,10991.408530961664
103443,9626.222791167216
108293,9160.77726225679
106230,12519.739395437247
90762,4326.478960947891
90385,9838.559599077726
92892,16232.272005247287
87166,9974.53289829383
88217,11736.497883020265
107357,11937.04171943771
104588,10352.462556786288
106711,15860.938068647356
82117,16303.651981100284
76811,14711.252415010933
96629,10991.408530961664
82497,9788.538433558328
105204,9073.838075360385
92020,14737.069087328491
103534,9074.005236030638
87801,9770.11861848426
76388,15516.892122105606
101512,6353.77323635742
88523,10208.122161795556
82847,13567.283592974298
96295,14892.555436624834
104555,10150.558515288632
82459,7055.79834248176
88896,8970.387163800977
98912,14622.537752490533
87904,9430.342897106566
97899,7705.041863890281
84404,8674.560104119899
83628,20638.61993225252
98240,7009.14075056934
77405,26292.610655792498
95241,14688.523686731622
86588,11438.014517047834
100568,7545.161491092144
103330,8768.138180480844
88168,19140.073334384026
99695,6932.263837229764
105415,17453.61522286113
108291,9014.545794505502
82483,13141.894744437166
76215,10308.712918168001
95883,10323.595091673047
93944,12244.457280552851
80545,12021.471239342147
87133,9443.487166590343
107929,10440.638386597726
103594,9184.60017861272
98090,3044.81052635769
85950,8184.721489970442
97817,15682.56261506497
80349,10212.366320870806
92065,16833.908133636254
81419,15652.984567844278
103547,10493.452035126036
82647,11007.39005108892
103287,6940.4481358163275
92620,15128.374351828177
97818,10346.546130597108
94762,12081.949236717828
86986,10889.38199599662
80244,11331.502513538355
81808,15969.524008188522
101955,10950.185500755104
100277,6302.774804106521
97433,8986.660609640818
101701,9501.871090152039
88891,11425.195040982071
97998,7912.602343101603
84676,6195.079933413149
85102,9430.342897106566
95997,15740.566861725143
108269,13015.306518179766
101745,10155.070967219604
94167,15150.623310780678
100965,4729.259268397959
96695,6440.709522189167
84077,8940.430175947058
95666,18046.162318291943
93525,18261.706837550377
86442,8378.801752448186
98856,12603.950735093194
102762,10185.121501980664
91868,14511.033277189317
85895,8138.802668768884
83837,8643.246485103073
97933,17078.955786710085
77159,20691.959264020716
86267,10405.599868311378
102669,4510.24594942102
99058,16567.528651738776
83648,11225.127138110272
90586,11443.782144918594
96303,10110.52939086281
91599,16686.421520004467
104830,9637.531680569102
103867,8995.028091705724
103352,7313.246746804406
85911,10219.161076434928
86215,8249.473950918511
100026,8075.801882156311
87347,8616.53003427582
95363,13282.758607474281
105922,16013.568977763227
100582,9184.60017861272
90707,10695.74573418596
89442,9573.645447029176
107455,10833.413096812052
79441,17465.396091530416
99119,10528.826145227053
84855,6941.6440065680745
95694,16556.962617915466
98802,14050.381653652785
93759,14896.704260070419
100855,4695.942754564721
93601,18349.491333072972
103425,8099.4579801501
79810,18261.629205819223
106082,10493.491437944118
96555,9666.091447501398
76273,11557.587231152149
81265,11864.944653647764
76722,13939.363977853938
87080,8640.909586232727
85477,10852.150833890068
100688,7491.38739728547
101612,7482.326736974034
107135,10137.982204376503
82754,7670.501212723698
77167,12321.37306084561
95627,18015.946376992026
77685,14509.104668792064
81835,12283.723843048467
108459,10464.886000481969
99976,12651.549237010888
77873,11427.59818044838
91574,14300.19354352649
98487,11218.011927174255
101067,6107.294823012446
86888,11680.511684726083
79051,7290.128020470958
105704,11513.295566152754
93009,13639.801626937424
79182,15880.067911266218
77226,12991.090775907069
83439,9612.775816917696
106093,12770.870616034203
85243,11085.34615415275
77181,12270.079075327734
85451,11007.39005108892
76412,25260.908209840756
87990,11704.530249341815
82077,17899.19704366636
86289,13823.659947082373
81566,14309.608751985792
82864,8496.768221007573
99130,7802.698137718838
96176,10991.408530961664
102269,8099.4579801501
91841,13943.897127362281
76041,14838.37642324019
104840,10759.046128666727
106253,13264.897650071403
98245,16399.961314594955
77039,13806.101760229141
100730,7545.161491092144
87739,6844.712669471286
107559,9154.18558075037
103282,9417.99789442033
76646,16515.70531261045
80252,11668.631695064361
103895,8195.401110603765
92491,15772.942810456405
89765,11249.20389266016
106652,11476.221050629016
88005,7707.28444656348
99470,8292.931767561455
77069,12972.771834348816
77955,15782.69415163635
90809,6416.519192506245
91610,14766.353293812717
102774,9614.180130051016
78231,7715.334727166573
101171,8149.665090785931
94420,8438.426272688197
91378,18082.153814657344
82771,8970.387163800977
99918,3565.3677795053654
103574,11946.012247267523
86799,10075.169409813876
94318,13048.954659523179
76950,17829.228652812537
101720,8161.930795150397
106698,14726.442616268252
103488,9564.378604587328
99153,12015.760208966218
104945,14088.728768131283
82708,11939.720901182718
80674,12757.541491727345
84122,9430.342897106566
100375,3270.2361592920993
89456,12173.945819526838
82974,9892.426226071593
104716,15680.549917664404
88124,11007.39005108892
101244,8075.801882156311
82069,13554.102167072919
98606,11521.062808115128
94412,16626.578874960862
106030,14737.425445155179
89877,6581.64620285752
83349,12579.012823655994
84253,9118.72918464488
79774,14933.084517337442
87259,8604.077911597824
81587,9500.333486317919
94407,14736.70590581905
105889,10905.058780329837
90829,10695.74573418596
90286,7346.152897767581
90162,9046.631636208584
86022,9995.167838831427
108101,14757.286386695489
76814,11232.509433319354
106162,14652.500523082219
106605,11574.880487675839
99590,10435.494567735812
102676,9270.753009540524
107658,9088.506727351856
82396,11064.946086064667
108051,17824.051701199714
92955,15531.40269826806
83520,9031.688029594066
80338,12392.150962519316
89312,7516.861479614891
80751,17102.453175181596
90622,7501.750517887031
79431,15659.247242093268
82870,9025.045054016613
106446,14729.145237714507
96223,8485.193013882972
100491,5845.616487729794
90125,18361.14597707589
107869,12013.6215987452
78278,16571.81381623397
104244,10634.421354712576
93810,16268.875802088163
90911,16323.774902600573
81869,18353.683952377345
100472,11070.452180505357
101927,10200.326589694272
99713,13110.91584821828
108184,10171.943634167787
99764,6446.0938593137325
101286,12131.796941018883
106534,7404.759493709837
77461,9956.12389879348
108272,8796.732199891176
106010,14726.442616268252
89193,9993.349419358845
87761,8970.387163800977
88154,11891.777432347599
97789,10329.062722247138
98271,6932.263837229764
84160,11033.735907681184
80752,9888.299182616365
106107,12768.552126842065
87260,9292.624781630084
76549,5401.778316154243
106619,9160.77726225679
93849,18593.36576343074
96045,13464.756574914018
98306,7158.483484460836
91896,18994.001367121033
94048,13753.821362642018
104918,8426.596172296171
97720,8064.796653167957
97482,9802.170781404462
94156,14736.70590581905
96469,7869.535079083653
96918,13588.623221690003
97241,7509.347898043512
78150,9105.763170262095
77808,19197.63697342138
103265,7777.453781035342
99485,5943.260345303532
77860,10840.903104473862
83834,12181.974938395959
82565,6195.079933413149
104344,16281.916008617272
88984,8286.904411717407
92161,14611.071955066194
102199,12651.549237010888
103723,9595.226134856097
94677,15043.91732816323
104806,11463.70818909346
87148,10864.028483954668
78411,12184.801682143994
97856,9100.667887207328
80535,15830.373555035712
90156,9474.172311033726
82176,15851.4676880183
76790,9190.93332009273
91762,17885.39802012536
78650,19391.01708864312
82763,10864.028483954668
82678,9151.014332579907
100137,14931.955825047347
78365,17332.983497727346
88768,7983.466285682362
80346,15891.44848347442
106682,12196.037172332222
97171,14933.169155275253
81701,12179.993604734384
84073,9659.556699574157
79549,7080.983043238231
100269,7052.557895672137
78466,19221.839775131033
80489,7888.501386826348
100009,9597.896939824725
78769,11505.968697716155
96821,13592.454890504236
107253,9076.674243507978
76045,10610.238181532102
85567,10752.292768164276
104651,8746.451456969833
94428,11032.377871193356
90549,11249.20389266016
100940,9301.019737125922
105608,13434.713761075503
105280,8426.596172296171
92200,12063.318720777745
91082,8048.745798333075
77298,15867.409702846498
99432,8285.821812868375
80426,7080.983043238231
100817,7476.349634538707
98552,11926.602762419556
102428,7900.760237823757
100978,8341.868424260058
96371,11458.267091019843
84334,7516.861479614891
90196,6786.412002534898
102540,9250.496092089581
96914,6319.899525661224
100895,7603.55458741292
105296,15451.324776282863
101888,6353.77323635742
104077,6583.715126413661
94267,16862.697495236564
96803,15083.918686683997
88905,8328.114982569652
106132,7714.3155299398795
104388,10931.098783380108
92704,17424.924762121518
86345,13258.524022405281
98326,26454.523375237244
98572,19233.866851284904
98754,16405.204305896626
77794,9259.765987245595
101082,6898.509243354091
98455,9349.270728772219
95796,13122.444783769042
98861,14051.293992366263
87570,4871.263539970638
91904,13990.953594178654
84147,11438.014517047834
79470,15984.568211402295
100012,7792.03788887028
78698,14393.475837613994
84929,9824.907010871451
97808,11612.984367979381
85299,8328.114982569652
91297,25670.991401936244
100772,6161.082363707823
88500,7759.711691383954
86077,14286.855251732064
91891,12594.253582000225
81059,13670.840542656084
91023,16882.67836002394
94693,17057.181732985977
83779,9788.538433558328
102323,7545.161491092144
86078,8378.801752448186
85595,11594.127661230408
78582,16301.13897393147
82311,18645.83592983893
107228,15289.713801813763
90613,11283.44621353782
102643,7601.845233336537
87044,11085.34615415275
94680,14766.353293812717
86222,10916.247790200401
92844,14820.692309683785
107625,5038.767632488466
98155,7007.740893644725
95145,7400.014537792139
79545,12933.526511719117
86312,10992.84740370096
106466,9262.672438743508
102721,7545.161491092144
82720,7067.524495336356
89908,11235.97745709345
86593,5581.137361386933
86930,7888.19662782758
80460,13561.049663927015
85235,12550.348844652075
103331,10155.070967219604
96526,13308.010010123024
93359,13404.848483628111
104761,9091.34747990781
76684,13034.350870384736
76697,13625.736021132583
92488,14312.506258593754
107148,14587.613904452332
100685,8282.06882346706
79407,13614.599333493621
90983,14322.29639702385
80435,10116.736357801157
106658,14666.650406569775
76894,20663.377056774556
77367,11909.784572070928
80301,22028.82790571525
81032,16288.781366905183
107900,21090.874318621045
83046,10208.122161795556
102331,9644.972968173093
94376,11592.903505141494
83559,9101.794968636646
103509,9942.113655812269
76553,13014.805051449686
85897,10379.308676058849
91644,13154.164169206391
101598,12418.506600174112
89707,9354.826351325366
106964,11325.41825933617
86117,9221.846086693522
100179,10950.185500755104
98605,18235.719901295925
99719,7713.57715051395
96764,12052.618380417996
97262,8142.068974379094
79645,15821.44100444013
85785,10101.838585198464
103444,7986.333313911784
105639,10352.462556786288
106379,14945.435613236827
94283,10570.239113165686
80195,11683.6651242327
84709,11007.39005108892
106270,12459.971237307956
106321,16930.19452156043
102975,8779.423067605447
77231,18722.47293504767
82488,6424.871765531134
100406,10950.185500755104
79606,8949.84137758016
81036,12417.273028445807
95806,17453.444187842877
97217,11842.91625286653
93696,15934.985340210662
84438,8252.035000778844
108083,10349.227789825813
94109,16908.531504157865
81873,15777.834777251488
83535,8039.560709911041
108253,8109.872656429295
103572,6576.113890582922
97782,13185.510347364137
85759,11220.328204366759
101313,7313.246746804406
98905,11226.264918425915
96344,14657.128808416688
79144,12964.237747115885
93593,9333.589925674296
99886,8688.750993193687
96085,7837.777235140754
91717,16268.875802088163
100170,10950.185500755104
101760,9103.294016233112
104762,16445.26093483016
94364,13160.81674322251
81819,13608.43371196021
88720,9130.342317000299
76810,13768.093458782098
91505,16766.47998420923
91740,16734.28106034369
107115,17988.772803357147
79860,13936.797762748902
103392,8491.00533703265
107926,7404.759493709837
98206,10352.875569352487
91551,21322.300976565017
100331,11365.819387838204
76115,14416.25249052794
82255,12639.81440312167
104007,13570.101843485825
77667,7921.076609672127
97247,9953.554155983924
104182,21148.458134108863
84802,9430.342897106566
82517,7153.531176230074
79978,18373.023856585904
104400,18647.682490477826
98809,12781.310960420713
96889,11617.716954328906
106291,16347.921800682278
99347,8482.527532405302
101462,6888.149382342062
92841,16967.6642911301
78210,30318.44169538485
90440,13492.836920541542
84119,9171.923800122213
96872,10423.493975202686
99411,7007.740893644725
88399,10889.38199599662
93645,14493.007738754079
106472,9600.745900105698
93223,13753.821362642018
100761,7964.197452731371
84396,8378.801752448186
81694,14422.469774405177
91499,25650.491250988718
86428,4523.677277945479
95718,13694.541587240285
102532,6672.867660387799
101976,8099.4579801501
101696,8341.868424260058
98887,7017.678528356821
88660,11676.86199093148
88640,4575.7869309481
84379,11337.655635663446
84581,11528.384097145416
102278,8860.173191252281
87590,8286.904411717407
105244,14971.87638566227
85140,12150.917771113685
100212,6349.317917540063
82463,10025.306415598076
89649,9838.559599077726
105119,13264.897650071403
101138,8779.423067605447
97613,9096.20688483352
106323,9806.27135075473
102910,7702.787038310623
106664,12704.1886735994
78285,13832.428434036312
90102,9249.513255802978
96386,5358.347101309509
90800,7343.857402196216
98566,15214.02628385765
101815,10155.070967219604
101798,10185.121501980664
97728,10982.33377947832
99174,9730.725287238361
94250,13374.962202080864
88827,10040.869932602842
105493,8955.300638688039
77991,17652.06978877898
106003,9376.262239424514
102938,10185.121501980664
80815,12957.872123873789
102775,10950.185500755104
106108,7089.423214749199
86213,10128.933001251711
97119,11695.008691264868
90341,11727.885582135998
81713,16102.267726386403
99887,6928.713581615815
80067,22735.537127306547
104710,15168.560763388125
99374,11525.948914395318
102685,8992.217432538615
88454,8378.801752448186
88121,12051.50118128068
104607,12030.083584360917
108321,12704.1886735994
100788,10520.865088282193
79504,15593.157058117124
108273,12704.1886735994
94291,16725.87372033563
92974,14766.353293812717
98506,7143.147892470846
92238,14688.523686731622
101214,6940.4481358163275
92872,16268.875802088163
92412,11347.024903153995
99487,17564.234992691825
95246,17453.444187842877
83843,9021.847100723777
77705,12702.743998070619
82903,10537.372693080271
99335,6656.475721409686
83112,10208.122161795556
82946,9316.628306890589
105777,11976.812795177968
87013,9367.25746164485
96752,7837.777235140754
106136,13172.144177111093
79867,17775.108470838815
84377,9151.014332579907
100807,9081.686685585339
77327,19985.421171956634
90531,12691.080095285952
80907,10982.244538468454
84019,12320.931830836125
90542,13059.819291402011
77431,9837.652192278652
100648,10185.121501980664
86836,8616.53003427582
85657,8286.904411717407
104881,13238.03291674433
87108,5012.480522687931
103909,12131.796941018883
101363,8915.97313835096
83894,8286.904411717407
87239,13154.16472313925
99880,6446.0938593137325
101105,8075.801882156311
103682,8964.148186826067
84580,12692.98513918135
103278,4988.047887476855
81972,8643.744686324366
96088,6850.277132835952
89815,7346.152897767581
83189,10128.933001251711
93790,17057.181732985977
86893,5815.080373728075
85632,7707.28444656348
84891,8153.014621535623
81765,16366.49843601156
104808,10856.31926337885
78274,13697.833523461828
104323,10707.397646048279
104215,16641.83374510079
83258,11438.014517047834
85415,8486.25786595206
76352,12745.003211598336
105843,15284.936472921407
79923,8488.121954485947
86788,13346.795998090325
106140,8680.392972472035
107298,10352.462556786288
80097,25281.133353432517
84584,8845.164807844078
97123,10322.460083795782
82024,30164.76555087785
80482,16987.27325800322
85092,10208.122161795556
107615,10352.462556786288
83158,12150.917771113685
98377,9354.7857276868
101038,8341.868424260058
86398,8967.584203281447
93257,14654.957595425032
76372,15867.409702846498
91976,16972.96752461706
89914,18361.14597707589
102249,8465.36527569245
92223,14270.699452820698
96162,7784.921173060441
78476,20478.746639418692
84032,13567.283592974298
87790,8579.045588019717
99047,6881.547419183958
85743,11007.39005108892
100359,7456.868584242114
105381,14726.442616268252
87011,9668.490576409793
106016,15099.904325776894
104246,13263.067611272836
98535,4896.168777823037
101636,6940.4481358163275
86057,11594.127661230408
103082,7545.161491092144
98076,5885.823373670591
83514,10157.771630324034
103770,7042.781056032827
81344,13480.182529644784
95622,18597.594232383817
103797,3865.6589326043018
93056,17166.298708044687
78395,13794.385714421403
89628,7815.755915268584
103060,4336.6569636562535
76440,14490.866037079448
91172,16154.102516174116
92399,17186.171226480164
93498,16831.689529270414
88211,7231.22360431783
101974,6732.0796534727415
92110,12772.945321285037
108282,9160.77726225679
91046,12278.371792022523
87325,11409.19869142934
91442,13798.740562098532
105058,7674.152686942737
83755,8286.904411717407
84596,8734.053926595765
86642,7404.676803312217
104884,20101.667057438222
99464,10352.875569352487
76380,13036.84812052676
84398,8851.969527440895
86695,10563.234578696512
84967,12051.50118128068
91413,19909.538735335285
104536,14797.85303493065
103653,9265.366201959081
82660,7248.772896501201
96278,11987.24082574606
104281,9608.490617536805
96493,9221.172296459745
84816,11276.392425898972
96248,7489.522303127494
84910,11244.965816117176
76150,20190.739789427447
84168,8863.362296009316
91284,14361.73922604949
95359,12244.457280552851
99809,14201.696217355433
97478,9906.905618682438
90354,7107.851012303379
76268,11327.781200599813
99017,5373.503067120568
92966,17980.53446286355
98031,5927.40464874188
102949,9306.87190928732
96793,8750.101140721248
88706,7248.772896501201
100609,8095.511762727115
89116,8153.014621535623
85861,7290.599852650983
81217,15871.860911735414
93134,14352.22481271089
93383,15128.374351828177
108417,7157.351217863152
84549,10561.165062428943
97741,12052.618380417996
82038,15270.651812894805
104696,10634.421354712576
102985,8742.172770601781
76015,17429.23863066976
89233,6844.712669471286
107693,8426.596172296171
79543,13358.902991560984
88941,9390.185586696132
107133,12616.614982933066
84262,8378.801752448186
80022,11531.568335871107
92947,6499.866840230618
106355,15722.169387223066
84561,8303.689196794052
98987,14054.873541071665
106383,13360.097251627361
81784,9156.600712297826
100364,10534.014851958971
107310,21116.351952705703
95690,17032.59224272876
76393,17187.648146045365
99698,8934.868423163305
92142,16994.526802315733
83931,12692.98513918135
89216,7523.925873248292
78447,9977.16865431733
88380,10564.90047345869
106609,8931.252770953626
87906,12665.080842342304
107946,9160.77726225679
98084,11151.84600575266
86920,9785.47985529917
96738,9221.172296459745
90639,8839.490394180724
85170,16242.739132188473
78613,14716.935573157736
105247,9352.093114820953
90641,8925.73654521973
103803,9310.181228027657
101871,7545.161491092144
84737,8849.203564539848
88357,12866.891970047487
76060,15583.960652719688
96081,6785.263059029057
95771,14540.226686522852
90465,9838.559599077726
105795,5170.687226563277
99716,8669.908455663834
86627,9021.847100723777
76452,20010.79219802787
106972,14944.448249396299
85032,10208.122161795556
92339,16268.875802088163
92906,21365.407722748732
107476,17814.190008898713
98693,7738.510720578875
100745,11314.668169009074
93962,16268.875802088163
87071,13614.429840025789
78456,9469.592771176076
98616,7754.971404007612
89502,11165.967816817238
84812,10864.028483954668
99278,9132.365742580789
106760,18403.270358932616
93843,13400.4696218642
89686,9503.298596340928
89459,10432.379027473175
86882,14212.865046653415
89055,10208.122161795556
103280,8099.4579801501
82388,10119.360093122474
84322,11478.322012971998
99763,8482.527532405302
89240,7707.28444656348
89369,6790.722787580403
97845,7895.350745650039
98505,15572.159724826393
83594,10128.917337806559
76879,10355.205731797825
107542,8088.461813964372
80047,13062.467187653194
103396,8261.594746985456
91511,15305.479995158938
103680,7167.580121347789
90952,16626.578874960862
80329,16059.003010965665
95213,11475.05443013456
93454,12434.883010737669
98790,11218.011927174255
90991,25277.886408604318
103576,10517.577706755146
95054,13502.181937709609
91254,23518.071689255572
78354,16299.350760060466
82354,9476.224127581301
88849,9151.014332579907
89577,4639.258218238758
92417,13217.757071881671
87390,14389.089973349368
90610,11245.688953802653
76083,18511.996727250473
81716,12082.030283945487
91781,21322.138668458534
90138,13480.865638891404
82651,7707.28444656348
97872,7347.205028055803
84809,11073.755629048499
107232,12052.473418561949
82070,12761.939876656266
98299,16411.499378535376
108152,7157.351217863152
81894,11174.421225316835
92170,16430.89367167195
76815,12414.691161996636
85318,11007.39005108892
101609,10950.185500755104
85681,9503.517899397324
90628,4938.274673226529
81278,8949.84137758016
85022,9031.688029594066
106237,8356.25919748771
99060,10352.875569352487
97068,14689.265929716283
81590,14347.927700683544
87125,6801.946999030682
86034,6014.017536681883
92154,12412.457939111642
94085,13374.962202080864
84555,13759.28879427359
96138,12786.07842830961
87289,11528.384097145416
96099,12052.618380417996
92408,12723.467868217776
79885,16404.507166806958
77403,15915.79420238988
78502,21428.116971231986
101012,9106.139390275132
87470,8760.004208086626
85394,10864.028483954668
90467,11892.190432752686
101768,8931.410499870884
82421,11528.384097145416
85707,11007.39005108892
90630,13492.836920541542
83619,8378.801752448186
102793,8455.083980491494
78299,13065.447775289636
108074,8232.325872234602
80894,24882.40828451626
107622,8460.819476424598
89930,10603.362763445237
105194,13174.767129443655
87228,8159.350682694359
87821,13727.328849257103
79921,12724.841224769632
85109,11680.511684726083
104039,7100.612502177022
103523,13172.256942895025
84724,9189.052077633167
101351,8995.028091705724
76444,17774.160067712033
108202,2187.0271207721457
92774,22135.201364354692
97279,11144.832586916802
94079,12335.622970973855
101938,5419.57104741195
105071,14170.588119236241
91761,21343.327031800392
79296,15880.067911266218
100769,8768.138180480844
88597,8970.387163800977
85935,9189.052077633167
100302,10185.121501980664
89081,13595.581740874191
86282,8184.721489970442
107202,8426.596172296171
101999,7313.246746804406
77135,13835.994108183584
99417,7856.152579601689
90406,15495.090092670072
94752,14567.900759270204
83342,10838.737890295128
98973,12862.502482100743
79768,19889.634537473594
77192,9597.41900553713
80500,12100.122921834602
76835,21301.355724559093
86983,9887.579168199632
97069,15827.105156271196
97193,8306.404786981124
105073,11831.670072958786
108405,6583.715126413661
90739,10233.989358075878
100079,13433.834126883077
97513,12595.79047108248
108004,15717.760787172792
100330,9301.019737125922
88508,11939.720901182718
81325,16873.37128948666
105920,11571.263796589687
81530,8466.9320216194
86776,9281.259001915178
80384,10440.730614254278
105020,12591.076963967056
104228,10352.462556786288
103926,5721.586046219393
92044,16994.526802315733
107049,8506.273459930231
107408,13316.157263369074
97280,12057.120056774213
84121,14858.205380759679
107517,11703.887214568376
81847,10586.912674264988
93671,13293.15064583318
81276,15371.366320465604
105034,14136.508737288292
82559,11007.39005108892
97468,15827.105156271196
101227,7545.161491092144
84614,10643.634529842999
76259,13977.681001580117
81329,22165.05685174157
91999,16679.34124468275
83557,9730.504313761581
82819,10122.496381762763
83735,8561.578833786838
103607,7639.681165587264
93256,17235.61090006689
89255,9874.540415735062
102147,8099.000535125039
86853,9917.709155331242
76266,11252.389361407422
85025,11594.127661230408
79566,14948.493489943266
95663,15128.374351828177
96600,8986.660609640818
99798,6605.462288032065
96922,10713.697763059405
76888,20527.812227201135
78701,17117.541033438174
108246,10972.537770397903
102309,8765.398409288116
89158,10006.916932385213
95309,14766.353293812717
90997,18735.525281013404
88930,11528.384097145416
86235,13141.894744437166
86159,9884.559643941982
101049,10882.489368678976
81773,16626.70851511574
81389,16939.097045997558
88802,9430.342897106566
85702,8970.387163800977
98780,17627.70394377662
84786,11701.839457623819
85683,8660.61316586105
77857,15104.326721634408
88429,10842.279719297314
102069,8779.423067605447
104862,10212.093685290441
108204,14253.398998158124
105476,8747.542777862573
91778,17235.61090006689
100851,9061.167559982126
82960,11676.86199093148
84799,11007.39005108892
86912,8970.387163800977
101533,5056.243381598129
90657,7937.699768720208
88912,9659.556699574157
86715,10637.575417701431
87508,11132.304346069646
87984,8286.904411717407
94852,11492.563763024948
94905,14029.901001193366
76632,14838.37642324019
84100,8184.721489970442
95802,9687.29284684751
93740,21343.327031800392
98565,8216.848806302954
104153,9260.430864390188
82480,5815.080373728075
100660,9336.457256959715
76089,18637.712252992074
104329,7157.351217863152
76434,13854.429476682952
84061,12479.183573235485
92097,11848.678360852175
96236,9083.992382299184
78908,10498.445673182347
104602,11212.556727738514
102750,11548.363788616194
103394,11362.268014411218
88113,8689.020577731393
95654,16445.575735395116
86372,9368.472707539786
103110,9735.951661986204
88378,11939.720901182718
97704,7249.781027163176
90821,12174.346974532737
84901,15394.659844540047
93956,13374.962202080864
96320,14777.992892126686
81148,15362.431522296247
96461,12728.487960841241
84615,8970.387163800977
108104,15230.857779246457
78039,9374.45954664274
91425,17433.255377248137
77044,9257.815326450102
83049,12859.630455455312
99803,18175.906410217805
77693,14506.398585811956
95508,19289.387396595004
101593,9268.17322936776
101499,5419.57104741195
88319,12692.98513918135
107344,19098.392290590018
88590,8424.114862522752
102740,6956.56339423501
85931,10513.253616666456
77210,14642.737853193448
104732,11329.054955843645
101802,7973.968624862494
106071,9073.838075360385
107867,9126.95446867557
103449,5056.243381598129
79433,15665.807051936248
94897,23509.823054232158
79851,13392.147956173065
103779,7769.271256970338
84206,7747.172561976878
101707,7476.349634538707
90924,11191.72117499945
92910,17171.97234973415
95774,20534.558354289824
78551,20179.33397598957
97038,10293.528245413505
107852,9637.531680569102
87639,8442.352788642742
89958,14031.385751048412
77096,10780.936764156622
80491,14364.575424848923
97835,8427.006622712286
88697,7823.752268468179
78196,26210.90711051128
100662,8491.00533703265
93739,7502.540136240604
101433,8799.163463907213
79620,10242.592014728125
98914,8405.229977809557
86750,10128.917337806559
99223,7746.018681897005
100046,5056.243381598129
77452,16338.637256120144
104703,10150.558515288632
98198,8658.733114581433
104049,12591.076963967056
102264,9597.896939824725
104967,11414.693378305301
82009,16785.439637307732
79345,12049.86553092054
76063,19176.270045586538
92506,15214.992549712208
105509,7404.759493709837
87958,10208.122161795556
104150,13032.0570296683
76395,13806.101760229141
92933,13997.780404097863
105564,8375.35122051944
101877,10960.62592828512
97863,7743.417933995234
98886,15164.435842348243
108166,16519.75100300776
84870,11225.127138110272
105095,12522.134079993917
91461,15549.111542803588
89581,6849.296153650295
79917,6317.628480224159
86396,10025.306415598076
77190,15983.588788762807
81287,10137.913986350086
103138,9533.12681041411
87123,8606.767265135348
103793,9942.113655812269
93077,14633.246129183011
107545,18857.006695813852
99055,7746.018681897005
101183,7459.194036359226
100713,8099.4579801501
94948,16556.962617915466
104333,4901.751191624273
99987,7042.781056032827
85251,8660.61316586105
78966,9414.472720637325
106038,12463.958881306353
80139,15120.091672461722
86167,10563.234578696512
99261,10295.524053220423
92352,10499.086602593781
106505,12440.147525185967
100845,8430.973815527926
99620,9413.613584863408
99159,12439.135963519464
106476,15138.7731915095
98980,14549.458814358903
93289,15346.558261970593
108209,9998.607470108203
83126,8889.014928606091
100563,6181.521079442658
105255,8710.275749029162
94179,14540.226686522852
90552,7747.404386065538
91267,8906.552299308667
96812,9038.598979323235
88257,12643.856742553373
88718,9609.772152761147
83854,10591.175476199953
94902,13753.988137095952
92523,10945.48654967831
89821,11711.728452295396
95400,19604.656575075653
84369,10195.690382056138
104199,9339.539654189928
82116,16868.944358947658
100708,9671.167313156202
82790,11244.965816117176
81821,14237.569351775486
88277,10283.631497427188
81500,19632.03516359996
86835,11070.295506079232
79378,20192.147335664555
91295,15263.852042059878
91973,18627.269223940857
104856,12631.553109940009
77543,12141.518815500127
108162,9782.14946260263
91217,21712.8458509275
87896,12150.917771113685
98107,8424.766007031974
100169,8995.028091705724
90709,7874.429165450816
80086,17286.84680214908
81299,17775.108470838815
96112,13389.663358507318
103775,7702.787038310623
95669,19343.47060131229
78443,12109.444369476321
83136,11691.145878756077
103945,6308.4889984657
93010,16972.96752461706
91906,16972.96752461706
85113,9210.925486625552
79454,13480.182529644784
95079,20975.2023301083
77330,26651.5135579554
83798,10655.267961159261
90237,7167.541430899345
90782,7687.168695370139
93557,16590.902748037493
80716,14917.591343661532
103222,8099.4579801501
88529,7941.322132410181
79327,12755.491729199684
103525,6627.073806128709
77294,11016.857584221492
86934,6053.7726488871685
83687,8616.53003427582
101179,8489.869000044668
86285,11773.506985028334
108225,17632.296632319147
79458,15146.142460605537
79962,15165.99879417277
77878,16958.82727060126
79980,17814.358651497332
78111,14716.935573157736
96878,12422.434564897236
91368,16255.731680897476
85298,7680.519395495735
85082,14088.82395117462
91369,14322.29639702385
96485,14664.496346118876
77644,11264.588109996765
87187,11007.39005108892
108438,13172.144177111093
83884,12573.870351081023
79694,12613.350522103103
83581,12859.630455455312
89661,13497.054162782677
91756,12474.805958056686
94344,9604.986329350297
104700,17942.446953148905
82382,19315.987127397355
107594,19612.894560861834
78751,16660.122004822686
80127,9500.333486317919
99586,9620.613629402123
79871,12781.547784799797
107372,12536.191048261353
108028,14732.820669562672
85904,10405.599868311378
102788,10248.804775343573
99942,11075.133740348716
107103,11090.697220791697
84087,11781.79368550108
97292,9112.933364377777
104542,11476.261476514263
94429,15109.889638153169
86335,11007.39005108892
82367,10278.876321625181
86457,9788.538433558328
107346,11686.124897613483
77766,27317.254749066553
94768,20352.63824416758
84426,12859.630455455312
104173,12533.33373051531
80165,18215.868749482594
80521,16323.858930912666
95028,16994.526802315733
77278,20357.83992699613
104940,13447.127810015463
76864,16291.565736139175
87845,8674.560104119899
86391,9814.448966301481
85488,3031.980091367609
87274,13722.04641302632
102371,7482.326736974034
77811,11457.027956419015
80166,15631.662105703903
85693,7200.429829623735
86192,12582.153765782392
104128,13976.467385260015
76805,9878.171008913492
76360,11112.842834588173
100706,7630.010194420953
101318,10950.185500755104
99579,14549.458814358903
77331,15995.532751125957
107340,10443.901722202725
90662,19434.005852289592
83565,5815.080373728075
89664,15336.60988582946
78421,14838.37642324019
85006,8651.95759644601
93876,17057.181732985977
97786,12352.308948752052
96174,17231.992478365293
87729,8849.203564539848
83280,8970.387163800977
102207,9778.449906153888
100949,4337.646788656272
105703,11976.812795177968
100936,5056.243381598129
80419,17256.93596761026
85990,6962.657502698341
107505,15096.768651374354
81337,12100.122921834602
93683,20091.946309694107
94646,16336.837540667595
93987,13460.527510696407
80512,12641.294525789397
76113,13401.861318257797
106835,6583.715126413661
100428,10950.185500755104
105624,16907.94248273269
89652,9440.84828379732
95108,16331.225702563104
99206,10192.236075267645
76036,12950.688991054183
86230,8488.910397073834
84454,13036.197857527563
79349,10377.499934354115
85609,9430.342897106566
77345,11298.223176166892
78726,22061.33144986651
94445,18046.162318291943
107695,8392.231578679308
106991,11350.20791716179
79308,11683.6651242327
86486,10025.306415598076
80429,19490.66602008994
87107,12859.630455455312
80582,12784.830091504793
90386,9874.44621856063
98363,9762.3761474006
76705,13831.670969800849
104824,6742.63337640849
104154,2187.0271207721457
91270,12090.342655877706
83116,8286.904411717407
105710,8710.275749029162
95042,14511.390897444784
88001,10744.411107776727
85212,10025.306415598076
91875,14592.795409738394
108248,7942.896398660499
106378,10418.242930497927
89950,13931.37712911856
108165,7358.528341459661
83958,9850.62422608757
101582,5721.586046219393
106377,11686.124897613483
104057,8460.819476424598
92245,16691.622593343312
91187,17594.593731886285
88022,11007.39005108892
92561,15652.28466719775
96757,9086.831723982401
104597,17532.04720162645
101485,8373.912546578835
88381,8153.014621535623
103776,7501.4505891355
91215,17543.833710651987
103022,10950.185500755104
101933,9004.79279367826
93174,20882.926480127815
105945,8133.341795131955
78879,12117.172860095714
82065,10619.742300064674
99235,16326.101875436854
81250,14908.372308794706
98942,13987.10321841794
82966,4864.01251576418
81141,14202.996952857568
101325,12458.393443389301
82470,8067.377380750367
79063,17774.160067712033
95324,20229.22595011816
86407,6476.7652248349195
94026,19408.50942596668
106390,10493.491437944118
105069,13753.455256336818
88045,10497.970192984025
85356,10208.122161795556
80298,15301.955292777478
78479,8460.48180446239
98197,13449.488822990568
76490,15876.849726491097
77678,17440.909276690905
87021,12365.906194628957
107215,15132.03031131986
81404,18662.13331144721
84641,9730.504313761581
96328,13979.366841531522
83845,11543.22110797527
102745,6575.916810756192
105081,9514.503788982005
92135,12613.25852715972
105888,14638.920632528107
103985,7200.545679456484
92091,12434.883010737669
88090,11701.839457623819
106712,9282.507138385896
83446,10864.028483954668
84263,8970.387163800977
87277,9709.744232460487
90625,6786.412002534898
79466,14120.640877091204
77287,8751.672786369372
91628,13758.286997185905
89171,13017.85563786206
78750,14975.463207425744
77085,16571.81381623397
80877,16018.200590106164
76526,16709.33735722847
81085,16018.273368444734
107918,9973.312721497921
89072,7248.772896501201
103832,9181.73029080397
90495,8796.26220007084
100430,6933.45413100274
94346,10278.98821556452
94350,13582.96810262826
85431,9221.846086693522
105851,14023.938746416678
106969,11476.261476514263
95370,11643.769513119847
94611,14289.06551275571
79129,6800.579344222148
76596,16280.606845078897
93211,16019.874569130923
102753,10185.121501980664
98370,13100.316507356738
90773,9838.559599077726
98298,9919.560793328228
98150,6932.263837229764
101220,10234.455815337276
80802,19698.386621445803
91398,14777.149651879994
86010,12150.917771113685
81267,20300.9314270006
79745,13286.867270116813
105864,12764.471313908167
99245,12015.760208966218
77308,11907.391181567256
85341,8957.956738095816
78845,10248.032221791935
78542,8864.764878188018
95408,17049.159751050167
99562,6932.263837229764
82748,11073.755629048499
79419,19906.547185601186
107846,10416.689184908319
90929,14540.226686522852
77964,14205.31851013137
95902,14717.192503007249
105576,8460.819476424598
94067,16686.421520004467
82322,10744.034138512981
94533,10921.886964564947
102326,8261.594746985456
97048,8176.029619384881
84908,8970.387163800977
81143,12745.976196085227
90090,8669.615074129966
93029,15739.405289539125
85943,11007.39005108892
95392,12752.67121953639
107057,10729.358540534204
89067,8284.314994001783
85202,14114.91673065089
81457,18973.16636277878
77074,10266.72695297779
94378,14766.353293812717
78921,10840.903104473862
80414,17605.948418406526
78653,12675.606641368437
87185,12744.521132727312
103928,8220.940481018913
77930,12348.045569596867
93057,16430.89367167195
81986,17080.83970036956
87505,4386.866780450696
104258,6169.637437871433
100795,8515.051719760706
82702,12838.008982512534
98156,11411.827752767913
81155,15379.685853271521
82204,11203.866931324677
79859,10765.227919319505
79501,18270.54095197026
78998,11498.170363172367
93846,7907.0623458499895
83490,11007.39005108892
81890,17251.54401291222
78672,13353.912159461
79310,14496.647377185416
81889,16561.32758975361
84975,9676.032485152797
104001,13015.306518179766
90374,12559.201528751566
76586,25167.482012863977
80099,17989.625633408414
78984,15867.409702846498
76198,10790.219549879805
106595,12539.593176001701
78327,12546.84848807289
88954,9028.86591663986
94710,21155.71716572274
82380,6302.167378106742
95780,18821.078790445918
80440,25667.42004165035
103715,8559.540724384135
94371,16862.697495236564
105793,13801.195539013192
104941,9817.791266536997
77499,12308.615627012798
79776,12710.11933951349
102456,8089.649304434718
87034,7707.28444656348
98570,10688.380008300142
86294,9659.556699574157
86579,10265.670713327798
78767,16571.81381623397
101407,7641.5481676714135
90427,8116.9747939018425
86604,9753.385949215251
104481,6605.779163568487
102055,7789.869547607239
76565,18626.072206983576
101769,6946.382574120792
86849,6844.202572842179
89128,8606.767265135348
77119,11140.890101286954
94623,16994.526802315733
94988,17582.961580975716
107071,10972.537770397903
106724,9282.507138385896
79938,14178.766210511221
98217,10305.885802689045
96660,13279.105612605139
82817,9788.293706036584
89810,7694.100178880622
108212,9076.674243507978
82851,13722.04641302632
106739,14054.173361643174
98224,14054.873541071665
79457,18353.683952377345
87381,10555.708448016174
89127,6844.712669471286
79388,15270.651812894805
100705,5721.586046219393
106385,10443.901722202725
76142,16724.106504472737
79007,11768.67972437408
95972,22071.650857575823
100737,7561.616819367396
81958,16107.30049662632
100805,8095.511762727115
81226,10137.913986350086
94857,14314.145385936756
103193,8390.856927326615
80622,14347.927700683544
92116,13896.260239425952
108228,8007.225556035441
84744,8940.430175947058
90654,12517.02336716351
90551,14810.427042824098
78428,16495.384273263313
80781,17899.19704366636
87118,19140.073334384026
90187,8577.876606798653
76110,9837.652192278652
81102,13625.447350841821
89957,9249.513255802978
103585,7259.881467554022
95786,15344.006914683234
90883,7167.541430899345
94705,25350.475523689962
98890,13000.569239293554
91766,20597.863749964636
95207,9879.475275939943
77002,11423.556785252731
98428,15817.041111060567
85456,10459.995632452208
102472,11548.363788616194
83021,9719.374588822875
94063,11893.161096319978
94665,15773.352348498262
81432,14903.150973757376
79825,17102.453175181596
95008,16430.89367167195
104634,16443.711607190304
89960,7750.667997852958
99162,9851.846662265312
99269,7705.041863890281
102221,7633.239804357735
88075,11680.511684726083
86981,7248.772896501201
97144,9408.876153269755
95073,16853.069364447507
107794,9073.838075360385
82837,7707.28444656348
76265,15992.54971614373
102416,10422.98680416397
106292,15591.843051058926
94162,14737.069087328491
85715,8401.051097999152
108484,15373.715820255451
103120,8027.664290882915
98178,6932.263837229764
92208,9678.314380827795
82800,9887.579168199632
86660,9390.185586696132
94811,13374.962202080864
95020,11323.029062454969
103339,6161.082363707823
76719,11720.219321550258
106391,8279.731978317095
95855,22380.65038719685
107989,10745.410871555468
82154,13238.903475562654
77767,12376.370200974196
102776,10245.84687945897
79642,20954.410416961877
77306,10846.429899002924
98007,12056.51301699552
105538,11546.173994702976
84076,12579.012823655994
77749,16908.713117315834
95734,14540.226686522852
80602,16330.678659180132
100988,9330.858737892873
83690,10075.169409813876
84882,9814.448966301481
101699,7809.161009795561
86025,10405.599868311378
104331,14777.640000389476
93789,11593.585576283509
100427,9523.061262183593
89980,5436.938470721912
92989,14676.031555729565
96820,8986.660609640818
76354,14319.639575786161
93143,27263.704433193456
95045,13970.62399395364
78135,10780.936764156622
85841,9612.775816917696
105453,11168.1402437331
86843,9174.110663042497
76450,24252.135370699743
94878,20805.20921819234
85792,10808.385347541427
92518,14070.247423416515
91382,14843.037108771981
91966,20053.61435846809
95486,17424.924762121518
108090,13182.000070556092
83588,4077.142947374984
101240,7968.268251531738
79797,16992.28902114233
101978,10885.890796409785
77559,9758.955196051149
84171,7707.28444656348
84012,9025.045054016613
78716,14295.029232559016
100485,7685.08758394225
98908,8424.766007031974
93238,16994.526802315733
95809,14260.968130121406
107070,15591.843051058926
102546,7393.16954961547
104507,15800.385087677083
92943,9923.237090824156
90241,7167.541430899345
79542,14037.27782977092
82510,8085.097071047819
93255,16626.578874960862
96559,9013.0975122242
108483,13015.306518179766
82288,15127.177406183091
104480,9160.77726225679
92328,19532.831803944126
95793,16994.526802315733
105673,9637.531680569102
95841,13712.166197292196
98338,7788.873705824776
103579,6732.0796534727415
76861,14716.935573157736
84414,6195.079933413149
102508,6353.77323635742
83622,8851.969527440895
98822,9402.434163384209
86291,9131.366238995997
84831,7740.261793604098
82626,8378.801752448186
105508,11138.232581032114
77130,18228.5145718899
94652,16725.87372033563
83243,7707.28444656348
80908,25579.66621650368
106139,10136.75884596426
91617,15984.179992679527
83524,9525.580932875908
94486,16620.94281610334
106044,7917.433492157931
87195,8442.352788642742
77450,14785.251983253533
99239,9470.409772900412
104813,13360.097251627361
108254,8011.499131875105
105150,10969.109271262998
88390,8153.014621535623
97902,14054.873541071665
101186,7474.0134611651065
79116,15807.373194786975
77214,14975.463207425744
79298,6077.018475473045
91370,16605.99968402136
84827,10208.122161795556
107282,8426.596172296171
97678,7347.205028055803
93570,12434.883010737669
77654,11140.890101286954
77227,16211.800298785669
106789,12458.146897395656
78869,14218.082000864528
76531,12311.55614782609
83469,9189.052077633167
92278,15981.076379966386
105949,10201.861559110472
89026,13715.961328055417
102066,9270.753009540524
96352,12776.782147894533
77819,17501.69067633363
79655,16020.325490579733
84059,10456.727268572982
96541,9255.926666374888
89319,5815.080373728075
107795,8426.596172296171
96961,15460.860302071813
78158,14421.237645831516
77428,16776.21466212976
101125,8120.158928578178
95105,13181.776211085335
80306,12409.381829709939
88903,9210.925486625552
80574,15851.4676880183
76321,17134.960602709212
88786,15457.724086876053
95682,13195.258247964177
103135,10950.185500755104
84241,9801.656677586867
77809,10957.603749753325
92926,20385.019020475134
105895,16753.735505158587
86247,5332.468981850024
103470,9181.73029080397
98865,15542.22288108018
107363,14658.366048477645
76516,17313.25311221614
96506,9013.0975122242
106306,10864.785932199924
89093,10208.122161795556
108123,9160.77726225679
83510,7463.8564495408245
86792,11704.530249341815
99984,10541.110717016105
76508,14779.492488561313
86580,9922.20474030226
88428,9307.971781757306
103922,11634.730074076322
96703,16759.267502804585
107626,13214.743812368088
90100,6786.412002534898
101987,8126.3924892141895
88615,9101.794968636646
100138,10155.070967219604
83743,8184.721489970442
82321,11666.097860172395
88594,7256.404272811051
93842,21473.204593328242
89350,11627.853142866597
87643,11528.384097145416
105892,9508.497159416671
105711,9578.843937312506
95657,15938.290836581227
96330,11849.806569931838
96906,9221.172296459745
82247,14134.165459208984
97125,6850.277132835952
101306,9741.006535257082
96708,11504.961040019563
77250,11950.082510860411
95451,13938.075275376135
99405,10192.236075267645
94758,14766.353293812717
101101,8491.00533703265
77643,18931.054043201937
90209,10270.089926532391
90312,11232.580499651793
93955,14567.956218623336
76334,16535.266745023826
85190,10208.122161795556
97992,7094.505758855379
92748,26511.73762361708
79843,15163.935385088964
88769,10119.529603554736
97453,11504.961040019563
82550,8640.909586232727
90775,8842.253321415003
88190,9537.845098010663
100712,12418.506600174112
77237,19240.11153143935
78997,16362.197092307782
105656,13182.000070556092
93368,15984.179992679527
93469,10940.506051799215
98426,7705.041863890281
96832,9898.071080719166
85322,10208.122161795556
97139,9207.633779795344
78678,13559.05325848824
97821,11014.341847350921
95410,11315.547882865023
107358,11595.838918004956
96750,4553.2684178410655
102529,5429.363394782244
76433,12991.120272607843
101626,8995.028091705724
77790,12972.771834348816
82932,10379.308676058849
89517,7119.980281915
82905,9464.61304462215
88552,8034.3944784606365
103006,10234.455815337276
88811,11007.39005108892
101734,8828.687165785275
99230,12915.244557650236
106537,13316.157263369074
107114,12616.614982933066
98513,12137.084775888621
92795,16590.902748037493
98563,11060.595122791496
78599,7296.161003770974
78911,13801.78796121273
84652,10075.169409813876
91014,17213.457843554694
90901,13617.932187622044
82041,22495.20263005701
79218,16885.28142609393
107371,22177.75677791286
94767,14364.430418421156
91910,25098.423252882094
103462,6882.648658909758
77125,13008.894882738432
95567,19909.538735335285
95039,16034.953613990518
85065,4419.233518335784
78252,14939.91938690764
89580,12378.560588849965
96742,6769.697917170975
79876,22059.380899600706
94674,14871.394038570268
107822,10561.897765787413
92586,13684.015484284091
78107,13835.994108183584
91241,17655.96899483304
79077,8684.800946926121
86212,10229.10928346982
107527,11441.924724789093
88056,8863.362296009316
108480,11777.065817940405
77620,9458.117302167526
97188,13961.12696224217
94979,15787.94255044552
105541,13883.619265772362
105852,14623.480803464918
99182,12471.836197767043
91355,18070.474688538598
88516,10025.306415598076
76101,15867.409702846498
87097,5815.080373728075
96299,7673.507356203825
100944,8527.210251088587
83995,6172.456529752551
100407,5799.308728060843
88255,8488.910397073834
93935,14631.421644915601
95442,16590.902748037493
93571,13481.837719168952
78642,26933.94376419478
94545,16268.875802088163
97746,6856.440944151781
96419,16068.221526113728
102851,9658.736327138919
102356,8341.868424260058
94962,16009.50557398123
89175,9621.755015332523
104139,8426.596172296171
103395,8907.246256901264
97017,6261.875114447249
101358,8075.801882156311
107417,8585.131175378041
97977,10150.76817440744
86765,12582.153765782392
95743,14717.860087440176
97804,12557.22498844497
87010,7657.570712407777
86791,8057.333659702987
97486,9956.665262671051
81124,11952.345507352802
105391,14664.071258712758
90275,8272.32803592022
104855,5011.130062298111
82804,10517.052731277823
94810,14310.071329914908
79517,20622.36888216946
101826,9537.518285974751
89848,13480.865638891404
90432,9838.559599077726
83070,8970.387163800977
78270,11261.870217977703
99275,10597.739702902141
92424,17312.76725588995
103334,9514.405207851261
79160,13835.994108183584
98830,18646.45434506085
87956,9719.374588822875
84523,13759.28879427359
78157,11256.388840121166
79460,14617.903535180583
81918,11823.170326873653
98433,13449.488822990568
104582,8426.596172296171
80046,21019.401781838686
82135,13750.512453008285
89685,10989.54468607669
100990,11278.982917075602
85624,11253.818223338738
88293,8378.801752448186
82215,10124.883122231005
91261,16994.526802315733
78018,10554.643499433249
78266,13768.169224527961
101074,7479.988696154315
97075,13068.68207131634
81806,11622.942220143465
80743,14910.136895998128
95234,15693.195703316958
100410,12418.506600174112
106840,14220.087922715456
89637,6300.346124341108
85382,7856.819794179788
83832,12866.891970047487
108331,8184.257563946341
82026,11745.896034469586
108448,8687.040457050198
90028,11724.1373388532
107663,16581.94998838074
107477,10527.364314136159
93709,9676.994795871104
91327,19261.242198568296
98548,3980.018380230002
79064,11093.496363150865
100670,6353.77323635742
96494,8886.739901870265
89974,4938.274673226529
96107,8375.810979075499
78151,14712.088347597863
79304,13392.147956173065
92842,22060.974471814505
87813,8967.584203281447
88762,12150.917771113685
90399,12477.524486400058
78756,17278.946147814968
94019,25441.475356951283
82073,10827.627637461266
91846,18633.09113540407
97414,17579.509683452867
92758,16028.494345925756
101342,9068.409632447507
105987,14749.940984015439
81349,10952.028612780587
103712,10950.185500755104
83627,10405.599868311378
95247,10571.524435226323
92833,12731.649391286443
104587,11444.55657508771
93265,16280.777879327139
90518,10698.418172891606
104256,12768.552126842065
80882,14397.209710229252
108148,9282.507138385896
81385,10755.131482503803
87860,8286.904411717407
107638,10552.81138624315
103947,10517.577706755146
91049,23509.823054232158
97916,6746.433785009881
95433,15273.877970671538
95871,17728.151934439287
85779,8672.258953693206
103360,4187.977507892051
80203,16585.995958262567
88511,8970.387163800977
101672,9942.113655812269
82992,5962.7478746195375
103889,9595.226134856097
103630,7904.186404230726
103366,10516.381253204147
97200,7489.522303127494
104563,9243.797115994603
85824,8851.969527440895
91924,7218.906293135417
96499,9804.187495154014
99026,10976.868165817416
81965,15636.887435018034
91604,15981.076379966386
77552,18511.996727250473
93750,17637.06790311397
78941,20010.79219802787
102717,8377.459064583243
100534,10185.121501980664
99036,15542.22288108018
101961,6305.894650740928
76940,12181.598628127791
106310,11343.606657264398
81520,18125.999341644467
91800,6016.720493806884
95707,14892.98098934255
96395,8630.434297693617
90505,13689.112718980603
95284,14011.11132602029
98094,14758.649002338148
97884,9405.373027993219
98933,8964.107831037021
77664,19952.288566252075
93941,15963.716732662055
87812,12150.917771113685
81266,15127.177406183091
103825,7476.214583901815
99494,7502.534086505249
91256,9869.89544062552
91703,13412.00771317346
99971,6093.135372786083
76631,14975.463207425744
103612,3221.7454622427563
98611,4392.454036696345
94591,16691.622593343312
80518,15659.43219848129
94000,18371.301467887308
85010,11701.839457623819
87369,7707.28444656348
86714,8252.035000778844
79985,10440.730614254278
88051,4281.113650464901
97065,6787.3839765561115
91307,13457.382184433338
98365,7661.0607751959315
76522,26210.90711051128
96638,12413.549777057155
79703,10162.034037442465
83107,9368.472707539786
79104,12820.990361288294
93563,16734.28106034369
82599,8153.014621535623
83486,10229.10928346982
92895,12859.213342980724
108343,17413.318778719273
101774,7394.489923126386
82612,13862.908565250478
86861,6424.871765531134
101902,12545.686498076895
82973,10025.306415598076
89872,5767.771144074567
105616,10384.004459038733
84876,9753.385949215251
105133,9073.838075360385
98877,15209.163961715756
98515,14945.185184826567
98327,8367.619475815678
106633,10527.364314136159
82505,12751.921121418769
105007,9076.674243507978
97269,8309.001108441666
78140,11926.637792225803
82318,11454.403257134385
92993,16097.883184992132
97743,11363.82019256505
87763,7552.163262869377
104942,10150.558515288632
92045,14178.214215864109
97767,17106.031695524816
108348,14397.440025789003
89665,12150.843961855006
96862,7927.330128764008
78597,9386.055635126613
107574,16856.60731316962
94460,14446.644637518779
86944,7992.6438162243585
104505,17994.39516490056
94837,20091.946309694107
84576,8442.352788642742
82427,7255.048497873582
80054,13309.407142970924
103504,10519.668260802378
101400,11946.012247267523
95904,14907.847940351468
99877,8424.766007031974
87554,8890.824583383286
81180,14243.10526362325
101239,10245.602394530704
94258,19604.656575075653
82942,10208.122161795556
101204,6940.4481358163275
98516,11930.415729009379
86925,8262.728917917324
104724,7024.5129620961825
84627,8967.584203281447
90133,8580.370234308308
100320,12545.686498076895
88358,12479.183573235485
94280,10405.166738681844
95334,13621.398935960055
95899,15736.349201213001
87270,12582.153765782392
80723,13554.24307333447
80469,9404.4848572823
80280,15099.969362216863
79493,9308.36275152891
92221,11737.39178564318
88547,9021.847100723777
97994,8540.030035887668
100047,8913.187178587514
96172,6222.4656179593885
88933,7788.243973384318
107059,11780.746828536485
104280,13644.729347681023
94714,14896.704260070419
88671,15394.659844540047
102414,11311.132776928574
78051,8909.576053940616
89512,8291.668875807849
98524,7526.317064957063
88047,8488.910397073834
84441,10025.306415598076
78156,16213.081112430184
78648,11261.870217977703
78364,10266.72695297779
86764,10128.933001251711
78495,16257.756369902141
94609,10305.149235345118
83449,8970.387163800977
102392,8915.97313835096
102455,12205.063650471371
83713,11309.467393183897
97475,10038.549085788949
93371,12594.253582000225
94199,21697.670838679325
85023,8337.39820506089
95338,11321.584164040789
90965,23518.071689255572
77195,25868.770356904944
81875,9757.330921880532
104416,11301.805659609532
87203,9814.448966301481
91239,14945.85936395927
78127,11766.126933801614
98386,13157.463069643285
96497,8986.660609640818
83232,9785.050774041576
107692,17988.772803357147
100734,7313.246746804406
78271,17501.69067633363
100136,9491.307078100184
86004,13759.28879427359
77776,17649.94943160379
84950,7796.765077982753
84323,8453.770547540786
87033,12866.891970047487
94088,14029.901001193366
100594,10932.067147904572
103071,7478.681161078979
89791,7337.6223989950295
97852,9226.083298881933
105601,10091.252034341242
82003,12324.673424814853
84872,11701.839457623819
82701,12549.354037138663
92469,16649.602573981978
92873,15093.984716305076
82114,16868.944358947658
101316,8099.4579801501
85697,8970.387163800977
100885,7482.326736974034
95305,14354.566825932325
93741,12647.736564753131
76178,11828.114930669059
84999,12150.917771113685
104143,12674.121903904723
105483,9608.941929784873
86136,9151.014332579907
99292,13060.232853364838
95024,13907.56590632857
107831,8287.54668438712
95035,19974.34465975845
86842,12879.33563525569
79511,26167.859095488657
99852,7749.56534522586
92478,13653.506842757875
93704,13709.40440811355
101664,9467.926116529452
76931,23333.220311364552
81674,13753.03262566907
102597,8259.523269869473
100630,7112.915806102803
76978,17712.143599242987
102490,8455.083980491494
100842,7777.453781035342
102990,5556.931767934209
105412,9076.674243507978
78744,16600.11037394906
76082,11220.7609907913
82773,11244.965816117176
107285,13652.890874879373
85211,9814.448966301481
101093,6353.77323635742
96626,13362.596463704514
103089,5237.926508955432
98149,4903.965539211867
89290,7986.632022353763
104295,9830.418616765437
106958,18139.331259455314
102661,8594.510176200958
84082,9189.052077633167
88521,15482.681515187829
78312,18373.230322017538
85481,8851.969527440895
88961,9801.325521533816
96432,17381.24399413913
77539,10498.445673182347
88374,10860.633886739315
102919,5586.47392900969
94335,12236.367362682493
85305,8184.721489970442
96360,9066.625633449145
85471,8442.352788642742
104566,7404.759493709837
102100,9662.342273706357
80170,10917.383566059289
103347,10960.62592828512
87487,19179.42206865111
84090,10405.599868311378
100034,12545.686498076895
86825,11007.39005108892
80018,25269.363306570984
102611,10248.804775343573
102665,8995.028091705724
92920,14456.022175217551
89381,7099.590950319276
105151,11509.268425877928
84039,10564.90047345869
102217,7482.326736974034
102388,9662.342273706357
98820,13922.479304517869
100665,8264.177063919738
90384,18361.14597707589
92859,9779.855551997529
106356,7697.296979201695
104723,10352.462556786288
93244,20365.478137442806
77449,15538.053266602055
107911,11144.4848289438
81721,15860.640498180022
85237,8184.721489970442
87601,11845.74716629358
98578,10217.870431623833
80704,17214.14608706903
89078,7188.60798549166
92042,10615.140780288006
100450,9741.006535257082
95304,9071.091686871912
76023,13351.150852290859
90609,9838.559599077726
95170,17015.9410839831
96870,8309.001108441666
107247,17251.583005379533
100484,9181.73029080397
77659,18718.83316021779
79832,16087.98462131289
91419,3415.868982067628
80371,14053.852056346588
83386,11007.39005108892
103919,9113.200990754249
95201,10647.768236760983
84155,12681.380653073407
90743,8907.722100036197
104381,12944.24209506434
89097,7463.8564495408245
102033,5962.566770489681
91725,14892.049720464625
92999,12437.366977996944
95835,15984.179992679527
102206,8491.00533703265
101763,6890.983241160934
81377,12140.207776456133
105683,9600.745900105698
91033,18254.115963551892
103314,9595.226134856097
105070,8884.855608148368
86950,8674.560104119899
79171,15642.176732361244
81227,11956.081298284123
80197,11256.48365691377
92037,16972.96752461706
84688,10128.933001251711
101952,7501.4505891355
88604,12479.183573235485
104058,14020.375841078609
106274,6623.037043045729
84985,9430.342897106566
99085,6446.0938593137325
80801,11486.811336686624
80233,14741.89765774299
81000,19742.15452765775
89057,11528.384097145416
98382,8285.821812868375
106493,17586.35587050132
95057,15728.097674001741
84556,7707.28444656348
103037,10517.577706755146
92174,15088.168347742825
90920,10525.796171031488
93409,18046.162318291943
87113,13883.106806933929
104981,16817.59901401919
104556,9578.843937312506
92782,13621.985842657212
90546,7501.750517887031
105506,10753.846499363133
84787,9235.512874759712
100399,8749.19402774781
105911,8793.185885971388
101920,8873.055213778525
89224,10566.536229411067
106787,16977.816941353572
83083,4198.143429190208
102399,6888.149382342062
77196,6956.153145899022
104889,7380.6144146131755
79598,11170.976067852534
100540,7479.988696154315
107792,30013.946344339878
85758,9951.740902188649
79333,12323.094026550196
99351,10391.52677172453
86706,8779.789701037327
89547,12517.02336716351
88092,13722.04641302632
90348,7519.8888046558795
96125,10861.172428780572
86921,11829.040929527338
76903,20321.990061391345
95539,10127.531171680486
89841,10781.132976439429
102771,9647.987633675408
87174,10595.592278845508
81975,21642.40081082719
95289,12859.213342980724
77318,18511.996727250473
76955,13687.78238533187
80996,24954.911917841684
87707,6577.508834013459
84519,8094.186110248086
96833,11965.144627422504
97584,6850.277132835952
104697,11080.12740018639
85510,7248.772896501201
79758,18645.83592983893
99502,5895.555394123033
80725,14127.646546938671
104108,9076.674243507978
107802,14428.117297985764
84871,9101.794968636646
85817,7476.154081075693
95473,7949.38990556377
85629,11939.720901182718
99641,6446.0938593137325
82356,11084.166700093398
96335,15614.661102785414
103623,8264.177063919738
84233,9324.110179910876
93708,12244.457280552851
97947,8970.048919544251
84368,12751.921121418769
92108,8782.9546114076
86099,11438.014517047834
95173,16539.882165538216
78389,16619.004894720078
106219,11090.697220791697
88823,11736.497883020265
95608,20213.996425393176
95876,17769.81329995061
86433,10128.933001251711
95515,14736.70590581905
97503,11585.461995370491
89163,9788.538433558328
106479,14268.67686093267
83722,13722.04641302632
80644,14627.909687561767
86002,13727.328849257103
86783,10695.97237006129
91928,16371.967373249523
102142,8264.177063919738
106024,15586.971326914005
76022,13257.262133897331
95221,11288.332630236759
105051,13979.476034821742
99939,8755.961052658062
103202,7606.639760121596
104770,15800.385087677083
88396,8863.362296009316
93666,16651.914655745768
100763,7796.8062127651365
96842,10110.52939086281
78807,16338.637256120144
85559,9430.342897106566
84384,13430.1147525783
95619,16994.526802315733
104008,14785.000650441165
98379,6446.0938593137325
90476,8936.329611702186
88845,8286.904411717407
80296,9476.224127581301
88294,9867.521693590565
86733,9609.772152761147
101515,7430.015351339988
107440,9247.3657435699
81834,15818.76940732119
94764,15876.084182536797
94968,15638.105762965148
88218,12095.097044935565
87863,8970.387163800977
104019,9101.085252985069
103369,7482.326736974034
106979,5536.630669269195
89717,7573.085774263063
94504,6401.154666008461
85722,9926.281197716311
85311,9307.971781757306
103162,7734.0918469611515
79834,18125.999341644467
102283,7313.246746804406
102686,8511.493886729475
85834,9151.014332579907
83633,9151.014332579907
101178,6107.294823012446
102859,13655.61026400464
97691,11645.989389000903
99575,8883.587927292392
81921,14149.544190637616
88114,9151.014332579907
100101,7973.968624862494
101736,10320.020267970904
92763,12437.366977996944
93514,19804.124480715065
86322,10566.536229411067
84924,10564.90047345869
85898,7707.28444656348
93419,16725.87372033563
88784,10208.122161795556
95012,22028.55398209268
81858,13629.706037952312
101610,9265.366201959081
99190,8548.006640340636
87530,8486.25786595206
86979,9814.448966301481
77670,6438.5870312743955
81123,11115.230224522615
81724,9308.36275152891
77870,9259.765987245595
84193,9892.426226071593
105928,11971.101961671111
97607,12432.732090723543
96063,17271.007421451817
77962,12263.220381461626
81560,16626.70851511574
100204,11209.187680816392
89185,11528.384097145416
91744,12244.457280552851
91470,16622.868019198675
78412,9283.60262418528
96222,11971.566186669656
95148,15519.21030905713
106039,9978.854721216338
79352,8534.094647874374
96602,6850.277132835952
102798,7706.2692056807455
107301,16609.345655298566
96147,12592.75302227538
87382,11939.720901182718
79907,14296.838536084408
102924,8099.4579801501
78012,15187.16024589085
78333,14218.082000864528
105989,13427.858171362042
90607,11166.310907536215
86110,10046.74369056723
81540,15310.936756099221
77937,14039.493799375217
84630,11007.39005108892
80988,24205.030932475034
92519,13513.18897716543
95795,9819.262960778147
86837,6844.712669471286
82642,10542.074737541247
86017,9656.538419509861
84772,11070.295506079232
103962,9253.070952392256
106264,8460.819476424598
84934,13519.809394767437
91598,17325.159403697675
104102,8426.596172296171
81261,5979.788021248136
78425,14716.935573157736
96508,9083.992382299184
98668,12012.005772353083
93948,17713.565215482286
82909,8408.30094778778
91514,15150.623310780678
100969,6197.434275511165
102102,5716.01699584749
103465,8995.028091705724
95072,16090.156265391613
87535,18402.217577508163
107564,6603.202098416422
103297,5987.894961623943
106528,8816.461962049372
83748,8974.974381731623
98195,7007.740893644725
102113,10950.185500755104
94277,10499.086602593781
93160,14741.853304129223
92063,15442.824145170716
81037,10147.27443611371
92602,25674.460453850043
93096,14109.871524751003
97243,8382.275832820314
78019,12199.063252713833
107604,7365.441296606351
101438,12545.686498076895
86439,8971.00896541581
82300,14629.145943539514
105142,10298.66731523312
84429,6942.504207427254
98958,7504.032768552335
92197,15128.374351828177
82096,16246.410814177843
81536,17368.424260209034
101623,10629.355705194408
85596,9668.490576409793
90600,9112.571451388974
80089,25269.363306570984
87224,8593.721213190229
87685,13902.322489270637
90958,16994.526802315733
81004,13600.421107644359
91667,15350.674821971508
77877,15880.476007560217
90956,14292.027209331802
87744,10033.889583246275
96817,8375.810979075499
97163,9821.41937064122
102517,10245.84687945897
83356,6844.712669471286
89415,7759.735939493736
100153,7773.280983291261
96024,13787.907147183709
92043,16171.683821183296
100495,6940.4481358163275
79653,14084.707396272042
88149,10139.92118916213
98022,15214.02628385765
84983,14212.865046653415
98394,14201.696217355433
78062,11730.310789322364
83656,10294.336726302177
93963,25396.685915590708
81988,18120.335862567623
95992,16366.417617119581
82620,8967.584203281447
82149,12536.243146786785
106199,8955.300638688039
107884,17829.622582293603
106607,14612.188982212489
84212,4536.628863811518
88234,11665.075215314348
96712,10752.480854460491
101058,12541.766494819525
81149,16901.17831541693
92670,14322.29639702385
101383,9488.341364828271
82563,10208.122161795556
100600,10950.185500755104
90826,10686.90424738442
102364,8195.859856019137
80759,17441.5278777642
79628,15139.673882503823
86113,11594.127661230408
96607,7675.905877602376
96462,12869.073528254668
88668,12596.633908466822
85575,12034.201293507906
97718,8294.166691183491
107322,18543.678985343962
79948,25269.363306570984
84361,13531.93357886071
77092,14716.935573157736
82359,14072.13000996567
87495,11594.127661230408
102966,10882.489368678976
104309,11148.030828686471
106312,16247.76423491354
85152,9430.342897106566
80835,9277.788187399721
99488,7705.041863890281
101023,8995.028091705724
82295,14078.82306320679
94330,16025.735925549947
96446,14408.826822166062
99608,10745.839559321224
108305,11244.745961209366
106512,13349.943000241745
104003,8426.596172296171
103550,10234.455815337276
86253,6844.712669471286
88355,8863.362296009316
101629,9853.091206348225
101460,5586.47392900969
87820,10025.306415598076
83140,10102.00479345911
89804,9838.559599077726
101738,10950.185500755104
101121,9106.139390275132
81810,20943.077205940695
102106,6121.826200181315
80437,8521.55726808818
101463,8995.028091705724
97919,7009.14075056934
107407,14803.408809227478
76258,16877.458008821297
100626,12651.549237010888
92755,16585.718884327485
102655,6987.203750602017
89223,12976.411721188995
95180,20286.12046072126
96372,6787.3839765561115
84089,9430.342897106566
82203,19381.308474945556
98785,7009.14075056934
95930,14540.226686522852
92151,16352.68744060761
105149,12704.1886735994
104517,6583.715126413661
85727,10243.049874461874
104769,9345.671694074705
106796,14253.398998158124
79021,12582.762158585767
86121,9186.180798902706
103139,7476.344259258739
87918,8812.252817306702
80634,24882.40828451626
103033,7545.161491092144
80019,12279.88568566024
108035,11490.695557729172
77891,7450.4469202294895
95749,16556.962617915466
86617,7055.79834248176
77709,8994.90479592834
77952,11048.11473121943
97083,9218.290982301822
78040,13118.387525394945
96041,15441.7548937312
101843,8455.083980491494
103016,8372.75200192341
86049,9151.014332579907
98228,7554.411655066102
90554,7419.471385142769
103311,6646.598553041493
80418,13800.781946445182
81866,22113.024775998874
101259,8491.00533703265
92909,16620.94281610334
79034,19782.97303533759
77129,10895.77404641114
99018,10211.60942765642
107391,10091.252034341242
108170,12327.569422720104
80664,16376.464950307063
94438,19327.732384011953
100436,7777.453781035342
107031,8775.780287810288
103954,8995.028091705724
78892,11528.735520837086
88505,11528.384097145416
103329,9343.319314763605
88345,10379.308676058849
105950,9416.28172250352
98331,6379.848250106302
77666,13394.852745889453
95383,13753.821362642018
108535,12461.854152916016
78705,10577.696510453057
79597,12021.436214630732
97585,15827.105156271196
93832,13638.704278764293
97348,9301.120664402688
87291,11007.39005108892
96291,11240.936043918682
84851,9612.775816917696
105338,16545.15364289223
84514,8442.352788642742
105830,15099.904325776894
78819,10525.183871969595
79728,25667.42004165035
105993,14308.478194433446
104822,14971.87638566227
101141,8799.163463907213
82728,6892.822030150599
83273,5396.18914150642
107233,11976.812795177968
81943,23388.325717941618
105637,12804.229348138686
81203,10316.287450581707
95127,17232.26484304755
79994,18270.54095197026
96025,13711.06264332764
97390,18706.716311113953
107522,13011.239789967683
99674,5379.963919390237
83001,11478.322012971998
94573,13140.936677250387
91983,16686.421520004467
89935,12695.137446819417
83115,8851.969527440895
108439,13011.239789967683
82297,11943.1632141202
96542,11020.168243882103
78269,24227.68394532189
104124,10177.927898909276
90435,12034.699241745235
97520,12027.07420429303
85468,6942.504207427254
83566,9720.619053362767
106890,16032.582192288983
98124,6446.0938593137325
85866,10643.634529842999
104379,15955.490613277312
99616,8183.5841036167985
77346,17129.60675718269
83668,7055.79834248176
94488,16970.002427138195
87494,8640.909586232727
84099,9634.387649020713
78345,10578.31449104949
95626,14344.867586833656
91044,14737.069087328491
91343,13865.844314219674
99823,7702.634239438014
97197,11365.292215169855
76399,15880.476007560217
95484,10470.060861820224
89728,14810.427042824098
93866,11323.029062454969
94053,17278.885243646542
103190,9270.753009540524
76312,12748.986732628426
79453,15582.11432750905
99956,9856.170915250006
96811,18676.472713236504
100537,10950.185500755104
98142,5461.793406687637
106900,12714.445961897341
89474,6849.296153650295
76696,10687.820114473996
87479,11413.149038770502
84806,8334.79301140039
85385,13649.995346514292
93372,24621.582220891945
92860,15538.434524507124
105267,17276.819491683353
86951,8378.801752448186
79622,9760.209018262221
95103,14540.226686522852
87138,9151.014332579907
91912,13374.962202080864
78932,11960.229744739352
106494,9978.854721216338
91645,14907.847940351468
76102,14138.585990493006
79636,16776.54179906118
99416,10295.524053220423
95715,23168.386508595006
81323,15338.824540390637
96273,9086.831723982401
95585,14736.70590581905
91885,15128.374351828177
80762,16810.03629336426
79167,9307.855372629761
87173,8970.387163800977
92719,17235.61090006689
87482,8442.352788642742
95215,15247.109040074147
104054,17334.32598736022
103066,8347.64906822788
102449,8377.459064583243
93985,15139.69132440907
99869,11486.749781815093
88347,10563.234578696512
77208,11481.822372579647
79376,11934.697279098948
98451,8308.344647199772
88983,11007.39005108892
106464,9088.506727351856
89146,11007.39005108892
105833,9196.452080023124
79242,14706.898941453042
107738,9091.34747990781
77626,10897.550944871049
77415,12049.365790868986
82458,8286.904411717407
80995,15175.220429065099
98434,10036.89384051079
106938,15495.72930603807
102349,9942.113655812269
85791,12665.080842342304
103622,9450.023212624319
108149,8426.596172296171
86450,13722.04641302632
107252,11682.47345006399
76034,9000.421599328765
82259,18178.926782492425
76581,18835.096840711318
95499,14946.749022775448
76648,24307.782714178717
75992,16509.340623398064
81407,12878.826280393701
105954,13011.239789967683
97001,8427.006622712286
96179,8309.001108441666
77616,12556.887933476186
108142,13238.03291674433
89107,8674.560104119899
108236,15383.388152819944
92520,13481.837719168952
93186,11323.029062454969
96171,10991.408530961664
78460,9976.431006390363
85417,10208.122161795556
100064,9942.113655812269
92393,12821.411437593248
83360,10965.911513223655
103935,9488.341364828271
106977,11973.070527035683
107965,12126.65118388702
91921,14511.390897444784
105002,8439.250179464667
93968,16252.700153929218
83088,6195.079933413149
92707,14982.020158573641
89001,12681.380653073407
95856,15854.351192960568
88962,12773.507565521972
99828,9730.725287238361
87980,10025.306415598076
103861,9546.446094088908
90588,9351.903279183729
91508,16336.837540667595
86131,7055.79834248176
97249,7675.905877602376
88232,11107.710222805978
78451,17331.18856115538
79773,12878.826280393701
82873,6951.724256614875
104116,14020.375841078609
83673,13847.144984319348
77622,20262.576655766836
94936,14365.540120515152
93795,14574.035465822757
96084,7209.615051132747
105406,11061.79956025773
102280,9450.023212624319
83867,10864.028483954668
83621,11594.127661230408
98536,7719.610105415063
101889,8031.010136266721
84479,10388.194892569056
77956,9138.039377946341
99484,5409.616181062577
82140,9354.758826159774
79005,21890.18754073201
77513,15885.439461014192
92211,15817.763911527309
85245,8757.266978218118
92239,17257.37112489332
97205,5264.608594453495
84822,8318.544084816296
104413,9782.14946260263
98704,14945.185184826567
76724,13556.475084932488
101457,8374.84135457433
85487,12150.917771113685
107392,7917.3385236510885
90712,10695.74573418596
105823,7714.3155299398795
100345,9748.585074757382
104219,11976.812795177968
90297,6786.412002534898
77122,18718.83316021779
104805,15696.616539513307
94490,16994.526802315733
99948,7476.349634538707
103562,11366.448140542874
93378,10576.766936267779
92288,12244.457280552851
78059,8934.066697090497
96096,12238.426021749434
95732,10473.036415136834
87817,6536.780554261872
101084,8995.028091705724
90506,7170.625074578046
95676,13684.015484284091
90249,9547.630485374686
95932,19181.503230817805
103254,9942.113655812269
99286,6932.263837229764
84918,10566.536229411067
97397,6271.770752548887
88837,10744.411107776727
99212,16405.204305896626
86421,10075.169409813876
78337,18368.684769529435
76020,15615.787124723318
88038,9868.633245967041
91409,12474.805958056686
95205,8306.792973073732
108031,4209.823066924127
105386,10150.558515288632
100613,10050.935422143071
95685,15947.496391513623
78731,11302.870481489736
87310,12320.931830836125
101113,9671.167313156202
89077,9368.472707539786
96672,12728.487960841241
86775,5895.629935816382
79262,15874.76132429648
104469,9600.745900105698
98351,6992.661940105706
80728,13426.497899793323
97386,12266.300534945472
97417,12757.224858769343
93911,14878.502595463642
99842,6460.118471178718
97191,11799.64924908254
103152,7331.965122045813
100093,9829.267646301858
104319,10352.462556786288
78419,15867.409702846498
106929,8712.45727193977
107427,9782.14946260263
93578,15553.902053546688
103404,6918.504874471836
77844,16004.637209780425
98068,10053.592260069941
95709,18759.848510506443
87946,11007.39005108892
76391,20601.520303732217
87096,9430.342897106566
77186,16546.725224559726
90698,10171.319358602394
93367,15745.507796471495
83133,8970.387163800977
97840,9221.172296459745
87605,9785.050774041576
78472,16504.182242415678
100925,5476.997478209275
99596,15214.02628385765
86081,8616.53003427582
105725,9782.14946260263
94362,12703.085251964005
88579,8286.904411717407
86705,10075.169409813876
80813,12421.637891134947
78885,10309.958869874872
95548,9127.840243464496
82342,13833.434004422827
77011,11938.119828964856
83904,8970.387163800977
105485,9262.672438743508
107922,10707.397646048279
90200,7107.851012303379
104534,9091.34747990781
88664,11673.630335762431
100499,5759.846206544796
101035,13452.312096984831
90482,11249.20389266016
108068,8088.461813964372
81709,21367.938771554767
97618,8139.63357224982
101931,8995.028091705724
100284,7545.161491092144
101027,10625.968894464777
96674,10111.707549631297
84856,11007.39005108892
105326,16450.400901077825
102491,9491.307078100184
97616,11790.512818142648
100667,10520.865088282193
108197,9076.674243507978
94844,18046.162318291943
104934,11547.127971543987
94116,17145.231787491237
76214,14509.104668792064
90916,14763.450497950498
106013,10443.901722202725
103429,10920.204838823827
93335,13274.062289858135
99260,12238.213240898995
97043,10460.262599508547
77925,24067.254520229533
86716,11687.49286248464
82230,9308.36275152891
77567,19290.52531019267
108496,17779.45987754864
104871,14778.36121609406
77957,9859.230203591873
96401,10281.962020357041
88284,10025.306415598076
86845,6424.871765531134
101349,5248.880947795406
77015,11335.532264302516
94471,14550.857724253283
108380,14435.868866871073
92533,16734.28106034369
77756,10969.410691417086
76035,14328.92476893122
75973,7797.361711737499
94675,8956.908915834627
79435,14211.693823594645
106542,15033.628089150092
96546,10901.394052927348
95946,13569.109288883363
93188,14766.353293812717
78117,12511.5398889468
102180,6325.093916179856
81825,12774.63001256834
90050,7346.152897767581
79638,14328.360411518413
87579,10459.995632452208
108103,12616.614982933066
76578,15464.241597819544
79112,12311.55614782609
95959,16317.059687609108
78244,14620.866318651399
77851,18378.156264188023
87052,12320.931830836125
88538,11594.127661230408
79011,16410.906653243837
96381,13959.07547564937
105358,11976.812795177968
92876,15214.992549712208
87699,5815.080373728075
90203,13492.836920541542
77001,12529.899267582101
97974,7500.18973223568
89985,7343.857402196216
97810,9086.831723982401
107459,8426.596172296171
104861,12200.14855775321
82516,8286.904411717407
83497,9430.342897106566
80194,23029.880773257024
85730,8378.801752448186
77914,15953.856318388865
88779,10864.028483954668
88366,7770.646783843855
104300,10286.320268649786
84300,10555.708448016174
79422,7839.830591210943
94910,16686.421520004467
108386,16243.188134327784
92708,5891.197146609864
90802,16601.464219855086
104397,14778.36121609406
98039,11229.773786670374
107887,16085.478254912017
105290,10209.987202819146
102575,10660.522521448285
105040,7714.3155299398795
98430,7546.553392778972
80499,16090.589147703105
101694,10155.070967219604
76386,17153.89581134478
98181,10352.875569352487
85340,11691.145878756077
90766,11145.01385298177
93472,12694.820898518066
79927,18428.259569950293
80854,14084.707396272042
100180,8992.217432538615
84437,5872.712756677801
83358,6424.871765531134
93108,14270.699452820698
104330,11870.568253390697
103518,7303.642215902164
89006,11007.39005108892
101611,5613.093584115356
92226,18551.50157684774
84798,8812.252817306702
92840,8950.885725785622
106054,11037.136746653472
78261,17817.5944557737
76071,13657.449687518887
92246,14762.688119678176
92296,13678.810718133032
89469,9398.626524392464
98079,11578.693857290717
81294,8441.575737878522
96301,4768.266096802516
83888,8947.013635330284
87403,7615.395751211473
92192,19299.21433419561
107592,11544.721364319335
77496,11955.57079473056
97447,17651.55047833154
103131,8913.187178587514
104590,14495.544975907043
97597,8309.001108441666
82167,14680.071020816327
91027,16972.96752461706
78607,20315.640481583807
99587,9304.195273688229
93937,9333.589925674296
100307,9184.563361352868
107613,11876.22174976739
99773,11090.281488370503
90044,7889.318761984456
85578,12669.851058499818
77103,10253.267472626745
91386,16097.883184992132
98955,10976.868165817416
95927,13143.92788569455
103188,4380.306355488493
77389,28949.82943205425
81822,9308.36275152891
90768,18324.417326054856
77594,11112.842834588173
107085,11775.111808132111
87692,9922.20474030226
77813,8231.699567451884
81414,11522.096566836344
102900,8116.049301250674
83150,11665.075215314348
92414,18440.655691564873
105321,8464.525023151282
92658,7953.687787901744
87160,8851.969527440895
107827,10374.877782708083
105790,13214.743812368088
87463,14327.764468640516
91532,21930.782114490714
77459,14653.606442481225
81593,10289.872818430384
103719,9184.60017861272
102291,7479.988696154315
77211,14667.199955492513
92956,14574.035465822757
86578,11680.511684726083
85882,10432.741165023415
82082,13954.734129046363
91811,16908.531504157865
82036,14942.734791742969
76773,12950.688991054183
99406,8073.520790655384
102289,8995.028091705724
94402,13582.96810262826
98621,7802.698137718838
96476,10110.52939086281
93410,10499.086602593781
84989,10904.17230107257
85123,11007.39005108892
88492,11007.39005108892
95128,16255.731680897476
93047,10281.406584720828
84587,9814.448966301481
94856,16258.480532180245
92247,14322.29639702385
101052,10950.185500755104
82940,5581.137361386933
97756,8375.810979075499
98444,13992.40927000238
77869,9766.579266364397
96694,13257.73908820701
107101,10201.861559110472
88276,9430.342897106566
84648,10238.922528700848
88011,9151.014332579907
97951,13987.10321841794
77288,14965.5797011755
104937,8955.300638688039
81621,10638.593747106737
82049,19868.807939037066
98553,9179.292234987588
105056,16450.400901077825
80914,7067.015789667749
82440,11007.39005108892
94927,16725.87372033563
84303,8970.387163800977
85533,9025.045054016613
97576,8986.660609640818
82216,15253.502033562372
84279,11225.127138110272
80976,11794.16885060007
106097,15069.39483874018
83074,10618.122342398854
87581,9785.050774041576
97210,12596.635848261341
90785,9364.96901854076
99434,10597.739702902141
89600,13480.865638891404
103809,9942.113655812269
92260,5968.146870640403
89667,8850.956209165117
99310,5901.200622670653
90375,14118.088089464296
89468,10950.29521358866
94940,13943.897127362281
97747,5775.928577691143
97570,7250.62729213612
105994,15586.971326914005
93145,11413.815413629467
94100,13712.166197292196
103226,10419.754385267417
100167,10960.62592828512
98138,9129.512174551735
101043,7692.375240983247
82078,17639.749922908388
104748,10201.861559110472
103881,10055.273663020296
86774,13567.283592974298
89857,7386.583404432228
97150,12103.161469905659
107683,10991.57998304135
83708,13928.074843340259
78775,9904.318777333729
104200,14733.360299497386
107581,11238.069383429924
99756,6581.888154140022
90210,11249.20389266016
78027,18411.011718801587
97012,10084.902222492185
104010,8712.45727193977
100639,9942.113655812269
93792,12154.692194418776
85574,12833.97322674734
105066,7828.740210926407
97307,10038.549085788949
77243,20213.46269087815
100661,9121.92454610403
80825,13176.458952273011
85856,9973.351050199683
85793,9295.973659441283
107091,13316.157263369074
85836,15394.659844540047
83887,8967.584203281447
84721,9961.52440251558
77636,5851.62596120866
76905,22886.000536103344
104895,12714.445961897341
86377,10591.175476199953
83076,11286.963451612919
90124,4938.274673226529
105661,10040.116091802684
91631,7654.279384911631
79760,24882.40828451626
100714,8111.247637196472
99231,12015.760208966218
82805,11939.720901182718
80714,17110.70061452683
93820,16686.421520004467
85373,9719.374588822875
95562,17447.990837423866
91723,18590.774905706658
91501,16661.294349053725
91222,12244.457280552851
97984,17428.165978569803
95047,24872.64416931924
101181,6107.294823012446
88389,10025.306415598076
86999,13649.995346514292
85255,13567.283592974298
79093,12344.249388291806
82409,12936.599424002863
103128,8917.735748221268
107027,12157.443262204204
108081,10526.04962055578
85698,14233.33635155863
84249,14120.458351589099
101719,6026.9366986342075
88643,8142.934228801624
80972,13147.93044455522
106047,12438.790114993733
86779,5238.9418801769
78587,18368.555451388464
90179,9470.937219558185
90972,9276.988831598735
78609,14652.475770583982
98324,7054.835007336955
76446,26210.90711051128
86829,11477.714465863137
87796,9430.342897106566
83650,10542.546770259596
81411,9955.849330361289
81963,17302.194205243915
96782,13981.722092270425
89718,8499.898106379445
95518,13775.43237313807
107293,8908.06677070443
99739,9354.7857276868
103956,10320.020267970904
85946,10864.028483954668
88532,12612.123438607303
85713,7992.6438162243585
78184,15583.960652719688
100234,6671.214748691858
107715,8460.819476424598
106150,12848.18132417607
77266,10248.032221791935
91067,12942.644833361303
80869,16625.14019699199
81462,9366.89065894559
83382,7992.6438162243585
92915,13412.00771317346
81139,11645.319821471718
96523,9834.891166016143
107090,18355.320947168002
108117,13176.261192930937
91742,5920.866191136572
98340,10150.76817440744
88371,10561.599333808863
101031,7474.469721683058
108430,19122.96680122369
77740,16462.30874404624
87861,8885.405806762257
84746,8812.252817306702
81252,17143.74011595037
81933,12570.50457687907
92153,14737.069087328491
95485,12669.407536985289
97686,11240.936043918682
107452,10352.462556786288
95477,16725.87372033563
95752,21697.670838679325
99499,6499.710226183909
81223,12056.694355696127
83589,13649.995346514292
81497,15307.545863351908
95884,18557.490626568477
87806,9022.225016549484
92330,17158.088507381275
84558,10208.122161795556
82990,8378.801752448186
90851,6594.57125484687
96997,16314.13252429641
90278,10613.535678607468
82417,9612.775816917696
100247,6958.18720195653
82239,15874.76132429648
76975,15682.758133694892
102948,8995.028091705724
96929,10419.463821239235
107088,10054.017857741348
94670,12558.055382274182
89862,4510.20706002241
94506,11996.378100835456
97696,8165.433137531531
82696,14783.019609116913
103767,10950.185500755104
105307,9482.931681364484
106510,17193.486859755885
88316,11007.39005108892
94321,18236.427897100333
96595,11592.616796934346
83223,7597.319667437456
85551,9101.794968636646
96007,9035.774707157856
90296,5272.830434909405
97407,9870.16402769895
93071,13514.893069747694
97275,7999.460395613605
86827,7134.8911783023495
99759,7007.740893644725
106689,14551.340564251077
103062,6888.149382342062
99657,10295.524053220423
93428,15185.42061759504
88504,12661.123536310357
87359,9467.424808799486
81906,12774.63001256834
107446,9160.77726225679
78926,22958.319525493538
97871,6785.263059029057
94202,11523.494909853596
101216,10534.014851958971
89614,12636.025477993691
82929,4920.933140492656
78710,11598.348708906195
104966,14080.14972768388
88410,9452.745771200576
94382,15731.497747463396
106319,21470.63697479044
91212,13423.31831878967
103584,9597.896939824725
107593,8793.185885971388
100069,11516.784115749242
97293,8883.963075544754
97085,6381.615069516399
78830,11730.310789322364
80409,12422.330582874209
81079,18712.09069805538
90437,6588.2307573634525
104169,18629.764791780184
83432,9867.521693590565
86630,10517.052731277823
100678,5586.47392900969
92564,16019.741665255728
86007,9150.154201792555
84102,8442.352788642742
85324,13883.106806933929
92796,9611.64393481651
78277,17332.983497727346
91813,12248.043392390735
107896,12910.69280716662
80598,15574.494921077663
93630,14871.394038570268
98016,10352.875569352487
79518,25261.468002381207
104016,8426.596172296171
90069,13099.205536552477
108485,7714.3155299398795
105556,16445.26093483016
107276,13756.756771910555
86409,11590.5049566854
98131,10352.875569352487
95165,12359.723879360039
92954,13582.96810262826
108363,7157.351217863152
107775,11444.55657508771
98806,7094.505758855379
82105,13869.018561487324
95777,11104.447137619718
78794,14870.458583374586
77994,20321.990061391345
90061,7109.287660306425
98353,10597.739702902141
86777,10473.45774839717
107107,8497.886910664769
99207,8979.962796490614
92441,16971.673533196943
81253,14925.86822517214
82071,14532.149083355387
86304,7707.28444656348
78529,6871.452283096065
100606,8491.00533703265
108524,15892.16433336754
87772,14274.811421680182
83062,10842.279719297314
106197,13264.897650071403
105773,17411.188699470877
79317,14645.390890143006
103930,7639.681165587264
77486,19626.80852858139
76154,16887.00931780259
89324,7670.501212723698
98354,10295.524053220423
108349,8043.983803083399
108146,8680.980868679439
77826,15405.110485166037
91078,13881.712956715675
78136,15705.045812899261
107463,15650.217814270642
100749,10520.865088282193
77223,24288.967204406945
92513,14275.527226411976
99409,7749.56534522586
94380,17620.04170385076
84791,9189.052077633167
86042,10539.91572982607
79939,17775.108470838815
83953,14212.865046653415
103754,9671.167313156202
86091,9101.794968636646
83114,9278.358914666755
80956,11007.012706457159
96276,7675.905877602376
89799,13492.836920541542
87919,8849.203564539848
84054,12692.98513918135
102856,7777.453781035342
105645,9160.77726225679
81207,15086.21309135714
79629,15381.691497051515
97211,12869.073528254668
86631,6844.712669471286
93438,16994.526802315733
96983,13120.147330232126
93914,16994.526802315733
98470,9337.253939127064
76650,10248.032221791935
96428,17579.509683452867
84958,12146.001110565048
81064,10162.034037442465
82469,10388.194892569056
102139,10185.121501980664
97800,9413.727682814766
98474,7007.740893644725
107944,9348.592818652864
97401,7218.4825825669595
108476,8490.000933974196
103189,7765.633094903169
82987,8970.387163800977
80903,18720.166087323807
90854,9249.513255802978
95644,20815.210352433915
98728,9955.175170908136
94370,14574.035465822757
84537,9730.504313761581
89358,10128.933001251711
76221,10309.958869874872
84935,10860.633886739315
107676,9373.33246999661
103154,9253.070952392256
82600,11939.720901182718
104290,13551.193445221805
79972,13596.171570122666
89202,12333.69762224208
97253,8427.006622712286
97358,8142.068974379094
106932,9339.539654189928
101140,6243.430845031547
100650,7561.616819367396
99817,11379.711304780983
80953,15253.65803554129
93851,13753.821362642018
89574,4938.274673226529
91092,12244.457280552851
78214,17241.17975142304
80283,12951.897871003217
93158,13216.571472642308
78562,24980.191672450605
108498,10446.295550006898
100223,5631.144558484683
76976,9458.117302167526
81119,15568.979432885964
97369,15827.105156271196
95721,15124.2251277256
82271,12309.256670111135
102837,9597.896939824725
94761,15087.595957256191
89200,10219.161076434928
102690,8075.801882156311
101274,9184.60017861272
107682,15460.643279461035
108276,11090.697220791697
99011,10120.364174467908
94484,10042.59767143092
106033,15614.827404735612
89123,11043.58320948342
88740,8286.904411717407
90951,16268.875802088163
103812,6325.093916179856
100056,8264.177063919738
100691,9437.443373782118
88394,11088.810980915994
97620,7283.855698128826
107955,7336.776316241128
98144,14622.537752490533
106325,14998.36017162986
92867,20647.69230857119
85204,7248.772896501201
87062,12550.348844652075
81539,13689.408582561467
92009,16573.814533213226
108224,11976.812795177968
101686,9682.241871282155
98557,8643.188893764745
101594,10047.155307671777
100647,2967.983812638357
102401,8341.868424260058
86093,8286.904411717407
85837,11543.22110797527
86260,11425.195040982071
79830,19070.290042106262
100041,8060.3873088101245
92230,14018.916686893364
94661,13458.849231887798
79450,13874.341012162347
101374,6636.0939358510595
76983,20004.53984681039
99673,14558.410550815775
81336,12425.64156692194
100376,8961.347175570998
92756,16366.417617119581
87725,9788.538433558328
84541,13727.328849257103
82284,24532.26248639835
89479,6849.296153650295
93259,20597.950470877862
105648,7112.629327042374
99099,8482.527532405302
104543,14773.743650801624
108474,17824.051701199714
76907,13697.833523461828
93652,17213.518758309747
100967,4143.343690940129
94331,12152.085192020557
106381,7917.3385236510885
83170,9430.342897106566
102953,8116.049301250674
103590,8995.028091705724
77316,13036.84812052676
84682,13727.328849257103
84524,10265.670713327798
76747,13344.632734402367
99049,8642.017672946607
105881,13176.261192930937
90833,6883.289147927654
108079,11973.070527035683
107295,11511.663994654544
77121,12311.55614782609
78927,21042.32737815546
103048,8406.897283156242
86216,9814.448966301481
88448,10325.518904645747
86219,10860.633886739315
87181,7554.507858808292
98755,7020.370332024835
76443,10343.239361386592
101149,7501.4505891355
104315,16016.799221810004
108345,8630.308231082083
100156,7488.306663140136
107263,11123.945344058793
83935,6513.866608017691
90584,7346.152897767581
105733,10852.319194582731
88332,9316.628306890589
81979,15821.44100444013
91864,20186.93116897622
106847,9892.105896242321
95136,12509.754972054032
96991,7673.507356203825
105905,9160.77726225679
102080,6940.4481358163275
98072,7950.6431167166875
103711,8512.625368827996
92213,14540.226686522852
106898,8460.819476424598
85333,11771.334047438722
84559,9719.374588822875
95428,16734.28106034369
101003,11548.363788616194
87773,5964.611730659933
100739,7888.152373249016
99885,10352.875569352487
106647,9076.674243507978
98019,8688.750993193687
92212,16018.77286048896
100786,10203.41140065679
85518,12283.20011527387
89849,9195.665604901147
76149,11660.47938779956
97490,6787.3839765561115
87476,8378.801752448186
83248,12150.917771113685
99352,8285.821812868375
90736,7921.358414544485
77596,13931.452415448097
77209,5957.870065781527
82308,10162.034037442465
78207,13609.520061986048
104041,10634.421354712576
81125,13613.92974704423
81691,19070.290042106262
94459,12122.10511292029
79977,10744.034138512981
96530,12865.05248810508
78367,15844.767498172707
108100,19584.88349624754
104510,8793.185885971388
81891,10695.96649388084
97087,10510.884976025682
88161,8318.544084816296
101097,8995.028091705724
81742,16494.096163095233
78409,10646.199401010474
107496,13110.754767284116
99326,6930.879331877022
78535,8524.52738665162
106164,14893.995892474748
79719,14749.202828101566
90418,8696.962872176524
85844,9052.153719257334
86639,9189.052077633167
83745,7814.040009885382
77300,27317.254749066553
87702,8967.584203281447
82586,9783.673920351686
83769,8640.909586232727
81708,18627.33616355375
90224,9607.396985778087
100063,7545.161491092144
79249,11683.6651242327
78719,17536.463367324777
97287,8427.006622712286
84267,13847.144984319348
84056,7707.28444656348
101164,8964.148186826067
85826,11405.633764861337
93793,16626.578874960862
90945,14907.847940351468
98991,8285.821812868375
79647,11914.815987699536
96794,9012.230821798286
83984,11528.384097145416
96688,8142.068974379094
79838,12615.52237174505
105671,8735.519678965697
87438,10921.654553845412
85859,11129.45248342004
91639,13404.848483628111
81134,22612.53894376041
99992,11542.865952070979
91262,15328.48058421224
81417,18353.683952377345
90783,13689.112718980603
88898,11166.66817297637
76241,10248.032221791935
76491,13319.246766951035
83132,11007.39005108892
97757,10894.055539102304
91753,20789.694261861718
82333,19115.938257617458
88295,8679.043534583581
98314,8639.31730600617
86172,9104.006696346873
78331,15926.334954387632
81996,16018.273368444734
83315,4536.628863811518
92376,11149.628709541515
103058,9523.261277136899
102215,10212.876943091642
104225,17280.518339801514
76910,12605.904398581635
88657,10464.498603791475
104943,13176.261192930937
86434,11543.22110797527
79432,11155.267890536941
103103,10950.185500755104
91456,20456.985971826307
89465,10606.676955461184
107774,9079.57905291472
80938,15636.887435018034
94883,13785.179560868986
94135,16951.204965255638
78747,12169.809457519646
76240,13697.833523461828
95820,21301.397469554737
79092,16398.42795319215
84393,8337.39820506089
94391,18707.43172886885
77183,13401.861318257797
105612,7091.639191751503
89046,9246.382097140639
90878,14810.427042824098
77058,11942.01231410901
84468,8414.651964312807
76713,15534.042904272614
85568,9430.342897106566
82191,14126.586767166598
84825,12047.735577995938
79009,26653.01800813971
93908,17047.648424432107
91135,16994.526802315733
94603,14322.29639702385
105887,16370.805152321414
103196,8961.347175570998
87544,9757.29895657651
99605,10951.214008478446
101660,8995.028091705724
100671,8339.261833954026
97839,17231.992478365293
77742,19672.29288879686
106144,8747.542777862573
79681,15961.7504627917
98764,7802.698137718838
98200,8705.811809312725
82652,8423.730373968292
83599,9221.846086693522
97776,9550.505395639539
83403,10229.10928346982
77472,21812.887225132574
79535,14347.927700683544
82632,9788.538433558328
98612,10352.875569352487
76103,15705.684507783639
94824,16725.87372033563
87424,16255.76010074934
79193,15652.984567844278
80853,11531.568335871107
87885,8674.560104119899
80891,15784.94628630566
77149,14985.769258338662
91012,11135.899422949875
99259,7009.14075056934
81555,16271.676835957685
93917,16994.526802315733
88089,12224.52848828066
100704,12773.471755158826
77798,18933.179359653368
87342,9310.881123944462
96013,9219.527717688758
93380,16971.673533196943
84040,10125.768072378425
88600,11736.497883020265
76133,12302.14903193655
94842,14150.566614809446
98184,5901.200622670653
88767,12022.24438873962
98741,14945.185184826567
81739,8521.55726808818
91321,17470.047125652633
108030,16772.911365220592
77680,13074.181694720097
78189,17112.2532327408
82302,15874.76132429648
78968,13237.203250352815
101390,4817.090440997211
95491,12772.945321285037
101687,5056.243381598129
76371,12675.606641368437
100151,10245.84687945897
92147,14388.84309488201
103385,12231.74852898859
86960,11701.839457623819
89563,14810.427042824098
98013,6446.0938593137325
103747,5742.014650199383
107681,11064.552647588576
82686,7055.79834248176
79913,9299.008036289713
96545,11218.666854388197
98278,9354.7857276868
88916,10457.593528044728
104733,10201.947945700715
103529,8995.028091705724
100642,10520.865088282193
97860,9086.831723982401
88870,11543.22110797527
97563,13588.623221690003
97081,10110.52939086281
89544,7346.152897767581
96332,9207.633779795344
97064,4723.490403366546
81916,18712.09069805538
82148,30382.079192953537
102447,4841.872797537216
103111,8341.868424260058
85058,10125.752413827073
76422,14218.082000864528
94546,11565.910531537864
96769,9013.0975122242
95364,11527.043694474318
101118,11250.891108533991
107644,13005.653317094697
104650,9782.14946260263
97300,8424.373432393946
104069,9339.539654189928
84700,12365.906194628957
97122,9243.613093047737
89878,13689.112718980603
82579,13567.283592974298
107967,7282.910362150319
82494,5374.097304459619
104872,10527.364314136159
76339,14716.935573157736
90676,6786.412002534898
83780,12365.906194628957
94444,14982.993762428992
83532,5299.460515298323
103380,6940.4481358163275
90941,20229.22595011816
99845,11735.092452931922
98053,10352.875569352487
77863,23808.01939057136
81107,14627.909687561767
81176,16620.4723986177
93196,23619.5986164975
102895,5586.47392900969
107093,13976.467385260015
106566,24704.50869585309
88893,9221.846086693522
81939,25579.66621650368
98833,7502.534086505249
102812,6107.294823012446
95766,13943.290667222976
83556,11845.74716629358
96725,8309.001108441666
104649,6831.614077236689
98466,12056.51301699552
77661,15413.65215607007
99882,15896.486416701213
82646,9310.881123944462
94874,13865.844314219674
92800,11565.387554306944
80265,23964.773125200416
80587,18554.676647981083
92298,15222.751590783999
99023,17180.95208945523
88098,9151.014332579907
100928,10950.185500755104
106437,11089.51788728173
83122,8967.584203281447
86614,9365.545371821403
105454,11408.359223522732
89282,13950.589397798945
103136,8488.438189342412
104899,14372.319762277908
92041,16795.976580981536
80795,11914.815987699536
103043,8995.028091705724
90842,14338.265947059901
103070,9440.63759340037
91523,16980.35987337471
76427,16484.288709103177
86188,12228.457097043165
105618,19584.88349624754
82931,8863.362296009316
76137,9381.808080860026
88017,11543.22110797527
82713,9642.19710822912
76155,11171.06644111545
101057,8075.801882156311
94699,21094.184205837682
106794,13434.713761075503
97000,13669.936374654326
90986,14599.447377170507
92785,5077.330439002867
79156,12603.786835453826
107616,13360.097251627361
84264,4370.089747252806
93932,13582.96810262826
102956,8779.423067605447
79715,15428.354035047318
82329,14622.472395607063
86636,10229.10928346982
94479,15736.349201213001
84998,9043.312075509144
83835,8762.806089275404
106823,8088.461813964372
80760,13058.588292811228
83060,12643.856742553373
85872,8792.111239413889
76227,13576.318164507114
103460,6909.121130716592
96989,10991.408530961664
107858,10443.901722202725
80447,9661.68400852137
108267,7157.351217863152
86584,12777.693777253478
96426,11588.994564433708
86696,11532.503512715346
88252,9430.342897106566
91515,25674.460453850043
98357,8308.344647199772
92439,16469.74175615148
92341,17090.884151704002
84739,9963.4364584186
76906,17235.79064175882
100027,8857.707651145372
102225,10950.185500755104
88476,10665.492752743978
81778,15631.662105703903
103266,12545.686498076895
87660,9430.342897106566
89634,7005.280218882909
93577,14174.95163200546
92450,15398.630356853751
99404,10269.807378840595
107936,9600.745900105698
86174,5299.460515298323
98273,8308.344647199772
99007,15572.159724826393
81615,12701.590046280415
91236,13452.821130158996
96984,11849.806569931838
92538,17034.48829604736
87039,5151.053464471004
84235,10208.122161795556
77010,12934.630187325523
106727,5916.50832102955
102933,7545.161491092144
80821,7398.462514037586
81969,12296.35431625805
93088,15981.076379966386
107004,10286.320268649786
79330,19644.672671302276
80388,16047.536567689296
97494,11581.841998268472
107144,14054.173361643174
93860,12244.457280552851
94845,12580.394074267651
79152,12608.463916500903
95032,15787.94255044552
108333,8747.542777862573
76925,15511.656942660306
93278,27587.65381180132
98608,6930.879331877022
87236,9118.913017375504
79320,16725.27287022427
83893,9730.504313761581
80973,12204.950536916269
97659,6720.318532724689
102063,8377.459064583243
96324,8309.001108441666
101184,8193.381931310963
97392,16073.243655860895
94094,13617.932187622044
95219,12222.375595129066
85048,12284.899756887047
94887,15150.623310780678
88002,13260.49623587833
99157,9172.478370343273
102746,8161.930795150397
89164,10046.74369056723
101079,11523.88361421602
94124,9390.076409871692
100161,10155.070967219604
84658,10564.90047345869
105603,11407.732818875533
90963,13813.279511573564
85012,10517.052731277823
108298,11877.497989871568
104080,5158.425745874714
91850,19774.596929046504
102713,5197.537373894654
83295,8970.387163800977
107847,10036.067879200886
105847,10593.193686326671
87143,11222.29529937284
106090,12398.398660067227
88925,8010.805791602181
106297,13502.24030164523
96596,10991.408530961664
99233,7502.534086505249
103321,10520.865088282193
82479,9788.538433558328
102734,12545.686498076895
107461,17549.258467112693
103237,10007.896357990994
85581,10842.279719297314
99196,6932.263837229764
79178,11569.213445158832
84339,12839.088626605579
92764,13457.382184433338
85498,13275.238086846577
100622,8894.972020149698
106518,18978.66073406461
82821,9719.374588822875
97628,13060.784185743882
90763,7694.100178880622
91567,16972.96752461706
107462,8088.461813964372
95833,13943.897127362281
102479,10520.865088282193
97555,10184.88510927431
80881,9847.617274770659
84016,10900.76516159007
94051,10869.525345665346
76277,15650.81667482747
88676,5896.5725565506
102566,7877.444570278721
88564,11085.34615415275
95048,16713.051911289233
82166,11490.880652094613
86227,16636.39680394301
83738,9430.342897106566
103684,9268.17322936776
79893,14398.54897928298
100634,8220.940481018913
96392,14389.454673321892
96311,11884.855691058592
85015,11462.499459238117
83050,12859.630455455312
81925,17417.935604612412
106187,9339.539654189928
83863,10356.167371126236
82048,16610.62161098063
100962,10950.185500755104
91587,12521.741973840324
104915,12539.593176001701
98779,11370.439747829514
96698,7250.62729213612
84701,8812.252817306702
92986,16686.421520004467
77112,16410.906653243837
90774,8289.077969514763
88520,8286.904411717407
88281,13172.277069385831
91388,15690.220487479228
76441,17614.92242149035
98643,10340.514524774468
97850,10037.188130284925
98344,4726.8929626077625
99441,12485.263229397464
80230,15360.486574201102
106370,9339.539654189928
88901,8970.387163800977
76590,11368.87240008564
94998,11565.387554306944
77283,19953.87915653881
104065,16049.202034836386
107919,11470.932470452508
103743,6107.294823012446
100503,5845.616487729794
81273,8380.966353919532
81878,8650.84856099402
79224,17295.15812889877
90254,6095.094025663656
82712,8031.733807405854
98113,8187.089038600955
104562,11976.812795177968
103014,8178.691806622188
107299,16097.577263913827
99799,5546.622167854539
87952,5147.337030328569
101836,8075.801882156311
104896,16581.94998838074
107665,10493.491437944118
96182,16068.221526113728
84731,14168.012910754196
85565,10214.028198627298
83237,8970.387163800977
80785,14861.943472046132
81935,19632.03516359996
90932,20250.269311205924
99204,11218.011927174255
78802,17824.590566354844
105421,11104.996507760512
81831,11196.104430386544
100016,7796.214759742212
76262,19395.68037177374
85286,10299.810567181805
78629,10584.622429265306
79451,13398.440625392956
91132,19604.656575075653
88726,9612.775816917696
89928,9353.36741936351
84672,10492.379702187873
102127,8374.84135457433
78630,11938.119828964856
105874,9339.539654189928
81491,11497.141174352942
108085,11909.34440741225
99711,7749.56534522586
95713,16710.132217168728
79499,9509.514919275636
88373,8153.014621535623
106412,11410.449821616487
86000,7740.261793604098
77849,13325.377381631633
102224,10212.343945930363
90591,7689.571486360574
78511,12603.786835453826
83611,10864.028483954668
95316,8782.9546114076
85207,6424.871765531134
86755,10269.669244482775
91361,16590.902748037493
88107,6566.47641396691
99468,4197.22964867147
101776,9068.409632447507
97132,5268.303445699084
106405,9978.854721216338
83804,10208.122161795556
104093,14020.375841078609
81897,15521.257983495621
97522,10038.549085788949
78569,18511.996727250473
96486,17579.509683452867
99636,7192.795493746589
80770,18244.535367833687
91534,16590.902748037493
80461,17368.424260209034
102345,7004.8274997368635
95431,16994.526802315733
76350,8524.359738951442
76330,13430.885837418231
101604,9942.113655812269
99303,11191.022780320645
106266,11513.205022631586
84697,12550.348844652075
86296,7707.28444656348
90658,10284.319358019602
102954,8498.437301799995
106174,15613.170607838138
81510,15699.717884296202
89222,9892.426226071593
104391,12554.644528154984
76573,12929.80552549541
78060,11585.978279844234
85030,12150.917771113685
105478,14652.500523082219
83477,9359.805896158477
101134,8746.580826669586
103096,7779.632766475659
99391,9354.7857276868
94614,11731.823105802368
100110,7091.27431344364
81782,18301.594756434606
90292,7636.950526690325
86357,7483.600518911256
76157,9695.112049117446
80325,15871.860911735414
88991,10842.279719297314
83117,12655.421666071235
90513,11727.885582135998
82037,11058.015573484807
90066,8298.41183109531
92814,22462.484994940154
93991,20284.663061969026
100121,10185.121501980664
104495,9076.674243507978
105953,9998.607470108203
108089,11033.742144106662
84778,12983.087019799073
100753,10950.185500755104
107832,16246.535837355148
92190,11541.69708064645
82029,11605.037942216042
97914,8464.006128743671
105776,13015.306518179766
95402,12054.52544751138
99097,9346.349392392316
105043,8092.458069015867
106998,5090.498918275093
99567,9349.270728772219
85421,6957.78154249016
99161,11218.011927174255
89951,6581.64620285752
81358,15449.406687743223
100373,9629.231596658106
80291,23014.139626102853
88545,8286.904411717407
92994,13582.96810262826
90248,12559.201528751566
78625,13561.894439980388
81990,19070.290042106262
103075,7941.988197776956
98639,7094.505758855379
103368,9381.333393721514
95427,12693.851189055968
84503,5122.506784848124
82446,7621.752872545796
97175,9599.500260213026
101777,7491.38739728547
76086,10222.232529144096
106347,10969.109271262998
76445,22909.098005684114
97649,8883.963075544754
99273,14009.061134198491
98864,10349.640673353095
98037,14549.458814358903
107264,14612.59800392573
100104,8511.493886729475
81842,12745.805714953716
81839,10665.56821543577
100608,10234.455815337276
106588,8710.275749029162
107466,18564.267074202282
86092,9785.050774041576
92204,16219.446874211138
107905,21148.458134108863
76821,13123.0139016023
81022,10137.913986350086
105727,17676.26833934676
80544,24422.1051904526
93388,14574.035465822757
93775,14766.353293812717
93733,15285.807566225993
108177,13182.27262941688
79746,16552.615581174898
89285,9814.448966301481
100243,8302.587876822443
107171,13281.461519136788
93444,11323.029062454969
107421,11238.069383429924
94071,16725.87372033563
92195,20311.003168254094
76108,11720.219321550258
100603,8051.954993018344
95800,10576.766936267779
90708,10695.74573418596
102701,9942.113655812269
97732,9977.94208286841
102574,7669.9718954193795
92237,16862.697495236564
94192,18181.181237061006
88219,8131.770627777788
88910,10072.021278479431
100811,10950.185500755104
103288,7606.639760121596
100370,8995.028091705724
102544,11946.012247267523
107473,8139.937620964688
106926,8375.35122051944
92514,15032.403136277868
78557,11305.630709228917
99091,12066.628956295544
96487,9940.937066614975
86252,9730.504313761581
84763,7076.109048639779
82531,11007.39005108892
79012,13393.94198041254
97078,11872.478860448642
96824,6319.899525661224
79970,15312.44229309626
98057,11882.499956585496
105947,14248.945448568527
82539,11771.334047438722
105816,14049.782056785993
93800,14641.263124471978
87079,8153.014621535623
87453,9612.775816917696
92855,8105.1122805650075
95805,14417.051973190777
76398,14242.495488041433
90724,10695.74573418596
102196,8161.930795150397
97661,9255.926666374888
105475,10352.462556786288
81241,9218.1481023909
91106,14322.29639702385
89543,11791.428936607172
94403,13582.96810262826
80666,15244.91735771731
99769,9362.787081773176
102351,8779.423067605447
102941,10155.070967219604
82783,13281.106495900081
78504,16210.212645511338
94715,17049.159751050167
92180,15128.374351828177
103904,9184.60017861272
102921,7478.681161078979
99685,10352.875569352487
93048,13885.709524377484
82988,15076.558361692396
93279,18526.66890348529
80084,17088.10002495322
101966,8995.028091705724
94667,16229.570074358813
76298,10969.410691417086
87379,12751.921121418769
94212,12177.122737845546
81333,14628.875399267641
85998,10670.909818582786
90198,7240.379096345402
87823,10473.45774839717
103530,10534.014851958971
106243,10025.0087678018
81208,14499.068710259788
105153,5626.519598075122
104103,15636.714246249061
89555,12559.201528751566
106042,12386.634835028635
78170,18077.08320515725
107675,12372.224721118031
106705,10443.901722202725
89953,7346.152897767581
101934,8918.506801268326
104727,16648.25401509458
87327,9917.709155331242
103247,9647.987633675408
84673,9141.568488080606
107520,24386.358928625734
76626,14268.95785657719
98638,8308.344647199772
102060,8637.649497823311
83635,13727.328849257103
94566,21016.489841644685
79207,20234.230100632238
98700,12015.760208966218
86563,12514.7417590561
86891,12115.035648731951
85278,7055.79834248176
91817,16994.526802315733
99473,10379.976447317456
102489,5056.243381598129
89191,9814.448966301481
101746,10234.455815337276
84538,9609.772152761147
78072,16352.37195124513
99832,10352.875569352487
103475,10047.155307671777
101016,10520.865088282193
100280,7734.0918469611515
96067,9674.895701092493
104086,14904.655345914292
77248,12221.366469794737
104269,14020.375841078609
89495,6786.412002534898
81340,20713.714246819527
80277,14401.812470203036
76683,19924.845756020626
94847,11149.628709541515
99029,13157.463069643285
85874,9892.426226071593
78105,13835.994108183584
94978,14540.226686522852
101666,6959.270604008877
100757,7983.579586362573
86704,8184.721489970442
91205,18856.461628890887
95762,9645.410417761075
93641,15247.916917297416
87073,14233.33635155863
102433,7601.845233336537
104382,14647.922280867368
108060,6659.06837799437
107387,15168.560763388125
85027,10025.306415598076
86014,12115.035648731951
102602,7241.466226844382
107255,12561.903340232893
84269,10208.122161795556
85885,7856.819794179788
92843,11347.024903153995
107862,11320.047647407568
98781,16399.961314594955
106119,12878.64444040751
101872,8915.97313835096
87865,9643.05807975438
84803,8488.910397073834
88438,8637.62080884813
80105,14337.894599588593
80595,15987.253331882122
76539,8934.066697090497
107236,8709.734897319666
84946,9357.18674175974
93772,16268.875802088163
87793,11425.195040982071
104843,8680.980868679439
92234,13683.954878309018
89467,10606.676955461184
100145,10520.865088282193
93382,21975.693112020796
101891,11513.185575907004
81354,15376.885431259978
99309,11064.131247650215
81431,12408.025224802155
102073,7599.469850952961
88468,10864.028483954668
101873,10950.185500755104
88120,10125.768072378425
105714,4944.5754028434485
106015,10150.558515288632
86707,11225.127138110272
93107,14417.051973190777
89230,13087.590121468786
100875,8108.9904787508585
82920,8851.969527440895
98114,9286.631387911551
87262,9349.329982295385
104436,8460.819476424598
85404,7055.79834248176
96189,11066.562101331629
93408,18181.181237061006
92789,27263.704433193456
77768,18901.47688993949
99414,14054.873541071665
82807,12792.79369112013
88996,10265.670713327798
90305,6839.7589955116955
77030,11496.964867936875
86129,7309.646584551336
83660,9867.521693590565
78602,15910.821265102457
83672,8378.801752448186
105105,19501.414174069756
78704,20321.990061391345
80789,24882.40828451626
96633,11194.813855466258
86132,10131.768150764248
81619,25485.910986084076
104645,14945.435613236827
103853,7904.186404230726
96259,9013.0975122242
104677,13150.886173260822
76418,14716.935573157736
103593,8739.44111186897
84886,9430.342897106566
80773,8602.219000492474
94688,15102.517352784802
103823,6940.4481358163275
98757,14201.696217355433
78516,10312.447052041509
80596,7610.795180531335
102855,10020.836015811246
95957,13794.46229941902
86440,8249.473950918511
95030,17312.76725588995
101874,10076.223555394274
84585,9189.052077633167
76257,11191.044830440647
76971,13809.582989273824
94070,16255.731680897476
106041,17309.744615886073
87346,10445.734261088739
80993,16739.932781349267
105309,13275.371269945905
92622,14574.03898619816
94582,18886.7630921267
83334,10128.933001251711
98922,6930.879331877022
77691,12340.495183468229
95469,18279.309466413713
90587,6849.296153650295
107411,10163.43969134462
97489,9413.727682814766
105719,12704.1886735994
89534,9465.39135096466
80741,15966.03707453814
105737,10527.364314136159
99043,13060.232853364838
80254,11683.246162832696
83172,10162.894594675827
101830,8075.801882156311
80506,7312.008339499299
105763,9663.927125322898
92507,14900.486676305161
101742,8099.4579801501
106547,17632.296632319147
98619,12238.213240898995
83503,9307.519115278817
80565,9476.224127581301
83013,9814.448966301481
85721,9430.342897106566
87556,9189.052077633167
84442,7888.19662782758
79634,7997.995158803682
97497,5785.671937822155
84325,9197.55791665743
81399,7836.335599146488
96361,9977.94208286841
101973,3290.534961477258
78352,12461.742597637876
96564,10343.31321212547
94669,16626.578874960862
76655,22082.48528435428
76084,11463.037905053076
93215,12626.631262822004
105802,10746.80692474458
89981,6300.346124341108
84315,11327.686376191456
83297,10781.761615464811
93291,14592.38272582178
92128,15772.942810456405
101550,8574.03532630338
79384,12704.116976049054
103643,8116.049301250674
88482,5978.606525035185
79950,16868.944358947658
79519,18504.53626046682
80376,12615.52237174505
83366,10916.717004517677
92250,17307.94985906791
87368,10566.536229411067
77347,12656.542658093289
107935,7091.639191751503
95765,16255.731680897476
91877,16469.74175615148
97574,7347.205028055803
95192,12330.567787883194
80288,14386.214188630247
96795,10017.84660292247
80851,16610.62161098063
93753,16994.526802315733
99782,4495.636991326237
83153,12550.348844652075
78634,9405.786111073676
99463,12331.373042317238
81675,13864.561656024958
83093,9393.7608702345
82993,8286.904411717407
86972,11007.39005108892
100455,9074.952577710153
92692,15834.878267757129
79761,19366.862415732718
90624,10171.319358602394
93517,15739.405289539125
99893,7565.948383371899
85441,9189.052077633167
91552,15073.872637455574
81031,11652.82028979531
82232,5236.280390554838
80062,16460.876725424267
104764,13032.0570296683
83572,9155.104614763177
100100,8931.410499870884
96649,11270.690720703431
99860,3441.8708656172453
81915,14851.142919459538
96284,7994.26338054752
89243,8442.352788642742
95051,14540.226686522852
101507,9488.341364828271
108257,15931.350915106708
90558,14118.694471039598
96913,10982.33377947832
76621,6640.754599548914
99801,9834.29520796824
95155,11039.572090945123
96739,10922.988148746459
90592,10379.164567793403
83307,10089.58680718371
101154,8096.927126950489
88229,8940.430175947058
106301,11011.243715309454
82193,14011.61121686223
101153,8992.217432538615
107721,11244.745961209366
104792,9428.16361508353
92322,17213.457843554694
99316,10269.807378840595
86404,10025.306415598076
79624,15860.640498180022
87122,11680.511684726083
96046,11296.428609002933
83384,8286.904411717407
79657,11141.428129281807
86605,9272.934342742137
91883,12787.115480230732
100473,9241.944112866655
96611,11020.168243882103
89102,5818.157634300672
103838,8915.97313835096
78454,13325.377381631633
89761,9838.559599077726
106275,9453.043928601826
77831,19013.636500732948
82876,10457.593528044728
96899,7362.310898136224
99945,10155.070967219604
83505,11007.39005108892
96841,7188.985483285073
94189,14907.847940351468
85020,10618.122342398854
101456,10957.201150806917
94155,17769.81329995061
77575,12906.426121178645
97904,14187.63362077799
102523,5237.926508955432
107541,13159.00786441094
87223,7707.28444656348
94975,9096.210887753301
104630,9431.359898141875
102538,6296.942790338342
90345,6786.412002534898
90170,7167.541430899345
79448,14666.129226883982
100139,10155.070967219604
97457,14363.470071929985
76291,24716.398781229032
83987,10563.234578696512
106283,21477.347526797963
101864,6933.45413100274
95757,14310.369418163662
107668,11802.16886602611
96696,8123.9152519702375
83094,11665.075215314348
89521,7257.02628608295
98998,6930.097654402915
97028,7673.507356203825
95291,16522.70621864824
94443,16268.875802088163
102182,8261.594746985456
81794,13305.3247816657
105003,17276.819491683353
83041,9101.794968636646
107213,7252.994706700863
104467,9001.118801465776
93950,16985.315466746022
103790,7472.019049094889
89125,9189.052077633167
80748,15880.067911266218
84795,12550.348844652075
91105,16590.902748037493
86086,11801.906625965836
88522,9517.722592304275
84472,9430.342897106566
99289,13243.320482622179
88050,11007.39005108892
98087,7193.967191296479
95839,17019.441740039292
76057,16103.08269919504
89619,7739.859023077838
86471,9430.342897106566
97685,7487.2820624978485
79824,18528.768424940507
91710,16250.652535805844
104474,17418.76129304538
104157,21148.458134108863
95117,19065.55723987417
96337,8142.068974379094
107562,10040.116091802684
107286,13032.0570296683
101251,7478.681161078979
97688,6581.304790728674
86405,6424.871765531134
97631,9860.382822079358
92981,18597.54228848365
79580,15256.617732154722
91562,11450.457540885081
87048,11007.39005108892
96103,18402.759290957943
101854,8768.138180480844
82126,13115.435208062368
105443,16032.582192288983
77293,11319.352994554933
108262,11976.812795177968
107157,9562.727274292902
99717,11211.550489925856
93208,14688.523686731622
81353,14046.58571083816
81790,10507.527386977968
82153,11413.749197873178
97223,11736.405265877145
82088,18554.676647981083
102996,8845.298426133138
100023,7167.580121347789
84333,11225.127138110272
102506,6940.4481358163275
95753,17213.457843554694
77116,9878.171008913492
84459,7183.182049272493
91453,9837.952817915753
76524,26210.90711051128
83249,9814.448966301481
102313,6306.517703699551
90456,8295.818818078134
94635,15960.496683305166
101187,5947.29025097065
100776,10699.510330012608
84563,9184.249075464677
107706,11850.973498705407
78776,19953.87915653881
77019,17332.983497727346
76122,16101.159417420933
79042,12546.025114945185
101851,8512.625368827996
84657,9612.775816917696
76067,13697.833523461828
83598,6544.912414423834
96003,8969.891332232006
77817,13835.994108183584
76887,18432.15256795217
85766,7846.643538478685
105836,14833.991482200317
92443,23703.718631167358
98875,17422.596075628375
94808,16502.223813505017
99490,7501.687946044518
77469,10514.109931753075
105148,4982.024494621211
91649,12063.318720777745
107040,17549.258467112693
96074,14924.174797034775
100656,7334.006020145506
90366,12170.141960453935
93981,12552.734319829686
80858,13296.953606345764
90070,8923.037977544143
86606,9719.374588822875
104521,9514.503788982005
83071,10405.599868311378
101956,8096.927126950489
83846,7828.84904108705
100982,10950.185500755104
102610,6940.4481358163275
97828,10717.046438182255
99450,6446.0938593137325
87521,6424.871765531134
96065,15827.105156271196
88306,10229.10928346982
96325,9221.172296459745
95801,18237.773738493874
104248,12934.938120795774
98652,10099.442192992294
103877,10266.605643940315
107470,14668.654547983679
96801,10978.902219743512
99595,17618.34597213892
86094,11225.127138110272
80874,18991.823714719165
94606,7617.45846901081
96127,12625.409238967934
100687,7474.469721683058
81118,16901.17831541693
84405,9301.935702297846
83257,11554.495933468814
81541,13764.893823828299
77940,9658.274653450011
101270,8995.028091705724
85349,10490.599822426673
92315,10362.335861845728
108360,9160.77726225679
77607,17332.983497727346
95640,11400.830785136644
98143,8669.908455663834
102200,8860.173191252281
83375,12052.71238273115
102178,6546.13320445623
97500,16071.912109376908
85782,8465.958307595783
96049,6319.899525661224
102744,11548.363788616194
102560,11538.0883230756
79010,13255.466698880085
85644,8616.53003427582
76595,11335.285075395339
82219,13838.63569710947
76899,14904.871289309924
85663,14298.73321035468
92737,13603.68235700974
106758,4903.48736838383
94625,16585.718884327485
96472,16073.243655860895
104250,10349.227789825813
86303,13727.328849257103
107881,21438.04170604341
101517,8377.459064583243
89988,11503.247106088927
92689,16556.962617915466
99002,9620.613629402123
90734,10219.493901456906
91013,19919.448546693795
102056,10185.121501980664
106641,12196.460129744139
100391,6321.044796344819
77305,9924.570908466983
85197,15765.797377094168
81122,14042.361259386924
91088,17056.643999156895
107377,12056.203341253477
86495,8337.39820506089
78661,10727.793480102278
77687,11408.551490152677
98480,7687.780917492563
101537,7501.4505891355
78032,9956.12389879348
92374,10970.566027586723
82010,12422.330582874209
84496,10075.169409813876
98337,7802.698137718838
99520,7501.687946044518
98452,15468.646995918742
79828,15508.137059951894
77151,14985.769258338662
84095,10864.028483954668
83491,9714.762634269055
102170,8099.4579801501
88063,10208.122161795556
90214,12695.137446819417
91980,15128.374351828177
96573,13064.866398115133
105573,17632.296632319147
86880,10618.122342398854
100420,7479.988696154315
86053,8812.252817306702
84481,13709.62085658255
86088,6424.871765531134
83553,9359.805896158477
101328,9658.736327138919
105352,9339.539654189928
100532,10203.41140065679
98052,6446.0938593137325
83818,8851.969527440895
99576,6446.0938593137325
91026,11315.547882865023
92445,16657.119207685868
106934,9049.94277077537
78791,13638.136263812994
93664,17019.441740039292
76923,15917.785468079954
81335,14431.79649482932
105969,16210.751223750334
92701,15728.443194431096
98070,7802.698137718838
100423,8912.882069477388
92335,18240.856051303403
92370,21697.670838679325
100177,7482.326736974034
100125,6070.947301371228
82358,13238.903475562654
85557,7153.531176230074
102609,6940.4481358163275
77612,9336.329281697792
81173,23882.15027627456
93689,11343.311433936145
89219,7076.109048639779
94659,10118.000193988313
82424,8616.53003427582
92367,15604.980514952591
95828,10405.166738681844
87894,7463.8564495408245
88621,8252.035000778844
104992,14159.898629644427
98567,8424.766007031974
106250,8109.872656429295
102235,6088.265615913362
94841,16713.051911289233
105496,10201.861559110472
90019,7275.03911891572
95575,15981.076379966386
98437,8413.027539417777
90907,12401.38747364713
83289,8674.560104119899
77938,12922.709186272064
98791,10352.875569352487
104254,14365.750354914257
104311,16275.016005093958
96753,10803.18991357329
77998,16795.47504436584
101102,8502.563321435819
102836,5721.586046219393
85330,10630.244832319138
108511,11134.752313312929
89527,11481.465548399323
87734,12665.080842342304
87110,5872.712756677801
80936,11531.568335871107
80100,15477.287863140416
86546,8286.904411717407
104949,14612.59800392573
83654,12550.348844652075
96736,8430.706129148248
91898,15040.892123035825
90221,13059.819291402011
96356,9755.684845089057
78901,13199.907339681748
91469,13217.757071881671
106591,16450.400901077825
77763,16470.076009606066
89604,7132.685990696993
90001,10619.723784269781
89947,9838.559599077726
108218,11090.697220791697
82927,9612.775816917696
107140,10054.017857741348
95013,18122.14639222132
104979,7408.417994666687
90521,10695.74573418596
108465,14081.125689244134
106606,8426.596172296171
82999,9430.342897106566
93784,14540.226686522852
82680,10208.122161795556
100796,10950.185500755104
96230,13173.798096269727
89110,8153.014621535623
88152,9612.775816917696
101403,8054.1962774467465
77566,15642.176732361244
86366,11073.755629048499
80356,15818.76940732119
83500,15191.71000937886
76673,12383.130986585353
100256,12545.686498076895
101335,10950.185500755104
83416,9781.897046769296
104983,9500.664855616375
107300,14028.760898479488
87350,6406.526956995285
107106,14118.560822410658
90550,8878.157954365428
80002,16614.127238466113
90827,9655.713652600354
97480,18420.252492215146
88160,9189.052077633167
88467,6844.712669471286
98500,6455.311325176026
86587,14106.95595794904
76737,12308.615627012798
79089,12299.481840437686
93153,14102.969456371378
80315,13812.52998313511
76731,19283.15096473414
94243,17557.819767175824
82571,8869.863540468072
86896,4536.628863811518
88404,9269.774298701974
108530,16054.143628974121
100573,7831.563400080278
102888,10155.070967219604
76011,17541.944368151344
79586,25005.01350935099
85620,5895.629935816382
93470,14328.786528848717
98335,7110.537948319316
87826,10208.122161795556
94743,14289.06551275571
81247,11652.82028979531
91376,16274.963277471645
83451,15280.324445507045
83176,9430.342897106566
78867,16440.337153035034
96786,8064.796653167957
81019,15417.130460260736
97316,7650.180571371951
80560,14085.296136628222
88535,10025.306415598076
94281,16734.28106034369
94309,14804.593065453422
93404,16994.526802315733
85218,10864.028483954668
82697,11225.127138110272
94919,16379.35867322462
80829,13247.65885498804
84671,11073.755629048499
108043,11595.838918004956
105111,14737.425445155179
76997,11301.586275128588
83545,9973.351050199683
82274,15092.050951912906
100513,8461.769206147506
93471,20284.663061969026
91627,19604.656575075653
78780,26618.52125155142
90005,13497.054162782677
104234,7220.471090610419
100798,7476.349634538707
101322,8789.47658534189
81807,13305.3247816657
84469,9609.772152761147
94701,14541.2997646399
96119,9595.259038044482
104478,7157.351217863152
100116,8424.960201416126
85151,11590.5049566854
106970,9160.77726225679
106570,17337.840687400134
101472,7109.669812610049
98101,15140.667112161278
76225,11474.212222377662
82833,8075.894529279588
81055,5972.307347480425
100048,10353.500665920077
90519,18330.14458691394
76484,13590.963223257833
101898,9942.113655812269
81741,20192.147335664555
90441,7754.146398743542
108314,11208.787768065284
97881,4726.8929626077625
79306,14908.372308794706
107116,12540.109309018855
98899,11411.827752767913
99975,6940.4481358163275
84378,8282.510829796112
101661,8995.028091705724
100239,8862.157078088156
80035,15903.376175886591
85033,8286.904411717407
76723,9032.742150987162
107773,8793.185885971388
105937,10201.861559110472
78321,12593.16475786711
82047,20935.88640004777
95113,8493.908282582766
84907,9430.342897106566
107479,13316.157263369074
99770,10597.739702902141
86815,12643.856742553373
101558,10155.070967219604
102258,10323.245906675595
95963,13374.962202080864
91995,9402.055169636256
82913,13258.524022405281
101968,8828.687165785275
105332,12554.644528154984
108213,11244.745961209366
83825,8970.387163800977
77438,14939.446989419925
95768,19909.538735335285
83195,13988.218105169653
104287,10558.83903567029
103213,10637.818932790291
92744,12218.261611527114
81351,16642.36198169554
91555,13818.776262521833
84546,9194.683980419228
81270,15579.623354799953
98294,7978.203188688887
94278,15412.592145165483
103537,10629.355705194408
104284,13233.81868165471
76635,12628.794467638614
76676,16756.567194976677
98118,7705.041863890281
79440,23917.720158050804
78969,17313.05099947894
76500,11158.174910160822
106027,11437.975262065947
84604,8940.430175947058
97498,9684.778221487853
92641,24962.278462516835
98216,8144.652446343193
102453,7361.029690963971
96270,9310.909023175895
78777,14838.37642324019
93169,10641.566898617024
87621,11767.538188751716
76876,15917.351949490254
83561,11225.127138110272
84296,9867.521693590565
92355,16734.28106034369
90302,13689.112718980603
91387,12093.896855462073
89854,10704.944140877315
106305,13349.943000241745
98703,8424.766007031974
97929,14050.381653652785
105575,10795.744386426075
79052,12607.922298190559
82362,18195.7421074291
85625,12574.879470423459
90792,10603.362763445237
98488,8642.017672946607
106795,11825.800251559665
91666,14907.847940351468
101528,6121.826200181315
94739,10505.125252929485
80961,9428.963169294397
91988,10179.336118942187
80335,18331.779726434423
77505,13506.007363921466
93280,14574.035465822757
91630,10499.086602593781
85422,8218.124183908189
104986,11124.97336990525
92176,19909.538735335285
89861,7937.699768720208
84435,11176.4252496357
100381,9910.101454765887
85651,8967.584203281447
96525,12668.7301083268
91383,13272.598904286848
99177,7502.534086505249
85842,14667.192045803034
79658,15573.845534006394
84332,14233.33635155863
101621,6958.18720195653
94509,15674.949802589637
87175,11007.39005108892
89394,10208.122161795556
91163,16366.417617119581
107771,12704.1886735994
99551,5373.503067120568
87537,10860.633886739315
76726,13514.549351575177
106637,23542.74419456847
85583,9730.504313761581
84617,9571.883748708951
86419,8762.806089275404
80036,17483.21995156293
83956,11642.799218456621
106663,9298.972475613034
98368,6446.0938593137325
80217,9670.383020185418
98528,10566.4922304529
92746,17865.57412178674
78042,12982.205016647305
87314,14901.102523659212
78148,12440.596515694884
101574,10155.070967219604
84789,10208.122161795556
81056,8150.416654312399
91483,9577.059404868802
97869,10991.408530961664
89084,11908.61124390803
90398,13059.819291402011
91038,13889.329981990955
80326,23029.880773257024
88665,7055.79834248176
99793,5927.40464874188
107218,9348.592818652864
97438,8209.024469683785
82375,6914.86647105154
103211,6075.8654343947255
83430,11007.39005108892
83717,7055.79834248176
95607,15854.351192960568
99653,7504.032768552335
77072,11577.481241000483
95300,11347.024903153995
86090,12550.348844652075
90553,15847.187788790807
90690,10219.493901456906
93608,13374.962202080864
96059,8309.001108441666
105488,11452.662133832768
102403,9570.659094661178
105357,9282.507138385896
81201,13621.592819143783
100092,10744.167795121628
105800,9160.77726225679
103658,6306.517703699551
82416,7680.519395495735
93007,15854.351192960568
103850,9265.366201959081
97328,9010.281207567557
99167,6932.263837229764
92788,16771.763619808156
90228,11249.20389266016
105015,16419.738625592505
77838,10066.529758003458
88672,4659.806848550573
86881,8889.014928606091
90515,8302.340600930565
92777,19499.228443683336
103455,8498.437301799995
97286,16285.708188738126
104633,14638.918292246455
83548,9307.971781757306
80980,13670.675476845305
87954,12643.856742553373
89975,7834.549580487991
83762,10860.633886739315
90615,7386.583404432228
76755,9388.087835855626
103371,8759.84846207243
102703,8768.138180480844
83856,4052.908845276169
105099,8426.596172296171
79080,13563.291195387195
83898,7055.79834248176
88241,9221.846086693522
89549,10606.676955461184
79740,9326.744043471177
81937,16015.31989423204
99084,9846.43578780315
106967,13466.676760546256
80358,23355.260644910803
97694,10977.280727717527
87454,8286.904411717407
101943,10950.185500755104
105586,7043.107790123821
105651,12591.076963967056
84667,8184.721489970442
99050,8405.98205497965
81245,16580.813627597337
78547,14716.935573157736
82473,16213.793870924264
85978,8762.806089275404
88385,8689.020577731393
95452,10576.766936267779
98159,6930.879331877022
107952,8793.185885971388
107265,7436.678167090021
99744,7129.557726316531
107450,12565.829636878516
108280,10246.561482711662
85684,7818.11395562249
90660,6784.291388684929
107627,11252.446957399055
93896,16268.875802088163
105931,14859.934174798827
107160,8712.45727193977
94644,15652.28466719775
100057,10234.455815337276
85053,9307.519115278817
77037,18962.83733740129
81281,9509.514919275636
101247,8653.392462472571
92031,16994.526802315733
83306,8970.387163800977
82079,11956.081298284123
85936,9316.628306890589
90480,6991.408880387844
92696,14831.988309844377
105467,13015.306518179766
89682,6581.64620285752
76305,17712.143599242987
79665,16632.57303478756
82839,9310.881123944462
93076,13370.224424852384
104369,14435.868866871073
107999,8955.300638688039
83787,9838.735600850148
92554,16994.526802315733
99110,13442.48606354795
82707,6195.079933413149
80261,11442.562823105569
102365,8268.553282577373
82760,10842.279719297314
81142,19070.290042106262
88411,11340.533221181744
97734,9884.817463857706
81604,19074.619778971857
84705,12841.695725992011
104661,11056.440017047818
87897,10595.592278845508
84651,8940.430175947058
82294,16615.279296362816
100689,6940.4481358163275
105236,7840.142342790485
77656,10572.239335795655
94054,16972.96752461706
96367,16314.13252429641
99913,11049.141633411376
77083,13802.543789082329
104849,14668.654547983679
98172,6410.193614941543
98043,10597.739702902141
90979,14766.353293812717
93136,20420.517447863596
88750,7659.206972499923
88471,7248.772896501201
93720,14322.29639702385
76649,9358.188917662828
99291,3445.0383361928425
89267,7076.109048639779
108244,8710.275749029162
95194,15981.076379966386
103998,16450.400901077825
103782,8078.353519739714
101502,9967.125621754378
85961,9349.329982295385
99073,9730.725287238361
106535,13264.897650071403
96594,7489.522303127494
76156,20199.253149397195
85484,9333.359300887303
79139,11267.806320208661
96730,10070.798193470482
101796,12449.911034678054
78809,19311.552521286503
101193,7904.186404230726
96275,8578.597206091275
98321,8170.91323253562
77928,9661.56381141787
78328,16958.82727060126
103527,8862.157078088156
89266,8286.904411717407
99074,6932.263837229764
97952,10269.807378840595
88220,10864.731668320264
90223,14771.838215326616
76506,17211.348992718238
104498,14659.366152430719
84634,11594.127661230408
106803,14971.87638566227
80608,11256.48365691377
78715,10222.232529144096
89962,13480.865638891404
88958,9430.342897106566
98941,11930.415729009379
80707,13109.989698480293
105934,8816.461962049372
106190,13542.464936646309
107803,15701.52253118531
87945,11676.86199093148
96859,7251.950215518816
84495,11357.357098085236
79965,18851.4819561801
89496,7905.7381361168345
101195,9336.457256959715
97209,6850.277132835952
101751,10920.204838823827
101541,8341.868424260058
96051,10991.408530961664
85075,6248.123224168581
77118,19520.768856874583
80487,10301.844933032511
106184,9160.77726225679
96374,4503.091715158985
91702,13259.275483945597
77517,15196.887683993587
98188,10295.524053220423
91641,13677.845915743344
94607,16972.96752461706
86769,9031.688029594066
80484,27231.488765926548
86964,8336.60275296848
103086,6574.138555359715
84257,10208.122161795556
91852,14812.584490495221
87431,10864.028483954668
80439,15874.76132429648
90405,8784.48206828304
97647,7274.6088647755905
108071,10898.437666696713
101911,13433.834126883077
82293,7588.002503655536
93627,8573.973292185638
92080,16734.28106034369
88291,9389.48184222426
97591,13202.441230905684
94632,10999.821761845451
79572,16727.138586670146
100727,10320.020267970904
77760,12455.482323192125
80267,16601.27856095606
106167,16763.253563889706
93339,14996.272084846662
98727,8688.750993193687
106765,14844.452566259719
106746,20600.163332446027
80012,17216.161385426196
86651,8286.904411717407
106616,10213.074935084594
88617,8153.014621535623
78380,10989.463575913574
102380,8509.125363438663
102093,10957.201150806917
79049,24105.267122468347
104933,11976.812795177968
81578,15271.28202812068
82296,19009.857179794082
102256,8995.028091705724
83868,12393.682421397672
101459,8574.03532630338
85014,5640.687122959363
90820,9398.626524392464
83173,7085.9885215740005
91252,21016.489841644685
102307,8220.940481018913
95153,15093.984716305076
99149,7749.56534522586
76130,10569.105673361064
80049,15874.76132429648
84353,9901.381243948746
79550,9145.146532149596
106113,16445.26093483016
82182,13899.689220585422
99898,10352.875569352487
94685,14295.803955284053
108125,11302.015807077396
76144,11540.398437028247
82087,12837.891362569695
96666,7773.812520010119
105109,17667.686086941336
94341,20600.11981563341
80039,14851.142919459538
91350,15771.076742224514
99415,8482.527532405302
85832,12579.012823655994
94022,10071.822737648494
104332,14726.442616268252
89367,8696.843080039218
101420,7738.823603664202
99401,15572.159724826393
79179,15740.972040136103
81603,11683.6651242327
94068,14871.394038570268
98185,9354.7857276868
99646,5274.728048063294
83218,9430.342897106566
84593,9144.425824081287
93040,13374.962202080864
104544,12217.175648297549
98735,10150.76817440744
86524,7818.11395562249
102541,10209.685787331659
88339,10655.267961159261
92750,16009.50557398123
101882,8201.390923273797
78793,13858.759727804421
100625,10052.364167661926
91791,21014.630213057597
98604,7702.634239438014
107903,10440.638386597726
108450,9076.674243507978
101903,6330.089252726463
96190,13362.283182743855
77299,11963.967999739205
96588,14859.440891554332
80932,26628.530993959565
81221,18786.04735520053
107383,10779.594776404583
92815,16994.526802315733
98724,10494.733826998026
101984,9486.68951943365
85939,11829.040929527338
91597,17548.751199004586
82514,8601.457929797964
88788,8705.15187050715
101131,9856.170915250006
82614,14120.458351589099
101646,10212.343945930363
87641,10325.518904645747
103855,10950.185500755104
96901,14816.939990488005
101942,13427.69663610756
92415,16951.204965255638
96467,4917.697487185479
104656,17773.904668956493
84104,12859.630455455312
96685,15488.058405114314
93816,16258.480532180245
104925,8426.596172296171
82086,12922.648559469602
93855,14181.111546545142
85411,10864.403544795727
88743,11773.506985028334
107201,8088.461813964372
91771,10741.139123936673
81001,17931.40353635304
90074,7921.358414544485
82791,7516.861479614891
102636,2928.4767655450914
102722,10155.070967219604
94571,18046.162318291943
103852,7303.642215902164
81514,12092.767515078065
99997,6940.4481358163275
85808,10741.01023927775
95355,8900.956393703616
101928,6940.4481358163275
98862,6446.0938593137325
87759,7248.772896501201
101810,7456.868584242114
104902,24757.862112163028
101361,9385.678588552224
81707,13282.838397811554
84482,14212.865046653415
87358,8153.014621535623
103589,8961.347175570998
103675,11314.668169009074
76652,13882.810373592312
104101,11817.009618519149
94807,10961.895471392321
77325,10684.588865931491
79875,15202.216696695281
83034,9864.438438327114
94997,15072.32203886661
85209,8298.79921063288
88344,9836.234188788905
98849,7749.56534522586
80527,15414.31993948086
87245,11939.720901182718
83783,11965.962542660742
96515,8659.276353777668
95110,15471.068322304005
92177,16734.28106034369
94690,16972.96752461706
80340,12515.426248239897
80211,13883.279933002526
87440,11150.504291940424
97742,7008.501402357106
86586,12160.464092212065
98006,7658.666891902413
87613,8284.314994001783
76521,16493.05704925261
105734,11418.261136283281
87925,7236.786310829405
94634,12458.771643885158
102227,7068.6968780813195
85292,7559.482811265049
76921,8648.88394310999
95158,14766.353293812717
95582,16317.059687609108
105636,17576.903666358216
92793,13143.92788569455
80981,21380.808385342923
76421,10895.35601048249
87182,8885.405806762257
93677,7754.648899885518
92969,14871.394038570268
95005,11731.823105802368
85337,8378.801752448186
90477,11789.847259698
83508,6844.712669471286
96886,10353.011591911516
104112,11244.745961209366
93923,16994.526802315733
83338,7516.861479614891
77100,15672.06666365584
103801,8995.028091705724
77772,15867.409702846498
94352,16268.875802088163
78360,11382.342354870598
89986,8810.655952087554
97654,6850.277132835952
90295,12823.303320178273
89180,9814.448966301481
82039,16029.002650003707
79485,12127.16079479028
87606,6688.589914703141
99574,5901.200622670653
92198,21094.184205837682
83529,11478.322012971998
83789,11829.040929527338
106137,12950.26464339832
81731,16808.345465325183
82668,8651.957306203534
95865,16317.08469647171
103389,7777.453781035342
98482,8308.344647199772
83775,10299.810567181805
98846,15542.22288108018
79233,12613.350522103103
93254,17865.57412178674
84246,8414.651964312807
101996,11365.819387838204
96237,10713.697763059405
104216,10352.462556786288
105667,13815.90447145442
78813,11048.11473121943
99270,7705.041863890281
78588,14074.289030294825
105552,10440.638386597726
97164,13988.6730546785
84342,10860.633886739315
103688,13630.01422327918
77484,8477.067788227669
94326,11217.528936865383
81254,20781.335398124214
90674,8644.291689758667
104261,9073.838075360385
106636,13032.0570296683
83188,12979.03035803271
93725,13374.962202080864
91349,19751.41785823795
106973,9160.77726225679
89671,6786.412002534898
92830,15952.480790914691
105964,13018.860747690991
89696,12555.277302947949
99813,8308.344647199772
108159,21444.742071019253
84988,11528.384097145416
84921,9157.830631821838
93609,16268.875802088163
105751,9954.666566503522
92102,16734.28106034369
83130,11157.207850681107
91136,14982.993762428992
78276,9458.117302167526
108370,15636.714246249061
100384,8995.028091705724
84940,8971.00896541581
91942,20311.003168254094
94454,17643.31670065019
100909,7764.729273157968
87701,12692.98513918135
104798,11490.695557729172
95263,15128.374351828177
87121,8286.904411717407
93095,13666.669775403674
85642,10208.122161795556
92656,10571.524435226323
95617,23547.721055993337
78219,10343.239361386592
104179,6087.815087684656
106438,13389.94933859981
87196,4351.803569664213
90335,13458.39396343474
82059,12596.251860289496
92365,12813.293689686761
98309,7632.0462142092365
77684,10410.33552734078
89823,9223.543367563647
76689,13374.719220178004
98279,14201.696217355433
99892,7941.293912021231
77342,19953.87915653881
81074,27162.30740828331
101487,10155.070967219604
79070,10196.81421939591
95231,16430.89367167195
102572,4207.593465880973
99529,9337.253939127064
105996,8460.819476424598
100780,6940.4481358163275
106814,11098.18174057759
85545,11007.39005108892
79630,13569.892272340367
91145,17385.74499446775
84823,6242.138679714077
84954,8970.387163800977
96658,9013.0975122242
91360,18054.447888621442
90452,10606.676955461184
101820,6397.808871564337
81605,14329.527463722781
95895,13708.199480454086
99378,6446.0938593137325
89327,12643.856742553373
97326,7218.4825825669595
100777,8075.801882156311
87405,10128.933001251711
97627,13795.413438353937
107458,8797.113056435108
79060,13430.885837418231
96136,8603.987882428875
98257,7705.041863890281
102335,8587.61039361347
77850,9611.057175254151
102160,7617.272977266553
102379,4062.799397052291
104579,8109.872656429295
105614,11695.490828148351
100113,9253.070952392256
91032,14766.353293812717
84428,6132.886270207332
95075,12115.69412562213
103736,7848.0763044018495
86290,9889.3351898017
81511,18640.010036476935
90680,13497.054162782677
108256,13323.39332660921
104529,14196.54881669984
105190,7714.3155299398795
83963,11543.22110797527
82386,27580.0887870097
96710,6319.899525661224
83474,7946.525333446442
85539,8689.020577731393
106439,13011.239789967683
102158,8779.423067605447
88822,10208.122161795556
100881,8095.511762727115
76677,22891.818366290296
90178,7346.152897767581
93735,10861.241323828835
84662,9430.342897106566
106182,10446.124620581215
83398,8957.956738095816
87992,9730.504313761581
87968,8863.362296009316
103912,12304.389860556812
93375,14843.037108771981
101226,6888.149382342062
77949,17774.160067712033
85607,7055.79834248176
79522,14296.838536084408
77739,8524.359738951442
83123,7405.987606904845
98241,10117.201922781853
85653,9686.114207002936
103346,8961.347175570998
93933,16972.96752461706
103652,8075.801882156311
101032,9103.294016233112
95245,20406.395309874955
87397,9410.733161959464
104051,7556.574674815951
88815,10208.122161795556
78834,20145.54500554953
86348,10618.122342398854
102205,9491.307078100184
85638,7231.22360431783
84036,10852.150833890068
103627,8961.347175570998
86641,9430.342897106566
76954,13693.983660881222
96042,11129.825871822552
79230,13829.158158147713
81240,15924.053662403338
98464,11090.281488370503
93761,7966.382166604037
86239,11680.511684726083
106231,14888.523662015195
94092,18102.753009042182
93651,16849.9402211074
102239,11438.44835745474
108216,14444.023962729127
87035,10131.768150764248
77754,16605.270903141885
102892,8075.801882156311
104205,8426.596172296171
89539,6849.296153650295
94276,16028.494345925756
78405,9573.817456536373
82829,9390.185586696132
96653,10038.549085788949
107768,8464.525023151282
82557,11144.005579475926
79190,11692.165978952977
83639,15046.327602402736
106302,14737.425445155179
83161,8034.068407507379
101839,11634.730074076322
76769,19807.630791592626
92536,16994.526802315733
105981,9091.34747990781
89644,10429.119291942276
95175,16972.96752461706
95837,17213.457843554694
81282,17931.40353635304
92231,21343.327031800392
85287,12365.906194628957
82582,9430.342897106566
82666,11225.127138110272
75999,13852.837443911234
81738,12749.263731107365
87020,9638.0199711993
93066,16734.28106034369
88496,6844.712669471286
93297,26169.008601028516
82044,13387.963490129192
81673,15615.079001841914
102694,7545.161491092144
89509,8116.9747939018425
95965,16994.526802315733
106101,13159.939504876591
83569,9574.825233429567
104718,14945.435613236827
99492,14758.649002338148
81091,29186.36689523693
91028,14354.566825932325
87981,8970.387163800977
91801,13615.944629052039
102243,6671.214748691858
82445,9221.846086693522
104094,5011.130062298111
94745,20229.22595011816
90106,10695.74573418596
89015,8956.909169450963
93183,13253.144506566496
84610,5672.400062898574
77055,15255.679234296773
79194,12960.412836026857
91155,16336.837540667595
86569,10379.308676058849
82485,8140.472303600784
88760,7740.261793604098
105923,7157.351217863152
78686,21836.34691855666
88814,7248.772896501201
82320,13705.543913515801
102937,8315.72757899448
87116,8940.430175947058
90494,7547.355902168206
106037,9160.77726225679
81698,22582.12827036425
108120,14749.940984015439
107501,10527.364314136159
76407,15880.476007560217
98601,9354.7857276868
107872,10349.227789825813
78176,12930.588665089519
93534,21574.66797496983
91839,10387.925675311206
106436,12030.54358727449
82935,10835.721372917336
84674,12115.035648731951
83479,10744.959253912259
105047,15154.96430091276
103698,6888.149382342062
99614,10352.875569352487
84726,8252.035000778844
84695,7248.772896501201
91147,16009.50557398123
87076,12866.891970047487
106200,4799.869572736327
94496,13525.636224352915
105826,10443.901722202725
94976,12032.949442170167
86380,10102.00479345911
79211,9837.59285957314
83213,9942.099418377516
84355,9430.342897106566
108034,15321.510310947593
106948,10333.395006694995
94995,17111.98454680208
101963,6691.378132839406
106550,10352.462556786288
85682,9151.014332579907
98174,11218.011927174255
105423,10707.397646048279
77341,11044.662619321694
83563,11258.445585931395
80177,15764.921860021319
88183,9951.740902188649
77520,13460.29036878152
96601,9595.259038044482
91964,16268.875802088163
86685,9612.775816917696
83039,10860.633886739315
97785,8064.796653167957
95814,13374.962202080864
83452,11528.384097145416
84518,12095.097044935565
102194,3861.4464344319204
85247,9307.519115278817
85418,7255.048497873582
77908,9525.409145888816
92033,15073.872637455574
80872,13250.682631152538
86635,8970.387163800977
79420,15880.067911266218
98251,11581.027249334431
77158,16619.004894720078
89969,9321.183525725419
85928,7707.28444656348
91375,22919.638592249554
80568,14586.505534866346
91041,14407.361192296385
89322,3774.4163804559325
88057,8401.513369774977
89486,6849.296153650295
105977,11123.945344058793
88167,9430.342897106566
81115,23718.467415045667
91486,9441.733589368945
100782,11454.369671040016
89320,11543.22110797527
79784,11847.529682460456
89096,11007.39005108892
78264,9572.081382084616
97581,14487.714556130235
79576,18160.635194333998
89259,7740.261793604098
106745,8793.185885971388
92013,16556.962617915466
86678,11438.014517047834
102324,9647.987633675408
77632,20108.647425544514
106887,9160.77726225679
78950,14940.887528198045
88191,9365.545371821403
88247,8121.370036970501
94345,10248.420714393429
95349,13374.962202080864
93901,20251.57425137715
100074,7792.080377335647
85164,8960.57770850688
106172,14971.87638566227
108479,11976.812795177968
101908,9741.006535257082
87385,14120.458351589099
81494,8992.190406607278
81977,7610.795180531335
108330,11064.67854840268
80073,13712.266206495686
98716,8271.520195833458
104170,8426.596172296171
103992,9600.745900105698
105540,13264.897650071403
75987,11959.307593664145
99496,8305.748530839614
78765,19264.635443686264
98564,6930.097654402915
81895,12836.388222922445
100955,10234.455815337276
77153,24770.49106461436
103888,6935.1975400582305
105921,10527.364314136159
99660,11255.795018361476
78579,18422.079450093515
87023,10842.279719297314
95879,13206.619661070481
100433,8728.176585230347
83011,10208.122161795556
103255,8491.00533703265
75978,14779.492488561313
102295,7773.280983291261
92099,11018.058606675684
80985,16317.081451555765
99556,8424.766007031974
97124,8309.001108441666
81386,15655.47098726134
92818,16908.531504157865
76413,6737.642876101153
99585,11559.095230343746
98093,10295.524053220423
87527,7055.79834248176
77911,17332.983497727346
85090,11701.839457623819
80843,12026.17302738759
107096,9269.659168657194
88042,10101.838585198464
83948,18402.217577508163
93242,19253.471904318067
83677,8616.53003427582
92864,9965.310447670383
100323,8995.028091705724
81042,13764.893823828299
89663,8949.36031114141
85381,8734.053926595765
96699,10217.76190251892
92422,17325.159403697675
96880,12323.32671995958
88530,7992.6438162243585
81438,15961.7504627917
83484,6544.912414423834
83637,11851.038015066018
89092,9730.504313761581
93732,15273.877970671538
92925,14641.263124471978
105183,9376.262239424514
98369,7997.511764404063
100868,7479.988696154315
82430,10188.566156308218
97604,8306.404786981124
85474,12550.348844652075
90978,11847.045596825228
97258,13570.091915357056
106720,8426.596172296171
89418,9430.342897106566
83154,7437.115856135919
98671,12060.189510592218
105356,12591.076963967056
88880,11007.39005108892
84275,10852.150833890068
93184,8657.950691511833
99811,6909.953023692545
96995,9201.2494446448
89700,6786.412002534898
99390,15571.838834707769
100504,8161.930795150397
80427,7780.663367298031
105125,13723.69556445677
105652,11244.745961209366
82706,7826.482064373896
97831,10247.472135984954
79865,19490.66602008994
78586,13795.995724697388
85926,7406.9913068313435
83961,12582.153765782392
96313,10967.816693964452
77556,17712.143599242987
108155,12937.255778214694
77590,17440.909276690905
90192,11419.530358400916
88094,9281.259001915178
86737,13902.322489270637
107509,13529.368919960436
96960,15095.248082258244
85495,15002.177428075938
80902,13800.781946445182
87998,9221.846086693522
93672,13669.86401376834
101245,12545.686498076895
85802,15176.670574848102
76378,14834.930646383224
92576,16720.556859667784
80096,13019.210379612516
103064,5056.243381598129
101782,11078.595375416138
84729,10852.150833890068
78010,13348.803658242161
76995,10167.252173536777
83407,9151.014332579907
86858,6962.657502698341
92623,16336.837540667595
107680,14088.728768131283
77324,11444.184033885598
92312,12657.669714009182
95266,13412.00771317346
86907,10208.122161795556
98403,8376.768816268637
77236,16324.42854705469
98098,9943.154347169788
100392,6933.45413100274
80696,10212.63732147414
100083,10068.134044197068
107500,19335.312519238938
98415,10352.875569352487
89111,14286.855251732064
97813,10597.838502242208
86818,9151.014332579907
76368,12922.709186272064
92461,14766.353293812717
79280,11675.436837916894
94481,13217.757071881671
85233,9702.911813511555
87051,8674.560104119899
97596,14812.310371899957
84911,4030.994194530814
84923,11680.511684726083
100105,8915.97313835096
100360,8511.493886729475
87548,11225.127138110272
106839,10177.927898909276
97625,8986.660609640818
87757,9973.351050199683
91686,13374.962202080864
98789,11060.595122791496
101190,6957.255415480893
88070,8184.721489970442
93252,16028.494345925756
99741,12103.99155132898
104820,8747.542777862573
88169,10046.74369056723
77198,8836.08002712247
93558,16951.204965255638
82381,13961.637090515846
99874,9413.613584863408
80727,13837.832565371691
93762,17047.648424432107
82928,7707.28444656348
82083,15880.067911266218
102681,6957.09598336749
84592,7055.79834248176
90373,16519.158080338893
100741,10155.070967219604
80833,9324.976493978347
91415,14329.604286453407
98086,9337.253939127064
88138,10128.933001251711
86387,12640.032542364783
95134,28836.827299702996
86392,12339.014376798372
91440,14843.037108771981
79877,10283.05146451538
85439,10025.306415598076
88629,9801.325521533816
90541,11435.427048142574
94365,14641.263124471978
105625,21148.458134108863
100340,12131.796941018883
78761,13563.291195387195
89066,9430.342897106566
92418,18054.447888621442
90530,9006.943122866744
91595,16604.47040300889
101516,6882.648658909758
93518,10858.038323265393
93676,11149.628709541515
77432,16571.81381623397
94585,11323.029062454969
96358,6785.263059029057
78159,18358.04104243105
93872,10676.108839420292
86968,9278.358914666755
76425,14438.07898415309
91431,14907.847940351468
79862,16429.690595485325
86839,11072.760814645324
100378,9219.159050128897
87028,7796.765077982753
81612,14614.464091000911
80822,15362.431522296247
79272,29916.835186107728
76037,20010.79219802787
94336,9779.855551997529
95900,16268.875802088163
89645,7689.571486360574
88068,4491.714134668998
78067,16657.909897605114
107703,10380.592839008605
106822,9637.531680569102
82155,5324.171897423354
91564,20365.478137442806
107241,11137.537717444928
79829,15880.067911266218
82574,7516.861479614891
93529,16626.578874960862
86196,10510.860925631025
88887,10728.803737073264
103822,10297.419090097
97431,14266.177512675942
80655,13305.3247816657
104352,8504.430809515587
95983,21322.300976565017
90231,7937.699768720208
91426,16469.74175615148
96804,9956.665262671051
91789,14567.956218623336
91063,19189.136245547306
95672,18633.09113540407
89669,7950.14913120589
105177,17276.819491683353
83317,9658.24780224318
86083,9814.448966301481
98558,8642.017672946607
98497,11414.02999582134
107910,9160.77726225679
101650,10950.185500755104
98157,12056.51301699552
99234,15817.041111060567
91943,15736.349201213001
99237,5855.083429987361
86413,11680.511684726083
85589,8284.314994001783
83028,8970.387163800977
84633,11939.720901182718
76000,10684.588865931491
100519,8092.98214245742
86940,7063.916921066317
93162,16649.602573981978
98061,7802.698137718838
99205,12027.791387556492
86507,7707.28444656348
91613,16972.96752461706
85308,8249.473950918511
105270,15069.39483874018
90212,5252.0031067152195
94127,17514.496978170944
99422,17311.404447556168
105583,9160.77726225679
81264,19343.846299731034
96205,6787.3839765561115
105242,17662.476149623264
91770,15638.105762965148
101725,10950.185500755104
108296,14971.87638566227
82556,8970.387163800977
93282,10084.807853645934
90749,13884.454983225529
101708,8539.282087437248
98952,8463.614809897901
84008,8153.014621535623
104420,16730.257151136397
96406,6874.590926331595
83723,13972.144704673125
97143,13758.749960142653
97025,10991.408530961664
81322,26811.99036829943
102314,7752.727128366709
79427,8019.072038651261
107605,13888.277545961599
87036,7194.629432661265
91115,25281.302340305974
107095,16170.232241010066
86726,7192.69531359336
89311,9785.050774041576
85612,7463.8564495408245
78297,10969.410691417086
87140,11691.145878756077
99815,10352.875569352487
99814,9145.720511587184
79285,17080.83970036956
100846,10625.968894464777
83155,9790.624337863319
94858,16626.578874960862
85781,10405.599868311378
92914,14766.353293812717
98443,13449.488822990568
92134,15412.592145165483
102425,9498.902076330482
100338,6940.4481358163275
75995,10572.239335795655
96586,6850.277132835952
76467,9307.855372629761
79386,15764.921860021319
87549,8414.651964312807
79953,11652.82028979531
85516,8743.476892070654
102251,11370.000820388828
86747,11313.002264780343
96255,8475.205899153587
102580,4034.805283974108
97573,10041.12726919841
92803,13374.962202080864
103185,8236.434693978901
93477,14540.226686522852
90488,11727.885582135998
103256,10295.23668873397
98259,8285.061513881185
79168,13703.890982286832
101416,9565.336020742587
84088,9189.052077633167
105807,14945.435613236827
107132,10179.934500680522
101505,9881.05521595557
96102,11639.539880089176
80342,15362.431522296247
83221,8442.352788642742
87186,12602.580063045212
89162,10864.028483954668
100282,7501.4505891355
95292,15736.349201213001
95878,21253.091919614802
81326,11203.866931324677
88518,7192.69531359336
108243,15870.814871005456
108026,6080.34496828774
96751,9486.374214308864
90571,9838.559599077726
76767,15255.679234296773
87910,9037.50573352186
108470,10040.116091802684
82634,5640.687122959363
92666,16994.526802315733
96690,11608.258411481904
102493,6716.854682449202
99491,13982.632988611334
94959,13933.869304006696
79015,30403.345213474597
93400,15635.272953565363
90577,13689.112718980603
83608,6844.712669471286
101527,8164.607714693553
99227,7705.041863890281
105333,10117.89793530825
98720,7665.7358667973685
83359,5443.915206675037
95498,12267.808873101842
101019,10245.84687945897
86045,10146.534249651186
87546,8888.647976206712
87526,5512.594826794647
83304,10208.122161795556
81244,15604.470812767342
76248,16726.213171673535
90107,8116.9747939018425
82584,7055.79834248176
97783,5909.563415386331
79048,10643.935820000768
94531,13326.523855561518
83872,6773.339696092059
95726,16253.899605002516
107362,9033.621096706602
88562,6688.589914703141
105680,7599.282215593663
77859,10364.777980848212
82802,8679.043534583581
100220,5799.308728060843
80149,15598.030715494755
78826,6916.54792184897
92081,14843.037108771981
90008,14810.427042824098
86319,10313.06654309986
93624,16268.875802088163
92325,16725.87372033563
87857,11007.39005108892
84996,8863.362296009316
105536,8240.72589034328
86209,9788.293706036584
96095,13960.670069454403
78426,14662.617120684794
80287,11978.26718920706
98154,8532.705157818335
84049,11804.5325626279
99005,11064.131247650215
101228,8075.801882156311
79488,22584.884942323763
95378,17594.593731886285
81740,15652.984567844278
101394,10155.070967219604
102736,8098.0707709177295
75993,26033.071516828553
102322,6888.149382342062
106248,9782.14946260263
94377,15736.349201213001
102281,6940.4481358163275
99028,8642.017672946607
88725,9430.342897106566
101290,7564.445919236805
101436,12418.506600174112
107395,11036.471978014546
83696,11258.445585931395
87319,8885.405806762257
77845,6974.632038452088
94163,11288.332630236759
89778,11479.965305871545
81251,9509.514919275636
88855,7317.039808179396
99680,7733.728761364757
94593,14417.051973190777
79028,21365.089586678187
100784,8120.158928578178
90856,12827.376474919334
76836,14779.492488561313
105944,10443.901722202725
76844,11281.57573174022
85377,8720.088993622114
102613,8995.028091705724
105832,14612.188982212489
105173,10350.222407213101
107270,7024.5129620961825
104605,12535.802133305862
93776,15638.303025187248
98145,10976.868165817416
105384,6766.454151873415
83797,10208.122161795556
78439,7367.926913518611
84850,11441.73458758793
81348,13352.573704354894
81586,27485.796031988488
97554,5527.2197013941395
96691,6319.899525661224
100073,10055.273663020296
89195,9025.045054016613
95919,13582.96810262826
78872,9662.505293170356
91100,18633.09113540407
80008,12316.089291603008
89155,4928.706605347159
79002,6141.761360508498
80103,16739.19704128089
95722,14956.473360521893
92248,16962.03852282294
104759,9348.592818652864
101435,10245.84687945897
95367,15736.349201213001
93611,17594.593731886285
95610,16994.526802315733
87950,9101.794968636646
78095,14486.424542986342
78646,12209.73019424736
82091,15303.119651636187
103774,10960.62592828512
102660,7702.787038310623
92256,17145.231787491237
102733,10950.185500755104
95698,11878.58260677578
103008,9942.113655812269
76310,17368.44749832017
102230,8739.686872301758
108434,5504.47350610487
103325,8220.940481018913
89871,8966.022818645808
84888,9855.948470269534
94838,12165.64996889956
83744,6890.738015998555
89112,10637.575417701431
102043,8915.419119184202
105254,10036.97891229371
77814,15709.724183193346
92390,10091.475411689571
106879,12459.971237307956
77049,13707.209537044448
84476,10046.74369056723
81372,14933.073142040326
90236,6287.734226995537
92132,14442.130711547268
92240,14736.70590581905
95286,17235.61090006689
101750,9626.222791167216
88817,11007.39005108892
81131,15097.924526947834
84244,9430.342897106566
100801,8739.686872301758
95844,15499.522509562195
83870,9571.883748708951
88723,8783.971014318337
81243,14855.188598211354
100385,8825.372833641217
104717,13447.36198090379
91235,11465.457789259519
96520,8424.373432393946
93381,19669.7810472281
80691,18270.54095197026
92000,16994.526802315733
107035,16920.188222568442
102138,9942.113655812269
84605,8153.014621535623
79297,22106.115617220716
106336,15278.231665481273
94253,16258.480532180245
79716,15742.086962862923
83444,8153.014621535623
106618,10201.947945700715
96175,12030.437707935644
103007,9597.896939824725
83413,9720.619053362767
87204,10208.122161795556
102288,6987.203750602017
80637,15362.431522296247
102156,7120.037129546104
99444,5373.503067120568
88292,11426.293795597276
88382,15178.88688547224
83149,11007.39005108892
96173,11612.984367979381
104005,13465.747286434442
78097,11963.967999739205
79949,14394.050079998928
93089,19107.08848201668
86142,8970.387163800977
79736,9875.190106281018
76052,15213.557878032914
80534,10280.177946015683
86998,10044.394677930732
92690,17213.457843554694
88656,8674.560104119899
94395,16268.875802088163
98447,7007.740893644725
97701,12092.36614932979
92140,12343.599971380812
100562,6940.4481358163275
90947,11674.99917470176
101174,8095.511762727115
82150,22901.691622417646
82220,11282.936444896297
99327,3953.476631452702
98695,11521.062808115128
81373,11918.40259689025
92571,10571.524435226323
99568,7502.534086505249
80774,15428.354035047318
88548,10325.518904645747
89214,11524.781933082164
104968,12030.54358727449
76079,13798.231101694751
106643,13521.438199211367
98760,10269.807378840595
79377,13112.974793670523
92075,18260.93949436923
83689,10864.028483954668
89321,8496.768221007573
101772,7334.006020145506
82498,11413.149038770502
100293,9336.457256959715
82360,14391.310450795152
98921,11228.787084709253
78949,17563.13512202307
77501,12139.629958225923
93322,16972.96752461706
85827,7444.407948259218
76428,12820.990361288294
105249,14231.696782131694
93940,16771.763619808156
85259,10325.518904645747
95570,20851.424057063046
87993,7309.646584551336
99558,6499.710226183909
91277,13733.588872751785
93825,15739.405289539125
107121,17844.19315829967
104959,11441.924724789093
96364,10346.546130597108
106601,12382.793277062789
106375,14638.920632528107
79619,9476.224127581301
76473,11050.994102423427
88184,8970.387163800977
92530,15128.374351828177
100669,8995.028091705724
97656,11259.493743845347
78071,18259.08837642245
89316,8029.2241134962105
95061,15128.374351828177
86189,11215.614524843182
89553,12483.393270243581
93106,15019.83717979972
92968,11510.79946704093
84025,11694.372111841825
107972,9339.539654189928
100646,6353.77323635742
94107,19193.370869179947
93865,12058.841588142293
96199,8606.41190278959
107397,14939.428091317144
100882,10155.070967219604
104739,12704.1886735994
85360,13563.044408717202
85630,11736.497883020265
91862,16853.431001327095
107207,14778.36121609406
97162,6612.602568674591
80025,20599.888919003937
102082,8964.148186826067
85267,8131.770627777788
101929,10701.102320795182
101500,8341.868424260058
79709,12451.544246081563
93972,9803.612578280688
103035,9140.4876813464
99214,9942.549061208181
90020,11786.163405823752
93078,10637.670633521266
91474,12970.65624737501
104931,12290.533133318746
78728,16091.18065997196
79185,11331.036387375612
103871,6353.77323635742
91303,17206.44400320348
103205,11585.008125679991
102796,9258.815467560065
84381,6240.492223503508
80694,5687.518992542943
88412,11683.473204537839
87437,9039.0807408267
81938,15919.078144585179
87557,7941.322132410181
84227,11179.62519311898
94972,14832.540385110828
101329,9778.449906153888
80069,19886.85704470755
82432,6688.589914703141
103399,8058.353398017858
77538,16374.516958948947
83684,8505.341044404024
101430,6958.18720195653
104322,12663.453384604856
106856,11976.812795177968
83084,8096.6741326583515
102179,8341.868424260058
91752,16268.875802088163
102244,8779.423067605447
100903,8164.607714693553
87128,10265.670713327798
104654,17033.75783641365
98265,6165.485624935815
101764,7472.019049094889
77753,10253.495795349492
93483,20385.019020475134
85586,6566.47641396691
83436,22176.57029680394
80395,11914.815987699536
78652,14158.00955494531
92985,9803.612578280688
87343,10025.306415598076
94390,16994.526802315733
94485,18804.351324509647
79564,13967.86946575205
106104,15750.700957373856
84557,10388.194892569056
105524,15698.23741583709
96622,15460.860302071813
85389,10125.768072378425
78029,24980.191672450605
107904,11695.490828148351
80526,20943.077205940695
102233,6514.305846211685
86058,9587.30142215257
76614,18471.67469495722
81334,34466.667394696684
95043,15771.076742224514
80400,12237.194105358894
100114,10212.876943091642
92049,16686.421520004467
104070,8746.451456969833
95487,11111.537940695598
80402,15902.963262130661
102682,10155.070967219604
79747,10377.499934354115
97331,11583.117827351269
92573,16725.87372033563
81827,13083.516303281307
99721,6446.0938593137325
87560,12418.058858532748
101447,9253.070952392256
89027,9221.846086693522
100905,8341.868424260058
86467,10025.306415598076
90523,7346.152897767581
77588,21285.75114235012
79946,15764.921860021319
94096,15611.564506591003
106481,9160.77726225679
100694,10534.014851958971
91176,27289.181050717078
106878,6623.037043045729
99871,10954.636914789116
77534,11324.886680314328
102006,8560.215323682127
93356,16268.875802088163
85788,8286.904411717407
97108,13362.283182743855
93129,14246.238857570133
95168,19909.538735335285
96578,8814.553764295593
79570,11111.757143506664
96604,10803.18991357329
76367,7450.4469202294895
105065,9978.854721216338
90635,12818.251917120293
107221,10588.89864132543
80375,11837.567704325089
94421,14322.29639702385
104009,8732.790098880574
84804,9973.351050199683
92074,16019.741665255728
103678,8097.630052302551
102350,12496.45535897233
81690,10744.034138512981
101817,8221.924383170228
108275,16754.61429145504
78030,12737.071264947486
91570,16336.837540667595
96746,7276.882718032847
89748,12553.509050883538
107889,13282.548932131853
88402,12393.682421397672
107789,11350.20791716179
108061,12558.284983158706
105143,11949.314852234544
107488,14663.947971210106
100812,10056.475908020233
97830,9219.527717688758
100664,10950.185500755104
80071,16131.97939522442
104550,11695.490828148351
99466,8308.344647199772
93777,12647.736564753131
108105,9160.77726225679
90322,7387.940674485871
101860,10960.62592828512
104129,8426.596172296171
77381,11816.188056047044
76946,21428.116971231986
91556,12434.883010737669
87190,9088.43683247935
107647,13509.846118925321
84177,10025.306415598076
93266,18876.621777220036
107341,11690.207016055363
92693,18048.806764604553
101292,8341.775174590937
79651,12907.786451997503
81654,12745.976196085227
89688,4956.134693360266
107423,10349.227789825813
86626,10075.169409813876
101633,11713.26564437271
83827,9393.7608702345
106678,11754.23923493075
93756,17044.801950365054
84185,13649.995346514292
94867,15843.758789739115
101062,9597.896939824725
76567,17541.944368151344
80522,12919.291789107996
101932,8075.801882156311
86016,10852.150833890068
98609,11506.254275857531
84081,8378.801752448186
78446,10066.529758003458
82074,14227.384291389308
108374,15712.84972212812
77895,16538.2773027907
93416,13582.96810262826
89357,9916.389075549581
106786,9040.336237647043
102766,8315.72757899448
82233,13790.453454449316
84115,8812.20529795405
98073,9138.367319083096
106198,8111.534585899456
100335,10050.935422143071
82169,11683.6651242327
101191,8341.868424260058
94584,10249.613514871373
81980,12533.32238284552
93574,20073.974896567608
76934,19496.18968406808
104181,13580.756475811224
85205,9814.448966301481
101304,9942.113655812269
77927,26651.5135579554
82028,14270.256012109974
87191,12320.835128226929
77713,9977.16865431733
100414,4841.872797537216
94287,14259.356067799497
97941,8471.005410952059
93702,16725.87372033563
91433,16366.417617119581
92420,17158.088507381275
88433,11220.328204366759
91656,21347.60951492658
94313,17092.442579848193
91218,11514.250960111467
104418,15421.87551175217
86375,9612.775816917696
97556,9908.357588236033
94514,24621.582220891945
79165,21058.0396959519
81780,12924.774741908559
105424,13011.239789967683
77427,9419.966915586496
78626,13832.428434036312
85465,8970.387163800977
87616,8970.387163800977
101667,10104.856295786218
84226,9702.117895372123
104737,13657.158138941659
95041,20385.019020475134
84070,10313.06654309986
79071,11759.133716862896
98688,7705.041863890281
91104,18285.599862008847
95301,15804.96616466755
82795,7236.1440126414545
76606,13196.628633864468
94708,15073.872637455574
82934,7924.808382971866
101243,5349.627497227249
94629,16972.96752461706
88235,13014.056149192684
78913,26618.52125155142
94480,16806.309208306113
77005,11955.57079473056
95511,16274.963277471645
88879,10128.933001251711
78396,9611.057175254151
99977,10185.121501980664
87602,11220.328204366759
105439,11719.22012594025
91094,15043.05011036152
103575,8149.665090785931
102840,7482.326736974034
105367,9160.77726225679
91884,14688.523686731622
84572,9151.014332579907
96544,8176.029619384881
94082,17701.237988723904
95510,11339.393638271004
85718,8153.014621535623
92527,15739.405289539125
78855,11302.870481489736
107521,12478.391111688108
98876,5409.616181062577
98440,12138.513560649373
98714,8642.017672946607
100643,10502.417284895952
89570,7119.980281915
94168,18722.140015318077
93299,16590.902748037493
96033,13073.472494340833
93742,14394.21231703888
89946,10606.676955461184
107741,4589.472298770573
77268,12747.500601686324
84848,11893.283302147018
92323,16771.763619808156
82181,15846.571709054537
102252,7080.34004433565
100240,8915.97313835096
90422,11694.532394303056
103145,9546.236661059875
83333,9714.762634269055
97103,18676.472713236504
107379,17779.45987754864
94694,16725.87372033563
97339,18676.472713236504
93104,15893.664929085264
88194,8378.801752448186
81954,15312.44229309626
96391,12573.386000914292
76563,9381.808080860026
97630,12867.716240791806
80201,14238.315292230105
87854,3925.7416584646217
102312,8699.038603761004
93848,16547.67517306124
82542,6392.164121003396
102300,12545.686498076895
97229,9013.0975122242
98907,16319.990852308114
81238,11829.457228688025
101377,8455.083980491494
79109,10078.096829492086
88044,6195.079933413149
91950,17594.593731886285
103403,6957.09598336749
87611,8429.85542740963
98169,11257.421123797229
84352,9727.463867296718
91787,14344.867586833656
85668,8585.836528187709
91287,13701.598551028077
80289,11867.730710509299
80647,14627.909687561767
90612,13913.776302818986
84941,9773.536378683923
85955,9151.014332579907
95019,11413.815413629467
92685,13195.258247964177
87156,7846.643538478685
98300,12015.760208966218
80737,13892.282401089647
92849,16255.731680897476
87490,7613.526080015669
106168,14542.593340718462
87014,12550.348844652075
95822,14676.031555729565
76797,11028.429434600843
88416,11915.162381614735
99974,8995.028091705724
79248,9500.333486317919
93969,21343.327031800392
104746,15860.938068647356
101092,13630.01422327918
104076,13264.897650071403
99087,6932.263837229764
93808,9367.334259079455
80849,19725.53681038447
93870,20628.691345581516
97218,7470.006933529028
85690,10208.122161795556
82581,9973.351050199683
81062,10620.909485487044
98925,11124.389132037933
98116,8397.869868816759
78229,12354.70827506776
77717,5783.863945183746
92227,16019.741665255728
97525,7533.247512825259
92015,10282.905902500313
93168,13154.164169206391
76841,15345.314349145323
94920,9319.19938041977
95188,10699.50231440174
91909,20093.904982513548
104631,9176.463375042049
91186,17009.89319537639
100465,10185.121501980664
79253,13392.147956173065
97133,8309.001108441666
84758,9401.50896156523
83113,8423.730373968292
92012,15654.647329401872
97730,8382.275832820314
89579,13646.722308188142
89670,8194.407083594733
98105,9730.725287238361
79497,13146.532084228202
85954,10208.122161795556
90314,5963.157429596593
81052,7080.983043238231
78531,11859.759372064735
97791,9956.665262671051
77746,16275.519928156464
105318,13979.476034821742
96956,9829.715506797542
84493,8760.004208086626
102164,7479.988696154315
84640,10843.274600989696
83292,9814.448966301481
80446,17479.61475295535
106883,14020.375841078609
96822,9013.0975122242
99282,8639.31730600617
94359,10377.333483407356
105084,15665.343798794464
85908,10208.122161795556
106431,10527.364314136159
97313,13231.276744777331
101268,6163.008205422867
77989,12991.120272607843
87682,13722.04641302632
106611,19778.921031883092
107890,8704.872624924205
79578,13131.990315975218
92372,16734.28106034369
93915,14766.353293812717
85425,8184.721489970442
80577,8120.686968920148
87561,10490.599822426673
82120,11461.32716571225
91633,13143.92788569455
96970,8142.068974379094
103356,8129.795237341384
89416,11438.014517047834
101155,8341.868424260058
104222,13738.134469178733
76104,12450.368410882531
108362,9703.440940401233
80616,22901.691622417646
98659,6932.263837229764
76470,18228.5145718899
86501,7076.109048639779
103166,9654.669931129036
80799,8595.350762723225
103699,9942.113655812269
97005,12627.212947529608
89375,9503.517899397324
89434,9186.180798902706
103114,9997.735056660162
99021,16971.056115089275
85368,5815.080373728075
98207,7997.511764404063
88420,8970.387163800977
86225,9390.185586696132
107761,17575.59534424361
83146,11007.39005108892
97834,8163.621701989534
95729,16994.526802315733
95480,25259.447352310384
76736,15728.946453437527
103683,9523.261277136899
96410,13974.593899422951
101570,8099.4579801501
81039,10325.63284814428
82813,12479.183573235485
88704,11088.810980915994
77926,9108.160969436169
89560,11789.847259698
98902,8669.908455663834
105164,17309.744615886073
108109,9348.592818652864
84480,10128.933001251711
98239,7702.634239438014
82385,18554.676647981083
91637,17900.795996901994
85732,7707.28444656348
90790,6581.64620285752
90251,6848.562277148047
101246,7809.161009795561
92962,14766.353293812717
75988,15705.71671682986
106880,13264.897650071403
89844,10692.648623870018
79925,11431.545681654665
76282,15156.716154083155
85648,6844.712669471286
95507,13582.96810262826
96605,15400.922003902406
90201,7573.085774263063
93506,16626.578874960862
78490,9868.594776476833
106831,14103.942006325477
78101,11474.212222377662
93059,23518.071689255572
106820,8793.185885971388
80839,14613.372298734654
76695,11858.454388570297
107678,9073.838075360385
77084,10334.341075422044
107856,11695.490828148351
104446,17773.904668956493
93306,12647.736564753131
76610,17541.944368151344
94451,13195.258247964177
96510,12557.22498844497
84861,11908.61124390803
85787,15987.604613253143
78201,10957.501552820373
83353,9730.504313761581
106485,10926.950731899758
98115,9337.253939127064
83852,10852.150833890068
91320,16495.667187760762
92427,6473.69034706259
83851,9193.493975776822
92011,13166.073433345327
96043,7520.761504176241
93535,15285.807566225993
80183,18044.604113109435
99075,11521.062808115128
107932,10623.300862596994
98968,12015.760208966218
83350,8989.112238172584
77983,14091.202002689897
104722,13182.000070556092
101213,8037.409922431539
99670,8051.172685337709
86163,11943.528738636149
107969,10493.491437944118
77875,12605.904398581635
86254,8423.730373968292
106709,11034.924845043979
79732,15406.406356986257
107841,7714.3155299398795
82222,13741.035523205948
82020,14398.54897928298
78930,15889.942949235658
93446,11323.029062454969
82880,9384.800074644527
85724,7669.198781796434
97629,15827.105156271196
106635,14838.627876807277
94103,13293.15064583318
83051,9788.293706036584
85087,8970.387163800977
76917,12365.346010651305
95037,18260.93949436923
99867,11536.95458260186
107425,17251.583005379533
85753,11704.530249341815
95099,17208.07947287248
81950,15835.190752303479
87493,10018.238963113545
84035,8970.387163800977
98743,9354.7857276868
84532,8488.910397073834
106827,11711.780096460981
100006,9301.019737125922
108013,15527.947757140058
102898,9222.75690346992
93509,13886.051734770255
89759,7921.358414544485
78191,17633.810205931033
80286,7257.996955104879
105908,14423.609160572933
85325,8970.387163800977
86177,5119.298900982125
86780,10860.633886739315
82738,8970.387163800977
78918,14575.176599292809
79161,20264.191980884607
84004,8863.362296009316
92541,17865.57412178674
86047,9753.385949215251
106538,11222.198050531108
96648,5995.1822173981545
101018,8099.4579801501
97019,15199.679087994171
105288,7398.163728180925
103441,9942.113655812269
84757,12115.035648731951
107069,8816.461962049372
108356,16210.751223750334
84436,8286.904411717407
79898,13700.517813743823
84703,11701.839457623819
101219,12545.686498076895
99858,9351.526165809319
77333,8607.772672433115
81923,11683.246162832696
85116,9892.426226071593
106149,11686.124897613483
91228,14641.263124471978
91512,13400.4696218642
80878,13629.706037952312
91229,16268.875802088163
99181,6446.0938593137325
97944,14273.574943906751
78314,10752.846135436119
103087,5548.123395630615
98170,5852.238250958817
86475,7085.9885215740005
76501,13835.994108183584
87632,12022.24438873962
78342,14943.851970770536
99723,9406.326299819966
87620,11007.39005108892
108111,19577.086502118138
89385,8286.904411717407
78604,8502.749485673243
87199,11007.39005108892
106661,11090.697220791697
98162,6479.075062089454
95522,12309.253743417836
76276,9484.685461477504
80135,14433.014568941031
98199,6930.097654402915
97771,8659.276353777668
80509,24353.12439519543
80570,18360.30434800352
102070,10625.968894464777
87513,11706.009258645907
92822,12454.878795726596
85443,8971.00896541581
107258,11921.282052483819
90876,14502.854530644434
105021,14866.701302687352
106246,4590.496065250642
102213,10419.754385267417
102502,7476.349634538707
97859,10991.408530961664
90858,10379.164567793403
103900,7144.451512860053
101159,6273.824341916747
79882,11522.096566836344
107307,11548.850761750002
91892,10669.147934885219
77992,12001.99548502777
103300,7904.186404230726
76540,22355.02343085688
103225,7766.343858205973
93202,16013.157523956528
106035,9637.531680569102
80459,14724.200477853705
90377,7737.44052058399
94302,13943.897127362281
107598,11928.107946714754
97476,8936.909854930831
96871,12356.169740654548
78543,12155.211494718058
89215,8337.39820506089
87251,11007.39005108892
94113,14402.291642460083
89499,7689.571486360574
104785,10443.901722202725
87775,12550.348844652075
91882,16725.87372033563
79256,17214.14608706903
100717,8768.138180480844
104470,8712.45727193977
98732,10954.636914789116
82547,7690.929465348291
83776,9221.846086693522
106546,13176.261192930937
88539,9334.010344962046
83929,12051.50118128068
96026,6261.875114447249
104011,11624.681026740858
76131,12202.207992474465
91826,18260.93949436923
103999,14199.18806730503
82675,11701.839457623819
94439,17213.457843554694
96307,8603.987882428875
78033,11586.756869733375
76854,11298.223176166892
90036,6786.412002534898
103891,8833.367015424199
101263,9523.261277136899
91712,14641.263124471978
80856,13856.445739952122
95058,17049.159751050167
82735,8916.337340877206
82588,14480.098584908843
80775,26549.839034068576
104524,9782.14946260263
98431,8216.848806302954
82272,15659.616194180066
80152,12031.957933870903
99115,8924.72150481762
91591,15474.825626859043
84573,11701.839457623819
96777,9112.933364377777
95331,14430.536746157064
87492,10864.028483954668
78031,14509.104668792064
102367,9140.4876813464
105139,15556.367040764957
101793,8575.407379687285
82312,18517.669603735296
90663,8194.407083594733
97827,12628.464682337513
85812,8970.387163800977
93839,14737.069087328491
92711,14430.536746157064
90705,9571.305126571784
105089,10420.590213608675
97946,14201.696217355433
89744,11641.984667786186
91047,16211.979641213371
101166,7203.899163148131
101641,9644.972968173093
96865,9013.0975122242
76615,10248.032221791935
107736,12977.039875778451
101285,10950.185500755104
87016,10208.122161795556
99919,6933.45413100274
99314,15214.02628385765
80754,18389.37357005685
94215,18924.70945939171
82552,11337.655635663446
79696,20989.373765635104
87903,9659.556699574157
77373,13842.438540480767
76494,13591.17561338427
80003,14623.339128343963
89000,10075.169409813876
93128,17768.36724500285
107992,10900.198417901913
89029,10566.536229411067
105461,15204.303459792181
95945,11288.332630236759
103106,11368.607843514521
96246,14432.674712227776
90428,6786.412002534898
88909,8296.029166702261
85222,9612.775816917696
106888,8460.819476424598
103117,7950.436941852254
93022,15447.650818853906
103375,8149.665090785931
93229,14737.069087328491
85603,8863.362296009316
89869,8878.157954365428
102338,7737.345378172795
82631,10128.933001251711
102687,9385.678588552224
82001,15821.44100444013
80204,16364.819631516993
76279,17211.348992718238
104066,13466.676760546256
85918,6195.079933413149
101590,7491.38739728547
95375,15045.05583870255
77897,10196.81421939591
95209,14641.263124471978
95921,13227.793724333433
105769,7091.639191751503
97833,14135.55518011794
106557,13749.039103374556
80274,12288.304148198964
91786,15687.391992431772
85350,10892.785577887082
96217,11592.616796934346
86429,8242.759654414716
76233,13835.994108183584
98782,8471.005410952059
77064,8524.359738951442
82904,12382.987222421321
101384,8995.028091705724
103541,6940.4481358163275
99625,9405.373027993219
89436,12695.137446819417
92889,13691.50561141777
78390,20601.520303732217
80649,13926.372561635782
78894,14894.605698221661
100312,11538.0883230756
78222,14716.935573157736
91392,15760.560820762239
81452,9533.964014110485
97819,5840.996631433465
105008,9073.838075360385
94993,16994.526802315733
85430,8970.387163800977
94075,19909.538735335285
81246,15923.42986062106
78432,15990.534900856861
89458,13263.690478223361
86520,10943.20587489467
84594,5909.607431013888
87131,9150.154201792555
103493,10946.76398521462
95302,12941.41395736768
105156,13801.428229296265
101489,6958.18720195653
105619,9292.57262318376
81460,15417.130460260736
79311,12536.243146786785
107401,13839.946270688597
106068,11442.825774746316
82033,16585.995958262567
93749,11065.509960827381
80321,15463.012486945583
103609,9523.261277136899
83443,7740.261793604098
79664,15891.44848347442
91263,14723.960190903095
80368,19938.008732796345
82178,12907.786451997503
77812,17577.794017379285
88159,9221.846086693522
107356,8735.519678965697
79312,14802.769557273175
81185,17415.28411204821
103927,9184.60017861272
92977,16019.741665255728
94013,10224.234123054293
78601,12529.899267582101
103250,8099.4579801501
90673,6784.291388684929
92757,16268.875802088163
86876,9580.030891531387
99148,8688.750993193687
77972,9837.652192278652
79854,8336.045634990236
97128,6850.727926340483
108059,10795.744386426075
105613,15727.905250123493
94727,5582.544073446997
104783,7157.351217863152
89446,13689.112718980603
107306,11976.812795177968
94890,16590.902748037493
94080,10571.524435226323
81720,13561.049663927015
105157,13264.897650071403
79438,24353.12439519543
95275,13666.669775403674
86870,9864.438438327114
86336,11007.39005108892
95031,17358.257992867482
76727,19311.552521286503
76416,16571.81381623397
95523,16725.87372033563
76945,10211.061742692484
92733,14843.037108771981
87625,11007.39005108892
105282,11595.838918004956
76798,17187.50592974585
93061,14804.593065453422
99449,5901.200622670653
88177,9073.955126958903
89115,11691.145878756077
97192,8086.144859694746
90003,9838.559599077726
99544,14201.696217355433
95661,16268.875802088163
86502,6688.589914703141
92299,10020.576170346772
92164,18301.841360944763
79415,9004.714888836348
82793,7384.963676235023
96761,8291.575004489587
95372,12170.449031059525
78310,13724.5827408794
84611,9647.549867372081
79039,10517.694319297156
83955,4424.244559805783
103422,7491.38739728547
98290,10352.875569352487
89786,11938.93693019398
88966,9434.060878937122
91692,10571.524435226323
99720,9354.7857276868
92291,18882.521619084127
104283,12406.399922997778
77907,20010.79219802787
80667,13653.11874799581
83714,8967.584203281447
81499,18554.676647981083
102870,8992.217432538615
84245,10842.279719297314
96709,13554.31345488499
96985,9038.598979323235
79739,15280.246183975363
101167,8765.398409288116
101412,7908.03044817372
97207,10734.84951254712
77022,11170.762762549273
97267,14530.897890174443
89310,8762.806089275404
88525,8442.352788642742
100951,11273.973928945123
105401,7404.759493709837
89558,10345.389793911672
97593,14965.901837664818
91993,12025.542187381103
99362,10325.900186283663
86021,9189.052077633167
80590,17983.828834271153
76881,14233.342832835082
97173,10110.52939086281
100208,10938.9601417806
106111,13259.057861021864
94771,14540.226686522852
86006,8286.904411717407
83246,9750.338353764437
81624,16046.872706739803
97158,10110.52939086281
90839,6037.129057325315
76730,9259.765987245595
95912,16268.875802088163
98742,8232.581470430996
85366,8970.387163800977
88971,8606.767265135348
91073,17015.9410839831
84276,10655.267961159261
93643,15487.584487163247
77674,13653.192414963825
107054,13657.158138941659
76029,9307.855372629761
76703,14000.350853809285
76951,18543.045976588328
92952,16725.87372033563
101165,10206.000779050775
83703,10864.028483954668
102514,9166.328738165332
84274,10842.279719297314
80933,10661.367266777286
89802,11249.20389266016
95459,16972.96752461706
88242,8679.043534583581
80337,14256.434348639712
96758,11629.908241641362
81706,8779.550475285192
92861,15981.076379966386
97057,10064.31880332279
90369,7671.653871898298
77587,12412.745152104204
92265,15229.771851848742
91500,20120.508015967265
105511,15116.326258323084
90137,7440.771116606765
78339,14838.37642324019
90208,7622.619151957043
101548,11055.189833746783
79969,18554.676647981083
83047,7856.819794179788
106469,11535.124682319594
83513,11058.032007808417
79652,9366.89065894559
93970,7279.5348984315615
95655,14540.226686522852
93966,11693.321453119786
103174,8995.028091705724
92732,17769.81329995061
104052,10420.590213608675
104427,12157.982664576353
81504,15445.696439302792
85835,8153.014621535623
85265,10101.838585198464
88872,8298.79921063288
81581,15214.321576958193
87525,10864.028483954668
95242,11309.030020220958
84066,8940.430175947058
91130,19999.97354281521
103798,9265.366201959081
79777,10049.275519856943
96975,9221.172296459745
98657,8424.766007031974
89241,10379.308676058849
94846,14736.70590581905
100346,6220.1166325113645
102570,8099.4579801501
86462,4073.9739165529013
97934,14201.696217355433
96947,7489.522303127494
83667,7740.261793604098
84928,9859.95791780431
107956,7070.796964907229
98949,10150.76817440744
90998,13627.137535110787
97708,9977.94208286841
95416,16258.480532180245
78313,13806.101760229141
78886,15642.176732361244
104031,14020.375841078609
105160,16450.400901077825
103659,9184.60017861272
82200,12710.11933951349
90814,6282.569498272078
85367,8284.314994001783
83180,10131.768150764248
106202,13401.839115167715
78450,14560.859913128257
99063,7705.041863890281
83877,5581.137361386933
103411,7482.326736974034
108533,12704.1886735994
98123,11409.083440280747
106850,11090.697220791697
100148,7482.326736974034
83012,4536.628863811518
82410,10125.768072378425
81994,10721.636130566498
77099,18374.022586277228
83281,12550.348844652075
94288,15338.56439276524
103702,7545.161491092144
105076,9154.18558075037
77642,12845.297679525094
107183,13150.886173260822
106615,11976.812795177968
84149,9221.846086693522
76911,13401.861318257797
104162,7985.6081974684475
102563,7474.0134611651065
98356,9928.291957775995
90601,13237.54276152079
86307,10758.239234208651
83892,10542.546770259596
86128,8970.387163800977
92836,12018.285919083071
77569,18543.045976588328
108327,12704.1886735994
101953,9965.468483035605
105792,15612.803787276995
97726,4501.7301205550775
86652,7907.991259532977
84446,7231.22360431783
96826,11017.784483067728
95460,12543.632201045086
86352,9430.342897106566
106793,10380.592839008605
87778,9731.716978895905
99950,7331.965122045813
104088,11169.049363813008
92232,12522.625233397179
94143,14522.587461585013
87874,7844.191672941261
83793,10128.933001251711
108182,12438.790114993733
102804,8051.954993018344
97509,13691.241344482678
96468,10184.88510927431
85388,11691.145878756077
76856,18192.20935205987
106114,17553.777707596273
92900,16009.50557398123
84771,6587.585747224479
87714,10119.529603554736
80892,15445.905380438147
91592,16994.526802315733
102842,9467.926116529452
107139,14801.630206722439
94334,11288.332630236759
86768,9976.609102368819
103414,9222.359322180153
92179,17268.940753082574
106474,11704.864549112053
86309,8378.801752448186
91109,10091.475411689571
78133,16091.18065997196
76963,11232.956281652409
101391,9184.60017861272
107342,7803.5102380617445
105184,16205.686132053484
104693,15543.500658270234
89673,11166.310907536215
103903,9488.341364828271
88947,6529.309584381684
87569,12862.871611489432
76483,20264.191980884607
86102,8660.61316586105
106452,8088.461813964372
107976,12250.054274803311
85216,12479.183573235485
76812,16882.73305004931
90905,16014.93571119452
101716,8995.028091705724
106450,21470.63697479044
79930,7838.785009417361
80812,15818.76940732119
80862,13238.903475562654
103996,13904.898127535078
93119,12222.375595129066
93986,15783.105776094282
90226,11727.885582135998
104841,6603.202098416422
77115,7184.103888260144
82162,25269.363306570984
88176,11829.040929527338
96807,11695.008691264868
87893,12365.906194628957
96864,9060.322873423176
81129,9951.79077096152
94158,12474.805958056686
87268,12115.035648731951
101545,9184.60017861272
80322,12745.976196085227
95591,13791.268512345987
97284,4052.640907738587
76503,12198.529699910532
102457,6940.4481358163275
103358,10950.185500755104
85800,8940.430175947058
77892,11033.561357485776
86918,6942.504207427254
88797,7248.772896501201
101581,7392.844831771161
99941,8039.249955837106
86005,9469.6553888907
92601,16317.059687609108
77922,15757.701324680593
107005,8402.387414651505
92729,14300.19354352649
99740,15214.02628385765
104686,8741.546578411975
87339,9430.342897106566
86577,10025.306415598076
105913,21438.04170604341
87402,10459.996235095061
88287,6424.871765531134
86544,10025.306415598076
87671,11088.810980915994
91204,14029.901001193366
99618,12195.370860442861
93596,14463.94530434016
100194,4147.198343274278
76820,16403.003875689355
78350,17415.22375693399
91114,12942.644833361303
106403,16772.911365220592
77876,12629.978971454831
92321,13457.440589213626
93803,9991.89117113146
95007,15128.374351828177
93540,14824.984828938203
88267,7941.322132410181
100770,8424.118300035434
79033,21042.32737815546
105481,10181.70255719479
92645,13943.897127362281
91504,11449.088924716094
103374,12545.686498076895
76555,18228.5145718899
106876,13431.579624316035
83008,7203.171459345017
103085,8552.39864547923
108288,15575.747358684115
78153,15946.631290562995
101104,8511.493886729475
86300,12083.469236646846
83596,13577.250777005493
92918,16755.36743363339
96263,10991.408530961664
95845,16951.204965255638
82174,8521.55726808818
95636,16734.28106034369
87859,12606.519072427398
92038,10674.768043941116
97965,11090.281488370503
99236,7117.959107942043
102581,9184.60017861272
88484,13523.84635823261
76734,14137.193417028819
107756,8426.596172296171
100368,10950.185500755104
92542,16994.526802315733
106507,8460.819476424598
94713,10535.649778574158
86830,7846.643538478685
105659,9418.25834142671
103299,8995.028091705724
77388,19040.007749533743
93171,16604.47040300889
95564,15087.595957256191
92209,13423.31831878967
103068,6308.968613736976
101008,9140.4876813464
101098,9184.60017861272
100297,6888.829955768872
100668,6397.808871564337
83587,10128.933001251711
103730,9942.113655812269
80300,9706.464641752451
90994,20857.941085843024
84749,10025.306415598076
96883,15088.633191288147
83643,15780.671563254913
101307,8491.00533703265
96979,14242.530274042269
96090,11830.916703742578
82603,8674.560104119899
79091,14727.396061399497
101959,10047.155307671777
101554,8364.232645517006
100961,9140.4876813464
82778,8940.430175947058
98924,6446.0938593137325
85086,8184.721489970442
89149,7463.8564495408245
89443,8272.32803592022
88608,9811.546843660593
108064,14796.964206253637
93913,16249.516511387665
104833,12437.45110062616
88819,8176.27402804001
105039,12293.813491977953
108163,10900.198417901913
78429,13625.736021132583
100022,7411.0749220830085
99243,14955.916941806981
96715,9965.116819875835
88735,13822.206669812855
86496,10051.60817513251
90642,7346.152897767581
98358,6532.970581728365
91268,17171.933093329706
106457,10201.861559110472
87063,9814.448966301481
103942,9597.896939824725
101823,10520.865088282193
104919,5020.623734497221
89192,12983.087019799073
78525,14508.632804548464
82948,9177.236358317132
97364,10613.28016387585
77638,13977.681001580117
94939,13259.275483945597
102799,9181.73029080397
97063,12592.75302227538
84889,10101.838585198464
91197,8752.207085568785
83936,5830.453177117107
88850,9547.480296066184
104781,17789.745326239252
96341,7344.909203763864
77784,13621.113848103936
79500,15652.984567844278
85956,9430.342897106566
80268,7788.010711932732
76575,17153.89581134478
88273,10842.279719297314
96863,8243.518576932807
104149,11090.697220791697
95323,15449.947069319893
108521,9637.531680569102
104891,16210.751223750334
86333,7516.861479614891
97441,17702.562963155044
103963,10200.326589694272
94117,14643.658984135796
106930,14365.750354914257
96478,10164.381045677343
93273,14344.867586833656
90140,5252.0031067152195
101752,10245.84687945897
102564,6678.029091390638
89449,8497.242142330892
82080,11298.6511640436
103168,10151.897871974143
92400,13195.258247964177
89829,11249.20389266016
100294,12453.802330257306
101914,10320.29106266303
91223,14896.704260070419
107925,14020.375841078609
108124,7404.759493709837
99736,16567.528651738776
106222,6603.202098416422
96843,6319.899525661224
86576,8408.30094778778
106802,14524.065691897522
101331,7545.161491092144
76847,8306.139586862453
82850,9304.61082349528
107284,12770.870616034203
77599,15889.992066061663
96827,14508.609360445002
76080,13444.111197453278
89213,11007.39005108892
91332,16713.051911289233
91930,16590.902748037493
96005,9292.238488235582
94637,16268.875802088163
76949,10215.306626939018
93336,16539.139009350627
79792,13600.421107644359
94859,15833.973376634882
87815,9784.855330286764
100994,9658.736327138919
103939,7564.445919236805
91674,16994.526802315733
81166,14024.936648484805
105292,13264.897650071403
76991,23247.8182733181
100176,10960.62592828512
100118,10212.876943091642
94700,14045.552008626024
101432,9011.720330282433
78373,14512.80682739333
82918,11409.698522057646
80619,12749.263731107365
98870,6930.879331877022
99728,15507.441224388462
100347,11946.012247267523
94871,13833.237106215161
76922,17870.039096376495
102057,8373.912546578835
106406,14495.544975907043
81647,19518.174187194807
86232,5895.629935816382
90976,16686.421520004467
101053,8995.028091705724
87392,8966.42358740336
97377,11971.566186669656
96652,13533.7083301741
88212,9787.913713362499
106859,9345.671694074705
92678,12397.007737657057
99554,7192.795493746589
92531,20600.11981563341
84190,10025.306415598076
98562,8642.017672946607
102014,8097.630052302551
105663,13039.973312288608
88795,8572.630677678777
83227,4861.817269417251
97436,5191.861373199104
101846,8041.010640054932
80332,16267.384672198263
104483,16168.294386349267
97675,8746.877485343412
87703,9130.342317000299
105829,11752.285464864015
97495,10184.88510927431
97230,13389.663358507318
99232,10352.875569352487
108036,6045.030442259675
90470,11998.43717428334
91410,16734.28106034369
87856,8888.647976206712
97072,10982.33377947832
98581,8305.748530839614
96021,12812.796928577825
104873,14749.940984015439
82366,13689.824682497634
81093,10204.077771099026
94091,14631.863907559897
105502,15635.700525787655
81212,15880.067911266218
78477,17163.453998507513
86344,8252.035000778844
87337,8919.919448622139
83364,8660.61316586105
105029,11913.06675916714
84927,12424.33534416594
92467,15329.040173658284
77390,17236.576276860273
91159,14766.353293812717
86919,9070.919406493
87364,11543.22110797527
96009,11756.948627011458
80050,15565.506678725164
97335,13631.090005916172
82533,8249.473950918511
88494,9216.4675987207
101773,3718.0575554663046
84410,10842.279719297314
90583,8387.307067868345
97361,6796.969281803349
101276,8382.343357620246
92452,14696.4202509951
107354,7744.249411041989
78584,19613.67775259803
80128,6501.600199028663
88645,11608.640315819193
86622,9189.052077633167
81676,15362.431522296247
107409,15250.020073200376
101162,9491.307078100184
107883,9998.607470108203
84824,9101.794968636646
96253,9370.668636663158
80764,12807.958801855848
105145,13264.897650071403
76292,15047.657004940687
85405,7624.849539333566
105373,15849.099550806313
86540,9785.050774041576
91362,16908.531504157865
90075,9547.692960721128
81886,8705.708526877617
99080,6446.0938593137325
105235,10601.214530615931
96437,14201.208915664414
83205,10208.122161795556
94569,16994.526802315733
92687,19201.871740826056
85951,11680.511684726083
84977,8851.969527440895
86143,13847.144984319348
81763,11325.069517114573
92970,18882.521619084127
108286,8747.542777862573
99395,6928.713581615815
81779,15381.691497051515
82131,12197.18923052576
77833,9259.765987245595
91949,21393.162000053133
84571,10101.838585198464
81403,19393.87779143115
86275,9864.438438327114
98103,7414.2920492600315
96519,12666.703657521337
102141,10072.617842764163
95016,15760.017222736822
102800,10748.265063891453
102275,8995.028091705724
79437,14023.182327195356
99129,4356.388035059053
102738,10068.134044197068
88502,9788.293706036584
83847,6942.504207427254
82098,16295.087584795334
97608,8747.911169953084
93635,23412.81372932733
107415,11909.34440741225
100604,6610.096621356064
95825,12267.808873101842
89837,8194.407083594733
90563,10695.74573418596
87183,8286.904411717407
82030,12294.36187153567
100952,5987.894961623943
88907,6688.589914703141
108136,12290.533133318746
99824,7504.032768552335
108052,13650.90908881999
86157,11478.322012971998
95635,16590.902748037493
76024,13813.83608200662
92449,12247.795584900874
101870,12545.686498076895
85896,10191.232816525167
102465,6163.008205422867
80302,11537.962949544912
104316,7385.464960187555
95294,16371.967373249523
106995,21148.458134108863
86510,10209.689710282877
87250,9101.794968636646
86483,14172.44116641745
83417,10101.838585198464
99580,8964.107831037021
84527,8232.831367286757
86193,9814.448966301481
98832,14549.458814358903
89427,10101.838585198464
105172,9076.674243507978
100800,9647.987633675408
81313,10788.982008785386
98110,9138.367319083096
83944,10075.169409813876
91420,14322.29639702385
79842,16018.273368444734
98350,9280.890273262394
104288,11446.004428156222
96086,12057.120056774213
78566,14838.37642324019
84457,11939.720901182718
88685,10128.933001251711
87157,8286.904411717407
82023,15631.662105703903
95492,16613.275842571406
84139,6544.912414423834
89309,11478.322012971998
85676,7597.319667437456
94553,7556.896344347571
90271,6594.57125484687
85678,9310.881123944462
86238,7818.11395562249
104335,11682.47345006399
83609,11007.39005108892
92930,14736.70590581905
101478,6958.18720195653
86537,10067.614101616105
95350,14484.792154969302
89176,10128.933001251711
89383,9307.519115278817
81369,16885.28142609393
96749,6785.263059029057
95414,16734.28106034369
91568,16806.309208306113
92425,17594.593731886285
107079,15284.936472921407
93550,16590.902748037493
78972,14838.37642324019
80719,8477.912588480604
92919,14896.704260070419
84505,10495.299619057827
103401,9857.535127662462
97516,9798.087174104528
91738,11492.563763024948
81664,9299.008036289713
108017,9076.674243507978
94154,12244.457280552851
94015,16920.405094800386
78990,16799.661353750875
100198,8075.801882156311
91258,20857.941085843024
95886,14831.60473945486
80048,22225.871591995558
92615,15011.378923214872
92333,16725.87372033563
85637,6195.079933413149
100681,13433.834126883077
86280,9720.762811655888
88934,9151.014332579907
102926,10202.81177163372
88415,3868.095164127519
108063,11222.198050531108
103273,8995.028091705724
79468,10545.704195383658
91285,12653.714723460866
99111,6932.263837229764
90686,7689.571486360574
77458,14716.935573157736
103540,6353.77323635742
98158,11257.421123797229
80240,16592.248493106337
93032,13195.258247964177
92380,12018.285919083071
91853,12608.68403892573
76049,13750.766007004573
98852,16405.204305896626
79019,10554.643499433249
78009,11952.42153107702
79038,13846.765044063073
106404,9160.77726225679
100619,4718.10005828675
82348,16107.30049662632
83844,7844.191672941261
101370,8992.217432538615
82900,10139.359064231416
77014,15739.80746542852
94704,17182.975370236363
105395,13652.890874879373
92471,16862.697495236564
82964,12150.917771113685
80223,32064.559769266714
83523,9393.7608702345
84395,12643.983256807467
77474,14517.342841841475
94649,11039.572090945123
79826,9007.26734891281
81786,14417.079567070714
106749,12688.139612365001
94115,17845.59640587064
103835,7863.77131706101
83617,10892.785577887082
106555,9748.462207246415
86868,9430.342897106566
105245,9073.838075360385
107495,14130.692513520673
79571,21281.689992349722
100328,11368.607843514521
77453,17000.703982607673
91473,17308.471106336157
100493,10245.84687945897
83383,7438.29452874029
96482,11587.446227342482
91509,14559.77048920966
92051,17035.785250101268
82251,11945.787637941818
76054,9837.652192278652
105927,5504.47350610487
89426,11954.402368662097
101006,10950.185500755104
96504,11459.295269651413
89053,10864.028483954668
102578,9826.888854493249
104576,9461.788711357753
94137,14417.051973190777
96387,8506.076457184194
106040,13040.808218577367
79795,9847.617274770659
102216,7773.280983291261
106933,14248.718594834618
87217,10405.599868311378
98953,6446.0938593137325
106935,11690.207016055363
108160,10465.425566218064
86220,10864.028483954668
81017,10684.386564424429
90319,7236.029769584102
100847,8212.311263050506
79811,13342.860332166889
82324,16879.49158169597
79204,14084.707396272042
76561,14295.029232559016
90313,8116.9747939018425
94271,11149.628709541515
99090,6446.0938593137325
106261,9606.521660346829
95699,16972.96752461706
101624,8305.309123015148
92096,8605.137788752661
104402,14607.623334667249
106877,5011.130062298111
95341,16994.526802315733
79252,16424.916174480895
85039,8442.352788642742
95172,13140.936677250387
91340,11899.275059046498
91584,13758.286997185905
104972,11976.812795177968
80896,15747.225699422417
93083,13636.901186445413
90855,7340.751139233202
78320,15226.42442120495
98584,14753.93220679589
97117,11751.50997637834
90267,7439.611403546188
104276,10460.034466839557
93771,12063.318720777745
100654,10155.070967219604
84833,10208.86181848286
79006,18387.780229043365
98734,6930.879331877022
96686,14613.236666601208
81262,7823.390485928941
104374,8735.519678965697
87939,10379.308676058849
85868,8286.904411717407
105505,9514.503788982005
87999,6424.871765531134
84535,8286.904411717407
105765,11222.198050531108
77591,14716.935573157736
83018,7463.8564495408245
95281,12753.943373554372
104629,13275.371269945905
80247,13552.45051739367
98202,8669.908455663834
89361,11319.149885797944
86384,10025.306415598076
77923,12353.101374037202
86901,9307.519115278817
101827,11365.819387838204
101756,6958.18720195653
77041,16210.212645511338
97753,7509.347898043512
95848,14322.29639702385
94827,17235.653025349755
78247,21428.116971231986
87132,10842.279719297314
88911,11736.497883020265
88418,9371.345465271661
77238,11302.870481489736
88359,9281.259001915178
78818,10432.601012881665
95395,13016.527628213082
103416,9939.007095532379
84747,4133.661829621403
101608,6353.77323635742
105437,16581.94998838074
76320,11389.975232989545
98937,7036.452146646934
78233,10181.489689741322
82250,12944.20090866033
96164,13959.07547564937
105298,10443.901722202725
85892,10864.028483954668
93834,11247.585026519939
84717,6053.7726488871685
104176,9782.14946260263
95319,25372.97602781622
85002,8153.014621535623
91460,16590.902748037493
86992,11007.39005108892
76228,14420.75832875336
105611,9339.539654189928
83256,13649.995346514292
88943,13686.783405925318
77394,19317.588292487606
100873,5248.880947795406
92464,15984.179992679527
89315,11423.736725589659
92773,44514.19589093104
82489,6035.819954219489
76219,12270.079075327734
102904,9658.736327138919
91039,21425.581679214527
104890,15955.490613277312
99922,9103.294016233112
107007,11224.758183939579
90649,6282.569498272078
90166,10292.355270472166
90837,12929.040543624023
84748,11077.009435630589
101034,8995.028091705724
80579,11954.2942909271
103124,10234.455815337276
92022,10929.610017550145
103382,8857.707651145372
104089,15143.837955784898
92089,13453.177337041163
106395,17994.39516490056
76012,12934.630187325523
90152,10171.319358602394
85524,10262.463063033472
95337,16379.35867322462
101744,8749.19402774781
105820,11444.55657508771
100587,4141.233140034148
95224,17481.216993600454
88607,7707.28444656348
105741,15204.303459792181
100550,9450.023212624319
80543,14296.838536084408
96731,7784.921173060441
94235,18260.93949436923
89536,10146.424464848238
104062,9298.972475613034
79870,14070.008038334767
90961,23412.81372932733
104757,10440.638386597726
78702,10403.281972165902
82823,8863.362296009316
76387,10066.529758003458
83860,8849.203564539848
97853,7836.038478519546
96491,18414.497078641612
93018,12305.066538326273
105464,13434.713761075503
91589,11926.577054606527
81040,11298.6511640436
101726,5548.123395630615
89843,8878.157954365428
82306,13286.990009006022
102706,8682.26877229802
81905,11110.150014288725
99194,11229.773786670374
84038,10208.122161795556
99179,8308.344647199772
107945,10371.636012483546
107187,13443.891402923711
106729,10224.092213231808
76009,14290.562676295947
80160,12536.243146786785
87798,4386.866780450696
106779,9049.94277077537
87694,9088.43683247935
83225,9659.556699574157
82371,15508.777075481003
102154,8873.055213778525
91905,15254.946418061432
91831,14766.353293812717
96829,10338.721884783923
100724,9694.703106271116
98429,11214.338231316631
98046,13157.463069643285
104025,8955.300638688039
104930,12533.926148297931
97711,9243.613093047737
87985,4381.880972871996
102005,7673.343099826412
93141,16013.157523956528
93564,13374.962202080864
77719,15457.341508931884
99873,8696.363745423912
87053,10842.279719297314
96789,9086.831723982401
107871,13738.134469178733
107192,9076.674243507978
79928,18008.349178286415
107669,12879.814703181604
79401,16819.272283320504
95320,16613.275842571406
94864,16725.87372033563
80654,17071.157320574515
99193,10876.76852146625
84375,8541.364067927685
90211,10959.67585425692
80720,10687.739801974649
91902,13684.015484284091
82275,8887.489423071693
81465,15174.171388087174
93508,16019.741665255728
88780,7055.79834248176
92268,19784.271014800728
87172,11771.334047438722
106818,8088.461813964372
103457,13781.15664678633
86080,11319.149885797944
107319,11976.812795177968
104533,9154.18558075037
105670,17280.518339801514
81801,14422.469774405177
86611,10864.028483954668
103251,10885.890796409785
95313,20284.663061969026
83324,9010.250642296862
106920,10443.901722202725
93607,14664.915382517062
82902,8660.61316586105
98295,9753.009364982834
99592,6930.097654402915
83209,13722.04641302632
100342,6220.1166325113645
100059,7430.015351339988
84964,11458.917879732828
101150,8992.217432538615
80834,6255.286206817695
94660,14736.099796744515
86817,9430.342897106566
82881,10325.518904645747
92477,16972.96752461706
88843,8970.387163800977
88409,9727.463867296718
89464,11638.347011116417
84554,8863.362296009316
107456,15283.558520503755
105815,16198.487142605994
84223,12612.123438607303
77230,21514.423153737975
82653,7888.19662782758
84903,13239.09406509312
96636,9375.347800626652
92293,15766.700510282622
76243,9381.808080860026
78795,15939.14292133548
77946,26933.94376419478
108033,16205.686132053484
89601,10607.39561382209
90606,12823.303320178273
92249,16734.28106034369
92624,13499.884317424207
97695,9252.554288081385
78743,19583.033479884114
99859,13063.559948512217
78302,15642.176732361244
99986,10517.577706755146
81908,11021.178771388706
85440,8442.352788642742
91412,16994.526802315733
83964,7910.515677290869
77867,11085.21017546036
98287,9354.7857276868
92675,6411.020613045044
93893,11065.5153245735
93828,16734.28106034369
107502,13316.129707694732
93726,11170.892508215968
93097,11660.774118854199
107762,13264.897650071403
93545,14385.458098012894
89831,10695.74573418596
108065,17958.03458469721
90388,5963.157429596593
82017,15445.696439302792
91025,16019.741665255728
96293,10423.493975202686
99187,6932.263837229764
98283,6429.296977279489
93590,12659.383462627517
105510,8426.596172296171
81365,15874.76132429648
105805,12462.385457593708
95866,25674.460453850043
99079,12056.51301699552
95673,11323.029062454969
99311,15209.163961715756
86145,7384.963676235023
103531,9856.170915250006
108261,16550.324828707056
85582,6688.589914703141
85281,7076.109048639779
92591,23985.905321071477
97180,17835.855826403043
105998,10516.517212042709
101355,9262.616641324455
104286,24696.789871079953
86703,9189.052077633167
76535,9381.808080860026
86181,9010.250642296862
77004,14095.463387603093
99367,12195.370860442861
106001,14211.547229669364
93179,16795.447081256665
83031,8056.780265165748
86572,12550.348844652075
80350,15680.199649843302
96375,8142.068974379094
102219,6940.4481358163275
100942,10818.611748515326
82949,8851.439074840217
104083,18121.572672127135
97140,10617.173277471122
96421,10419.463821239235
87075,10025.306415598076
106419,14138.06595828883
93602,14952.943987265564
77222,11298.223176166892
101712,8339.261833954026
106666,7200.098714817538
87295,9867.521693590565
89044,9509.539107981405
106433,7151.944121787461
94575,17057.181732985977
107025,10150.558515288632
89318,8413.215238035427
86030,9710.619479500358
103483,8915.97313835096
94536,12571.14119542081
107058,11913.06675916714
87031,8337.39820506089
100119,9239.14995510431
105938,9232.482425198768
89724,14574.29530068167
99480,6930.097654402915
83017,8640.909586232727
108355,5504.47350610487
94711,13374.962202080864
95759,21309.2793571763
105168,10944.56606814994
93791,16268.875802088163
85850,4636.176588262774
102333,7413.723475372383
104407,14749.940984015439
98798,12060.189510592218
89284,8971.00896541581
100823,6305.894650740928
80514,12185.784247644146
105308,11512.865741489362
104612,16370.805152321414
89638,15491.059173773574
93794,11628.53600001838
83933,11805.43974863618
90413,9838.559599077726
98929,8688.750993193687
90959,12826.840574073934
83414,9814.448966301481
82228,14014.31618473521
88669,8637.62080884813
106815,14387.768847127049
84567,8059.852138716996
91328,16734.28106034369
105740,9339.539654189928
96452,7188.985483285073
76038,14205.31851013137
99940,7526.041374855437
102377,9778.449906153888
105229,14814.980405036997
82158,14864.199835962514
104844,12704.1886735994
101203,8995.028091705724
95222,16557.800563210585
89529,15133.788119281797
103230,6940.4481358163275
100692,7501.4505891355
99821,12760.669639519125
81086,13533.773779770405
89399,10176.268857921797
102445,7545.161491092144
96444,7110.305870912557
83485,8602.562772744996
93778,17648.831096455036
100464,5997.612149209641
99865,7989.674613148963
100107,12545.686498076895
83973,11736.497883020265
92032,16232.272005247287
94017,11227.51075835278
76046,11005.152586971944
77816,11369.642800630854
76743,17556.176685488183
87201,10075.169409813876
90652,11249.20389266016
103448,11055.189833746783
93642,17829.816443857362
85409,12320.931830836125
99777,5901.200622670653
92216,12717.376676727785
96269,7201.303352650829
94298,12942.644833361303
106667,8947.579148404042
93716,22238.56425149992
95754,16849.9402211074
89379,8134.3476512841435
95970,15538.434524507124
81911,11794.833435478886
85652,13649.995346514292
107793,11695.490828148351
96389,15372.429570866525
80000,14724.029243719197
104440,11407.732818875533
92029,24627.984448589294
93473,12474.805958056686
90350,14700.732444701287
84947,10618.122342398854
81870,9857.422748117717
79936,13324.736594721233
79910,12487.5870829375
93467,18420.95695506252
80387,18403.74919691054
104360,11700.230217478746
93150,16620.94281610334
79119,16720.98703247497
104462,5708.102824206698
99548,14758.649002338148
104024,15477.065655358374
83480,11736.497883020265
92501,11288.332630236759
86740,10243.049874461874
82165,15714.281763147841
85963,12606.519072427398
79487,10838.905564397875
83245,9730.504313761581
102193,6940.4481358163275
95449,16258.480532180245
99413,7502.534086505249
77176,13082.26281289409
107260,15962.507125467
94187,16268.875802088163
85664,9010.250642296862
97886,9453.210181431059
85384,10208.122161795556
81228,15428.354035047318
81930,14326.349118085689
106627,21116.351952705703
88081,11083.470109145763
91651,12591.296154340638
98067,6071.371946138881
100814,9184.60017861272
77028,26709.840703504517
89853,6206.619817295618
92951,9338.856356325214
96866,14816.939990488005
77498,17977.900062017536
102959,8099.4579801501
103546,10719.522410826152
81127,12985.122300920559
88867,9077.76567890176
90099,7694.100178880622
81637,13440.852077751239
101995,7809.161009795561
92382,17728.151934439287
99078,15537.366659931049
93118,16268.875802088163
91524,11117.646569530982
105674,8439.250179464667
78943,8544.641212170493
99513,11064.131247650215
82972,8957.956738095816
92438,16799.692789056
76466,15885.439461014192
93315,17145.231787491237
84637,12550.348844652075
91553,13206.619661070481
92093,14511.033277189317
89774,13497.054162782677
86455,8286.904411717407
81999,16560.10344689344
83211,11563.918392411353
102893,6940.4481358163275
101347,9856.170915250006
102099,9778.449906153888
108532,11574.880487675839
94030,18690.522093766256
87114,7055.79834248176
78523,20213.46269087815
89274,12365.906194628957
103663,5767.420872596662
98104,9280.890273262394
86952,8286.904411717407
93621,12114.321432508174
90898,11853.469224843368
88902,12150.917771113685
99135,12911.18274120127
96645,10655.944659340257
89265,8442.352788642742
88536,11007.39005108892
76788,15277.865880308162
96496,9013.0975122242
83580,9814.448966301481
80060,17246.74605416372
99910,8434.375212969195
94254,16972.96752461706
98982,8950.871283581635
101182,8096.927126950489
104497,15168.560763388125
99215,9405.373027993219
102237,7476.349634538707
105340,13644.729347681023
98398,7465.860037574407
82895,7856.819794179788
84880,7941.322132410181
76633,18092.653174058287
98237,9138.367319083096
93475,12437.366977996944
93644,9838.874003289233
83331,10075.169409813876
94673,22059.864946002963
93774,14981.092601873941
94872,13189.938429942193
104642,16032.582192288983
105806,8732.790098880574
93351,14275.527226411976
99440,14771.403587082319
77434,9125.971353663626
78382,18358.210493082304
76269,15871.88895675663
94221,21094.184205837682
101103,7167.580121347789
92917,16019.741665255728
83521,10469.48913414224
83915,9189.052077633167
93502,13140.936677250387
101013,10155.070967219604
81762,12028.01546757306
106753,11587.906131737302
101173,4306.807731754025
98602,10150.76817440744
105397,10634.421354712576
97067,16973.459141917876
101378,9597.896939824725
101862,12453.802330257306
99039,9354.7857276868
88393,10536.622396243321
106130,13264.897650071403
85828,10864.028483954668
108231,13644.729347681023
104898,12704.1886735994
93112,10586.025702836496
89768,7737.44052058399
84354,12579.012823655994
100168,7476.349634538707
92834,13482.08397281411
99208,8686.0360252056
96108,10184.88510927431
80163,10013.533354478684
105455,10454.260923914657
80323,16020.325490579733
84714,11438.014517047834
92348,14454.650694127939
83603,12643.856742553373
103959,7545.161491092144
106728,11101.100837658963
78696,20321.990061391345
94150,16994.526802315733
105629,16013.568977763227
97037,11598.457782537529
92850,14871.394038570268
88432,9378.57629552081
77436,14558.835987849194
76469,5166.237402290548
102030,6371.7154123000255
87669,9178.009145214997
79981,13234.766888204778
99662,10150.76817440744
78260,13835.994108183584
94555,17981.301678558037
84628,9638.0199711993
87955,6844.712669471286
85130,8378.801752448186
76417,18511.996727250473
86241,8660.61316586105
84603,8378.801752448186
76645,13353.912159461
100195,6353.77323635742
77467,15616.978830454662
98126,13449.488822990568
98081,9696.926459809383
81234,17105.35434862962
87717,7740.261793604098
79724,19233.04518743776
78643,9827.058325475246
93113,17145.231787491237
100597,12545.686498076895
91190,14435.897187176637
89351,9612.775816917696
78056,17440.909276690905
76053,12583.653656543345
104592,9845.487458251147
105891,14096.226266647262
93731,15442.824145170716
90123,6282.569498272078
85669,7856.819794179788
90040,9838.559599077726
103624,7482.326736974034
82545,10852.150833890068
101212,9942.113655812269
76510,11264.588109996765
88673,8674.560104119899
107913,12053.089960506779
76619,13506.65197101817
98461,15572.159724826393
88455,5151.053464471004
94543,14736.70590581905
79082,18651.572714951086
107039,10898.437666696713
99565,10376.865064663198
85597,11482.360452963227
90908,15611.564506591003
103741,8538.748231754746
101177,10151.897871974143
100246,3565.3677795053654
84497,14175.009869241052
79003,11264.588109996765
78075,17829.2034997361
85527,9357.18674175974
99400,7143.147892470846
83118,9126.207405997451
106176,13233.896601378037
79864,15192.090473716982
96609,7980.999493361168
77968,12737.89698424474
105349,9073.838075360385
95787,14354.566825932325
86759,3870.4741547609265
80898,10511.376023132565
80948,12536.243146786785
107151,10552.81138624315
85395,8488.910397073834
86612,9814.448966301481
78951,17440.909276690905
79546,11750.69297563541
83345,13727.328849257103
107224,13400.191515428622
104509,10999.41899581736
77088,19583.033479884114
88988,9246.382097140639
79061,16298.559246552935
89758,10613.535678607468
79439,27152.37106481739
96411,10945.257511173993
102234,8527.16019313496
89720,9637.514812939924
99600,8642.017672946607
101235,8220.940481018913
89235,11007.39005108892
96214,18676.472713236504
84205,9973.351050199683
106816,16210.751223750334
90934,14945.947921005865
83597,12820.767372620354
90454,13492.836920541542
82998,10773.275890280092
76772,16926.09114122235
100571,6657.555412637481
76400,18414.336796023126
107381,13032.0570296683
93102,12959.736629687426
97419,8427.006622712286
98844,7504.032768552335
99354,7158.483484460836
90811,11245.688953802653
98152,9280.890273262394
90157,9838.559599077726
102629,10950.185500755104
102111,8992.217432538615
100448,8995.028091705724
106531,10634.421354712576
107493,8986.193077425327
87471,7983.466285682362
83607,9500.25235498959
95488,16686.421520004467
76205,18387.52997169503
95394,15739.405289539125
101050,5221.719076935026
98680,27097.156576019734
97176,13530.868278175934
104530,11976.812795177968
83396,4683.431619958839
104984,6742.63337640849
102081,8161.930795150397
91955,10040.408713829936
79996,25269.363306570984
107833,12235.216144522698
81342,10440.730614254278
104936,7091.639191751503
97105,9956.665262671051
96834,10517.046983106919
96402,10973.85074672459
106575,8746.451456969833
82857,7941.322132410181
105504,8190.285864982465
88261,9430.342897106566
99175,6930.097654402915
89160,10485.274887272759
83875,6942.504207427254
104695,11976.812795177968
84189,9365.545371821403
86024,11701.839457623819
98475,6446.0938593137325
79856,17209.14463929567
80385,16267.384672198263
78287,15941.6487187409
88807,10208.122161795556
86288,9141.568488080606
107610,5976.947916025589
94375,14540.226686522852
83385,11651.195974126256
96627,9171.077210072657
101257,12414.626332157948
91915,12429.098470306311
97986,12015.760208966218
80806,14622.472395607063
96930,10973.85074672459
89391,10208.122161795556
85423,2642.6657229525517
79397,19481.31835199906
102565,9885.478599411164
85590,9730.504313761581
81920,10286.680440372664
108098,14176.96244063757
91230,24714.085767878292
108021,7380.6144146131755
102554,9491.307078100184
84182,9101.794968636646
76770,13123.0139016023
77856,9706.099022807748
94249,13374.962202080864
94729,13651.757717477181
77171,12751.352474619132
107487,14652.500523082219
78766,16298.559246552935
100849,9523.261277136899
97721,11286.394239248977
92837,12868.120337903038
83099,10542.074737541247
102521,7773.061216244237
89738,7694.100178880622
84234,9077.76567890176
107428,10527.364314136159
93895,20229.22595011816
95662,19604.656575075653
80328,14855.121103968713
103054,9595.226134856097
104950,9292.57262318376
93125,16994.526802315733
77393,26618.52125155142
81178,18215.868749482594
77207,17774.160067712033
98648,8285.821812868375
106065,16281.916008617272
85228,11079.142541360741
92787,15487.584487163247
108462,11971.101961671111
102896,9253.070952392256
78301,11448.629998043934
92584,7148.5901157461385
96414,9013.0975122242
101267,8995.028091705724
92934,16268.875802088163
80206,10377.499934354115
76657,11984.368467473261
99365,11124.389132037933
96142,17481.248009205225
96484,8959.587607526275
81767,14381.666259719459
84926,8206.720898503638
84961,9719.374588822875
97487,14816.939990488005
86753,7707.28444656348
76410,11814.78763239067
103512,6357.2707406410655
91899,15703.283409767042
82404,16554.481093890263
84598,12692.98513918135
95115,15702.019283400808
92544,12772.945321285037
94011,13028.901381940484
77265,16658.6559681625
103378,7491.38739728547
83828,8940.430175947058
106142,14457.996215940879
76564,17492.580564532997
93718,11180.51102913152
81110,13083.395443843889
90753,11420.370882140865
86557,7345.409754888394
90778,7378.701851989436
77313,12506.692709655568
103914,8859.185283803155
86688,10818.10629148465
102878,10950.185500755104
99734,10671.649025931356
91581,16469.74175615148
105434,9076.674243507978
89221,8940.430175947058
84974,11007.39005108892
101055,9130.977533255955
80952,17659.018734461777
80861,11572.852831967959
77446,13332.05588606964
105345,11222.198050531108
95204,12669.407536985289
96228,10217.76190251892
100840,7770.930804896709
90096,4740.0997205934045
97213,16596.050026398614
84188,8967.584203281447
96571,15827.105156271196
77068,16158.164503258002
90711,9471.082645593568
89855,9610.399907621357
104858,9637.531680569102
95897,16019.741665255728
81849,14337.894599588593
106143,8722.934674274922
106333,14164.324349343355
107165,14945.435613236827
77133,9953.012961246497
91788,17910.120216343796
91418,14035.454034983464
100158,9491.307078100184
96982,11691.354468121988
81275,16885.28142609393
78741,12037.091299490636
104961,10972.537770397903
89332,5815.080373728075
77546,19464.545828551218
90860,11344.850702909918
79924,12421.637891134947
108433,11441.924724789093
101702,9663.151982581536
79340,20185.83832305441
107333,9505.245928965714
107963,16210.751223750334
89408,9010.250642296862
93686,15154.28821815363
96129,10803.18991357329
106156,17280.518339801514
87515,10025.306415598076
92980,18636.420949585332
83982,8153.014621535623
85504,9189.052077633167
108354,8460.819476424598
97260,9198.374355050153
95437,15984.179992679527
88483,10864.028483954668
87959,12983.087019799073
93858,12218.261611527114
80968,14204.110587651325
85754,9867.521693590565
87723,10904.17230107257
95880,22135.201364354692
106868,9782.14946260263
93138,11309.030020220958
104747,11441.924724789093
94889,15519.21030905713
84681,7992.6438162243585
98538,7143.147892470846
77073,17260.44010094606
106730,13264.897650071403
79208,18177.558072936048
100127,10248.804775343573
99655,6932.263837229764
80695,11096.252365994587
96818,10299.27913446316
101382,6940.4481358163275
81239,12710.11933951349
91299,16258.480532180245
83005,10864.028483954668
99363,8946.36740914483
76302,14328.92476893122
98317,14549.458814358903
93829,24714.085767878292
94188,16895.475713493106
102190,10520.865088282193
94901,12079.94148273307
80495,13674.948299146914
101373,9533.224234626086
76822,10066.529758003458
105052,12539.593176001701
98580,5901.200622670653
94567,14446.644637518779
95144,12137.451350444246
95559,12611.080652967425
81580,19945.555371429782
106874,14627.165718381402
79121,17800.33170285356
77257,13859.718543333393
87589,9892.426226071593
84579,8181.774977868894
95950,17424.924762121518
92510,13945.996947665564
108139,12586.935853743023
76182,18873.610513300246
88687,10208.122161795556
79244,13081.562755484303
80690,17498.503770861265
86259,11206.072253511273
76977,11076.35105499119
95716,11838.054669964764
97234,10982.33377947832
102608,8491.00533703265
105976,14801.630206722439
86505,9221.846086693522
91220,17440.816113585322
96558,9038.598979323235
87444,10128.933001251711
87498,10096.068258343957
102631,11472.053198429705
82185,15171.578985845656
99403,17623.978451595558
79515,20256.26467952369
99088,9351.526165809319
76226,14493.778968071032
108382,9348.592818652864
85313,12643.983256807467
94499,16908.531504157865
99934,6940.4481358163275
82376,12320.16747677293
107765,17718.83883638878
83605,6424.871765531134
77701,12395.2354872351
94028,13875.306351940788
107523,9431.034304267521
90650,12553.509050883538
87414,8812.252817306702
100055,7702.787038310623
90566,9607.396985778087
77944,8231.699567451884
104365,16148.878113129551
100010,10631.425812337571
97116,7815.350495442643
92053,14535.091648289761
89028,10744.411107776727
97021,15827.105156271196
76667,23024.896290139015
88020,8970.387163800977
94877,13400.4696218642
93946,14322.29639702385
107829,14020.375841078609
78257,17362.56893578835
79067,13835.994108183584
77650,20315.640481583807
78087,28883.863167619696
106695,11090.697220791697
94630,9071.091686871912
106256,8728.901580221233
95601,13684.015484284091
105796,11697.75468410823
102585,8995.028091705724
87265,8970.387163800977
81014,18270.54095197026
79536,14337.894599588593
103430,10950.185500755104
95642,19653.48745525823
85927,9148.154938109463
98965,8308.344647199772
82285,14422.469774405177
88076,7463.8564495408245
87977,8863.362296009316
93013,14676.031555729565
86356,15981.94775410472
82657,4029.775315812215
104960,8967.103094003216
84159,10075.169409813876
102831,6933.45413100274
99907,9184.60017861272
95588,14540.226686522852
87604,10208.122161795556
104688,7714.3155299398795
78457,17829.228652812537
89007,11835.720541007746
104449,13264.897650071403
97888,15140.667112161278
83178,7707.28444656348
81940,15573.322291011611
103932,8424.960201416126
93309,17325.159403697675
108001,8947.579148404042
104771,7942.896398660499
79382,13238.467357161704
85883,9571.883748708951
106425,9637.531680569102
83165,13847.144984319348
105632,14971.87638566227
77132,16772.491679443418
101743,7482.326736974034
103628,9526.237903963669
90647,18361.14597707589
84997,7670.501212723698
91158,17453.444187842877
102727,7964.197452731371
83926,12983.087019799073
105492,11976.812795177968
84091,6892.822030150599
90093,14805.799459098063
97013,7489.522303127494
97421,9977.94208286841
93503,14688.885680885935
89921,6300.346124341108
94294,19532.831803944126
88049,7076.109048639779
87152,8977.779651910956
100030,9467.926116529452
81887,15086.21309135714
92813,20091.946309694107
103849,8601.864866030237
81370,12888.423030813818
100077,7068.6968780813195
96215,11555.063859854532
99477,9450.256370900086
92453,16357.673396093182
79103,15218.312898902162
83988,8970.387163800977
82753,9189.052077633167
88096,13847.144984319348
82591,12824.999436934544
78600,10343.239361386592
96130,11872.478860448642
86532,9035.12166564703
78212,13231.741445050055
103099,7900.760237823757
76517,11211.602596171811
85372,9973.491764561119
87192,9430.342897106566
89912,8298.41183109531
100674,12408.958523758743
78362,12299.481840437686
80234,8441.575737878522
103492,7481.045211909178
91876,14860.819256180863
99906,9970.484524333577
86556,11007.39005108892
95439,15984.179992679527
89552,11439.022432596408
97510,12364.925884216884
77027,15829.965690754856
96651,7552.886144350905
101124,5586.47392900969
81564,15547.13695649634
103834,8940.790913021827
106120,11034.924845043979
108302,11266.454792481609
95258,16882.67836002394
80241,9308.36275152891
103079,13021.874950811
107671,14668.654547983679
105451,9345.671694074705
100581,7455.9245191318305
103200,8116.981116317635
107958,16921.028777993175
80508,12571.926825534163
86519,8970.387163800977
106014,11695.490828148351
88647,7552.163262869377
78370,14517.342841841475
80157,22908.849423354062
78549,18395.201718023713
78346,12246.004588497952
102025,8969.795914617951
102642,9942.113655812269
101566,9942.113655812269
105090,8088.461813964372
102879,9942.113655812269
103116,5349.627497227249
108181,13657.93463991337
90077,8194.407083594733
87209,7055.79834248176
78488,16049.64542754955
80235,22387.381577708406
100754,8269.389272191793
105566,10352.462556786288
92772,15649.339497493213
91123,19230.524657887196
81751,22021.94505284709
97826,17852.899342719393
79668,13142.424356773296
93067,8707.77335941429
102583,9629.231596658106
107690,13260.752941266583
87693,9101.794968636646
80476,9954.4346808228
81846,23718.467415045667
104885,10868.181827058163
97224,10529.023250008602
101301,11314.668169009074
77468,13865.996545632905
102865,10885.890796409785
89933,14810.427042824098
80064,12422.330582874209
102316,6305.894650740928
78861,9837.652192278652
96856,10168.322018759865
80901,18143.55375670973
93880,5480.376975614691
93155,13669.86401376834
95490,16268.875802088163
81179,11144.856380251302
105515,24765.600023904266
93763,20538.53641761608
79292,13305.3247816657
79547,24882.40828451626
76889,13362.937703547132
92884,13385.44719057741
100959,8855.154923695845
103931,8825.372833641217
87109,6459.619154937034
85670,10430.383166448202
106941,12438.790114993733
82237,13887.619200785735
95369,12107.531650553628
104098,7404.759493709837
88392,8849.203564539848
79992,14398.54897928298
91429,14688.523686731622
93131,13143.92788569455
102287,9626.222791167216
93988,12577.342977402692
98533,12619.20501220446
82402,16404.012015211454
100838,4172.409836430815
100418,4544.938807791816
78723,16155.92721646938
102054,12651.549237010888
103873,7545.161491092144
102429,5077.266172741796
92423,13669.86401376834
100306,9679.216503613734
95398,19214.164534139145
98509,6429.296977279489
76571,14506.398585811956
99096,9346.349392392316
79974,19794.478201429094
86070,8236.773499781542
106407,13182.000070556092
107921,7376.810574329219
99358,5901.200622670653
81645,18270.54095197026
82190,17504.55923174693
104692,17829.622582293603
93221,12633.20051995344
100438,10950.185500755104
91444,14860.819256180863
81053,19633.358033297412
91363,14766.624822559663
106954,14054.173361643174
106654,11479.691683296729
99522,8688.750993193687
87009,12115.035648731951
87909,8660.61316586105
77419,12588.88054224597
97652,13460.598763548927
99779,10352.875569352487
85584,9814.448966301481
91829,13547.596508139044
88101,11594.127661230408
100556,4034.805283974108
90352,7700.967901027115
83282,13256.036959772366
83007,10566.536229411067
108313,9345.671694074705
78810,7075.832293203442
98828,15896.486416701213
96114,6319.899525661224
79191,14401.812470203036
87297,9194.683980419228
95877,13065.36177039509
94139,22135.201364354692
100850,8161.930795150397
94945,27155.21066840227
101089,7334.006020145506
105691,14724.20992115309
80668,11188.284031078256
81214,19032.40023078013
87518,11223.468272389926
105030,11444.55657508771
85923,5872.712756677801
83311,12095.097044935565
98855,8285.821812868375
104159,8088.461813964372
82779,9189.052077633167
107742,9339.539654189928
105468,15701.52253118531
80455,15508.137059951894
86388,13240.049635968428
94821,26968.69350342486
103268,9595.226134856097
102051,6890.983241160934
105353,14991.742040798244
80456,15004.455002845176
100987,9597.896939824725
91198,16994.526802315733
85153,10075.169409813876
103654,10114.373090980504
108172,9160.77726225679
86497,9069.863048423143
105311,7714.3155299398795
83207,8378.801752448186
103088,10185.121501980664
80581,16629.41530211165
94590,15150.623310780678
92857,14203.40730539179
104990,14122.973622763675
106022,9160.77726225679
105717,13327.557612475835
93403,17325.159403697675
85166,10075.169409813876
106430,10443.901722202725
99092,13189.976610051195
91093,11323.029062454969
88851,12612.123438607303
98289,16794.00346055289
105096,17994.39516490056
77047,13123.0139016023
104430,13345.83529873879
89790,6849.296153650295
95496,18636.420949585332
99397,8669.908455663834
98691,7094.505758855379
76750,17269.88789764484
96768,12554.640285173702
99671,9317.576884798662
100893,10520.865088282193
96376,4383.921421887974
85359,10864.028483954668
85526,11225.127138110272
99471,7094.505758855379
100718,10950.185500755104
100408,6165.543942102686
99396,10150.76817440744
88571,13430.1147525783
82056,18554.676647981083
95339,21796.238517511752
106966,21148.458134108863
87419,11007.39005108892
107951,9500.5090755514
89086,4980.789309193103
81863,25269.363306570984
85352,6668.754956042434
107573,9222.211529361723
85160,8821.556271982674
86447,10566.536229411067
85129,10842.279719297314
81978,13238.903475562654
76538,14865.202143641416
96475,11789.635153802354
81872,16691.60032603877
100975,6732.0796534727415
89846,6794.577739943381
76813,17799.54164171748
79861,8666.82155167887
85807,9142.06637019068
100520,10950.185500755104
83614,9043.312075509144
101194,11191.045823175607
78639,22004.78413009927
97237,8064.796653167957
106299,5043.780709798494
88307,10119.529603554736
85314,8378.801752448186
105736,11695.490828148351
80065,8675.231394737893
92131,13547.596508139044
88644,12550.348844652075
76738,10822.247219001632
105697,11595.838918004956
87316,8466.791280068126
98209,10352.875569352487
96229,12608.959755298225
100262,5586.47392900969
100999,8149.665090785931
107614,8735.519678965697
80838,14347.927700683544
100986,11071.613641739214
78593,16877.60997110649
100441,5445.355507718096
82682,8637.62080884813
78999,19953.87915653881
93261,11980.746913069488
80075,18306.068621392395
93655,18633.09113540407
100596,12545.686498076895
104232,15168.560763388125
91804,18804.351324509647
77995,11389.975232989545
103787,6353.77323635742
94205,15224.262056086469
85358,8851.969527440895
78658,13846.765044063073
104647,13123.462711174907
76044,15583.960652719688
76998,9837.652192278652
90687,13689.112718980603
88724,15192.168202191131
89881,10219.493901456906
77162,14689.09842474543
105640,10527.364314136159
87663,11889.203914924323
79472,9646.365138892792
105402,9073.838075360385
93024,16268.875802088163
88764,11413.149038770502
102845,10320.020267970904
94779,12798.591770597506
78682,11218.407811341001
95089,21628.93234916398
92437,9925.112404921962
96574,6787.3839765561115
80215,7877.649831256829
103217,8099.4579801501
96957,13356.393553290513
77332,12149.067202069096
88904,11701.839457623819
85813,12150.917771113685
90079,14035.036873746354
106345,8460.819476424598
93236,15073.872637455574
77551,17977.900062017536
98682,9034.831639921911
77482,18812.16480267814
106734,16168.294386349267
96167,11727.226839676785
97901,6932.263837229764
88753,11889.838608526386
80085,16982.54642689853
101127,8800.788932575493
89915,8801.837377359114
77818,20440.600332965925
88216,8442.352788642742
88372,10852.150833890068
83811,7941.322132410181
82936,8967.584203281447
89742,8916.635446304192
91673,18640.862339442367
96257,12148.902489018656
87975,10128.933001251711
80305,18355.371936482297
103204,6325.093916179856
87651,8970.387163800977
97692,14698.340611111122
79587,12651.775435470143
78081,14218.082000864528
90382,13490.901666132166
101784,10684.938635358876
86751,8378.801752448186
83746,7231.22360431783
107367,15010.596471171953
102824,8768.138180480844
88861,8378.801752448186
81296,13188.736618600047
93069,15447.650818853906
87324,16119.249391208803
80156,16107.30049662632
101653,12545.686498076895
106220,8460.819476424598
106598,10117.89793530825
100402,9336.457256959715
76609,15867.409702846498
84956,10566.536229411067
95576,18976.456349236574
99581,7695.4436694215765
80485,16201.249431966076
77166,17712.143599242987
76018,9259.765987245595
104735,11101.100837658963
93333,10750.661620773999
99795,9035.819284360847
89839,8291.668875807849
82759,9025.045054016613
78936,16941.66493340425
85749,10075.169409813876
103893,5248.880947795406
80488,12895.545561856206
85554,9977.650561488088
90240,10219.493901456906
106288,13769.071945997981
77948,9381.808080860026
102329,8164.607714693553
100162,10209.685787331659
88576,11007.39005108892
94039,13215.286432876212
94453,16268.875802088163
87879,10321.32220987262
82862,11680.511684726083
102535,10950.185500755104
105231,10302.705640376138
101295,8374.84135457433
103639,12545.686498076895
100996,8779.423067605447
90885,6849.296153650295
98058,6446.0938593137325
76405,14171.244577976995
81140,9509.514919275636
106762,4854.984394969942
77805,12950.688991054183
91903,16019.741665255728
103506,7167.580121347789
99841,10710.042791223204
86237,9393.7608702345
76010,15912.667779966328
90547,11067.250726709419
97073,8309.001108441666
96345,13993.045261078596
104803,15636.714246249061
97547,9086.831723982401
80566,17844.984384748175
76686,16571.81381623397
76532,13174.002533708264
95342,13833.237106215161
89227,7856.819794179788
100141,9184.60017861272
78308,15548.068266722206
89064,10618.122342398854
80510,13600.669635299824
88585,4156.018196657639
104610,14088.728768131283
82104,9500.333486317919
82975,10075.169409813876
89065,8674.560104119899
101733,5721.586046219393
96657,11245.934891556399
86410,11007.39005108892
97079,9370.668636663158
99980,7501.4505891355
83405,12099.574151454566
94937,13404.848483628111
88990,10618.122342398854
100897,9270.753009540524
89852,5252.0031067152195
79720,13326.241848681839
87573,7846.643538478685
77570,23032.964007977458
101535,6306.517703699551
106853,18653.510781719484
90614,12173.945819526838
99883,14686.531786734666
90053,11850.401366442351
85345,6844.712669471286
107848,8594.669707473848
93445,18074.95746406148
80275,12613.350522103103
78979,12733.091466706846
102516,10601.040372107078
89258,9367.25746164485
107117,16198.640877804386
106721,6615.587206812863
92982,21380.350366070237
83496,8463.398731665244
81803,28603.87650323807
106993,12472.448274126378
103294,12651.549237010888
94098,9336.054980279961
77532,10298.694776975717
89286,8970.387163800977
89501,8479.956876607353
95186,13374.962202080864
92283,17594.593731886285
95290,14712.59404886058
96893,7670.10429274805
100971,8702.539572340307
78080,17528.867997100228
99131,12331.373042317238
108281,5713.424523637867
100144,6888.149382342062
105273,13969.688677447646
87851,10269.669244482775
108128,10243.188198755566
86420,7740.261793604098
88534,7516.861479614891
91836,11806.894562958898
105068,8460.819476424598
89909,11219.893268095075
83912,11409.19869142934
92078,18172.957330640966
97169,8885.1393317608
89505,7343.857402196216
84000,9401.50851601846
95770,15854.351192960568
96966,6377.691172962751
99958,10245.84687945897
93263,16734.28106034369
85201,6023.466011961192
87858,9609.772152761147
76733,13819.258126379478
95475,14878.86927127105
76959,11389.975232989545
88587,5815.080373728075
106240,8054.635790104952
76297,17648.22776799424
96655,11565.73473899495
97329,6252.212478186854
104459,10352.462556786288
86218,9189.052077633167
92652,17453.444187842877
87708,8059.396930293284
89003,8970.387163800977
77758,7272.897713526578
80355,6688.238156756332
102381,9038.483367709548
102034,12399.283105647191
85449,10630.244832319138
108344,10895.77428078003
103231,9491.307078100184
88619,8967.584203281447
91294,11731.823105802368
91671,21380.350366070237
89398,9976.609102368819
97449,10184.88510927431
90985,13582.96810262826
95931,18524.530125607907
91207,10571.524435226323
93227,20216.64137625054
83380,7814.040009885382
88517,5895.629935816382
94074,16469.74175615148
83286,11543.22110797527
78621,15880.476007560217
78559,18673.484931698593
95517,13469.905804163955
90301,7239.261408373283
86982,11701.839457623819
79155,10248.032221791935
87645,9025.045054016613
94734,14736.70590581905
80776,10319.16536146892
80191,15981.458552924696
81665,13369.957199399272
95409,17235.61090006689
107275,9431.034304267521
88752,7055.79834248176
85344,9814.448966301481
96113,10027.72824335419
89564,9468.123251108795
83351,11007.39005108892
77727,14295.029232559016
105427,10054.017857741348
86511,11073.755629048499
96465,9013.0975122242
81345,16209.982794422378
102204,8058.353398017858
91518,22888.734351806437
103030,7417.429170053033
77586,19420.257112681866
81802,12866.532477629371
97913,13861.862654405202
106159,13434.713761075503
101107,10545.605094912238
77988,17987.14066132777
103558,8096.927126950489
107080,8709.734897319666
103080,7564.445919236805
81729,19695.48218893653
76576,12222.65841014331
81302,16559.655194822604
102815,6940.4481358163275
76838,45927.111055081405
100835,6325.093916179856
92600,14902.753807910807
98836,8285.821812868375
107734,10829.600471076594
103146,8120.158928578178
92838,16994.526802315733
107210,12094.465807669847
87193,8640.909586232727
80803,15310.469410038531
99014,17608.181064214517
81317,11531.568335871107
105975,10349.227789825813
91289,12536.679395554756
102427,8341.868424260058
88770,9189.052077633167
93130,13162.998584988718
91428,18182.333052430688
101880,6302.774804106521
96317,10419.463821239235
79846,10820.066181853961
76152,17226.096531633688
98591,8305.748530839614
83409,10208.122161795556
98307,6930.879331877022
81931,23718.467415045667
90083,7105.629970187719
77773,12792.237418984647
103635,9184.60017861272
90621,7107.851012303379
91055,14596.969653317781
82011,10474.105855604474
84194,10508.844426943122
107360,13264.897650071403
89868,10603.362763445237
78774,13572.451301153242
98229,10150.76817440744
78895,9646.138263636198
104821,8498.23707943133
88829,11478.322012971998
103561,9671.167313156202
95077,17145.231787491237
77218,11951.229567650491
96894,7881.4423228346495
102467,8268.553282577373
80026,11412.959582330828
81904,22661.717947254438
79212,15334.800373539363
76081,17235.79064175882
102446,9184.60017861272
92123,16994.526802315733
99505,13195.477745696151
90701,18355.409030348717
94131,16734.28106034369
98499,8639.31730600617
87292,9812.685464413782
101982,6353.77323635742
79507,14398.54897928298
80367,12837.891362569695
87303,8298.79921063288
90939,14766.353293812717
105990,15729.804061871517
93538,16994.526802315733
96747,12026.210727584436
96705,9230.800378893464
79540,15891.44848347442
97104,8478.359954924932
83406,12833.97322674734
105299,11169.049363813008
106722,8797.53028002118
105452,10929.973921540124
87290,9536.498634226022
81467,9350.493578425934
105170,14737.425445155179
93330,13143.92788569455
80272,14467.78931890299
107730,10519.44442914168
96010,13631.090005916172
81845,15338.824540390637
80811,12064.269614219778
83571,9452.745771200576
105322,13190.216650499897
77762,12197.059204387484
102039,7713.651713942087
89712,7189.358414701705
89635,10809.629044723308
95445,18046.162318291943
83168,9612.775816917696
97583,7795.016292664593
90719,10219.493901456906
83437,12550.348844652075
95182,16258.480532180245
85203,12546.427384722183
103788,9268.17322936776
82303,16937.564293472882
75983,21428.116971231986
86812,8027.76529164871
81841,17504.55923174693
84828,8153.014621535623
93783,16620.94281610334
107916,16380.013479407784
87430,8893.104630660355
104874,9136.907702536353
93137,12939.69942810232
103047,4960.693108898152
102110,7488.306663140136
91435,13968.04414366671
86558,10770.550735791641
95141,16430.89367167195
101513,7051.681044615518
98883,8122.459165155775
84488,8640.909586232727
77317,16495.384273263313
76345,20407.572087019424
91779,16255.731680897476
76882,9936.866630571822
90888,8116.9747939018425
98663,9145.720511587184
95756,11878.58260677578
92853,13169.787976842455
105681,16495.797025598167
100628,8027.790405840612
93663,13717.257527772383
92183,16317.059687609108
87635,11939.720901182718
104386,16198.487142605994
87388,10208.122161795556
77217,13835.994108183584
96722,13491.090451240838
96916,10982.33377947832
77168,24980.191672450605
78963,10897.550944871049
93780,15338.56439276524
91677,16258.480532180245
98082,7790.487438509887
76229,12628.794467638614
92338,15615.376194677618
84178,10208.122161795556
106784,9076.674243507978
90742,3958.5943836901374
96034,12859.27487866603
98064,7192.795493746589
96973,14608.670691724456
102048,8658.508009294843
106484,10356.408569209378
105759,10117.89793530825
93589,16862.697495236564
99057,10352.875569352487
80757,11184.193517665102
89636,7694.100178880622
83495,7707.28444656348
85277,8034.458057736041
91843,18301.841360944763
107118,17745.04980404317
100387,10950.185500755104
81885,16895.897511272917
105369,12539.593176001701
103588,6925.6452412120525
89859,13935.254764090716
99533,9354.7857276868
107533,11976.812795177968
103667,7545.161491092144
92303,15984.179992679527
98400,8308.344647199772
107283,9156.565696147643
77352,17712.143599242987
83662,11085.34615415275
79661,16739.19704128089
102007,10203.41140065679
97793,8603.987882428875
106968,14580.583346866111
91632,15128.374351828177
79763,18371.37741272847
84785,8412.056006831232
92155,12417.5998323076
76625,17235.79064175882
107370,8955.300638688039
87638,7846.643538478685
96040,8427.006622712286
97299,10581.223908233078
81301,14597.110854181066
83192,10864.028483954668
105291,21477.347526797963
87135,11528.384097145416
75985,17774.160067712033
82125,7829.820229246451
87636,8376.72013353698
78783,17362.56893578835
78662,6666.00589456967
87134,12740.539006899522
89451,7169.1530921582635
100098,8995.028091705724
88589,8940.430175947058
85831,10517.052731277823
101724,8509.125363438663
107345,13709.093486776044
88336,9642.19710822912
105588,11090.697220791697
95273,14843.037108771981
101163,8120.158928578178
77479,8202.694599035594
80339,14706.898941453042
86561,8977.779651910956
90365,11246.400800761538
78103,11298.223176166892
98617,8249.967454569332
77621,20315.640481583807
91901,16725.87372033563
93087,15064.23000939839
82739,9730.504313761581
100953,7482.326736974034
80117,13500.11522532448
84174,9719.374588822875
106828,12738.720230583098
90803,12061.463404168704
85910,9609.772152761147
89576,8289.558987186572
106572,14664.071258712758
88570,13727.328849257103
95066,15739.405289539125
101114,7488.306663140136
90936,14843.037108771981
99197,7504.032768552335
106363,8240.72589034328
106495,9998.607470108203
77516,9030.790723441938
88093,4536.628863811518
95483,11323.029062454969
93513,29968.931911354193
102348,6181.521079442658
104779,9431.034304267521
90381,11805.020743989226
90866,11481.465548399323
76005,17153.89581134478
83160,11701.839457623819
105547,11973.070527035683
102598,8845.298426133138
104485,13529.368919960436
88186,10206.603001376658
100958,6107.294823012446
93967,16994.526802315733
93296,13274.062289858135
102906,10053.333617159124
96380,11830.916703742578
93298,16255.731680897476
84722,9788.538433558328
76718,13196.628633864468
80056,16262.301886323556
78850,12159.017058982008
100715,8857.707651145372
97058,14370.844500904497
85906,9730.504313761581
102477,7606.639760121596
78624,26210.90711051128
104387,11305.548349822242
104252,8775.780287810288
94178,12155.201146150961
106337,16296.880974876043
105385,14099.535152084083
83119,7085.9885215740005
76930,12735.623831113679
78083,16103.08269919504
97868,15156.27207553946
81081,9308.36275152891
102325,7482.326736974034
83604,10101.838585198464
107825,6434.967537473449
105577,15899.670916151088
107308,7738.027642169572
103876,11953.922303416939
97378,15001.507469343429
89508,8116.9747939018425
86933,9612.775816917696
100033,8264.177063919738
84820,11691.145878756077
88884,8286.904411717407
105458,5536.630669269195
103164,8217.403174204068
101838,6163.008205422867
97811,15921.090952815612
93826,16972.96752461706
86364,7076.109048639779
95317,17679.514632652837
80613,11533.523211431246
78372,18673.39178112692
83283,11007.39005108892
93249,16725.87372033563
104303,15617.844997423936
87973,15394.659844540047
89997,6794.577739943381
103013,6909.121130716592
85570,10088.295111078449
102979,6035.708331837116
78598,9758.955196051149
101402,8164.607714693553
87313,7792.69639116847
95505,14766.353293812717
79319,15308.181468334873
95230,16862.697495236564
91808,13143.92788569455
98678,8642.017672946607
84270,8386.102323119372
84932,9210.925486625552
92433,13400.4696218642
95944,14736.70590581905
101180,10946.76398521462
82624,12150.917771113685
80920,15654.723295445197
99771,8168.360054332339
86425,12115.035648731951
92191,13374.962202080864
85940,9216.4675987207
97391,11327.256189283888
101341,6940.4481358163275
76066,14517.342841841475
93226,15728.097674001741
108367,9136.907702536353
83144,8075.215490392748
82764,9221.846086693522
85112,11594.127661230408
97167,9884.817463857706
105808,8252.41718215258
108416,16753.735505158587
94695,19338.550237479507
100332,10086.58886358519
102829,8075.801882156311
83817,6232.19412110312
92304,15551.686126472854
104385,7408.417994666687
77858,15766.142756760835
104454,11090.697220791697
100292,10950.185500755104
88759,9430.342897106566
81746,11778.569532914233
98246,7304.8363957337215
96680,8067.317464598718
84163,5964.611730659933
98135,9848.790920886018
75975,17706.609422500984
92064,11135.899422949875
78732,14828.094203963647
99528,11257.421123797229
97651,7347.205028055803
88195,9344.062030229068
85398,10542.074737541247
105940,8426.596172296171
83822,8940.430175947058
79148,13806.101760229141
101011,10262.068577774096
91642,16255.731680897476
92277,16626.578874960862
78438,11687.463737329104
103126,6940.4481358163275
90247,12513.112319224092
105738,12323.842475166331
91585,16268.875802088163
99313,6930.097654402915
78484,8695.36669186306
91221,24944.621809666285
102068,10520.865088282193
103027,10625.968894464777
79594,21165.589538188895
78290,14018.516135207412
83059,10402.348499482807
94542,14540.226686522852
80450,14138.986195387542
86055,11477.714465863137
77128,13506.65197101817
78459,15246.891414513166
106614,7024.5129620961825
100580,8341.868424260058
79200,13864.561656024958
90988,12867.491087925207
95354,23257.90578494981
95524,14612.615577673641
89514,12555.277302947949
100494,7482.326736974034
80365,18082.090985917912
100498,6220.1166325113645
94820,13943.897127362281
95203,13404.848483628111
84845,14277.188791476672
103726,8995.028091705724
78164,10498.445673182347
85894,8462.486577083047
83974,8970.387163800977
100042,8090.112460701761
82641,11528.384097145416
89331,8616.53003427582
104138,13362.906931094203
84136,11007.39005108892
93037,13744.08424953336
88791,9025.045054016613
102077,9181.73029080397
81882,13234.766888204778
98035,9337.253939127064
108194,14428.117297985764
101297,7640.454276433378
98938,10269.807378840595
98486,7607.517099799383
83293,9189.052077633167
96404,9221.172296459745
90115,11805.020743989226
100205,6890.983241160934
81271,11547.215231671547
99430,8364.472862062034
106622,13801.428229296265
80213,14857.299792869713
106624,12591.076963967056
89907,8477.307142863947
92178,11806.317461793697
94849,17885.39802012536
83585,7248.772896501201
85742,8674.560104119899
98510,9128.398595401466
95629,19471.122394157883
86114,9976.810452246396
104028,15855.982270245408
78862,11368.87240008564
100720,10520.865088282193
97302,6319.899525661224
76761,12284.854547565832
97918,15572.159724826393
95704,7725.543279343012
108116,21116.351952705703
101381,8995.028091705724
95542,14388.523996787413
89609,11727.885582135998
79374,13181.532906500497
97399,10184.88510927431
79350,9373.880718197423
101700,8692.663333109149
76556,13879.609850601306
85945,8286.904411717407
92706,15760.560820762239
98698,10352.875569352487
98683,10352.875569352487
95706,17827.23960713203
91170,17065.519695169314
89870,6849.296153650295
105665,14961.914842719396
76774,12888.00897683351
106996,10201.861559110472
100111,10544.405453338217
85146,9393.7608702345
87623,10695.97237006129
106125,10527.364314136159
81146,11939.431459229154
82472,11176.4252496357
106621,10527.364314136159
92229,14173.784156507694
100574,8488.438189342412
93325,14736.70590581905
88820,9393.7608702345
95448,17196.09748044466
94293,5097.563705612484
83682,10864.028483954668
82826,7159.828415530643
78729,8448.553340726068
82431,8286.904411717407
105701,16205.686132053484
90828,10507.267407929945
88782,13686.783405925318
90765,14118.694471039598
89779,11245.688953802653
93973,15981.076379966386
82915,10025.306415598076
107131,15320.2959098247
78143,20264.191980884607
101557,10050.935422143071
81060,14358.873222418897
88032,10629.629649438548
102913,8768.138180480844
84050,9279.787168836527
97797,9201.2494446448
99183,6550.475364436941
81588,14851.142919459538
89819,14767.222688037144
86947,10046.74369056723
107568,16148.878113129551
92085,13480.499123687916
101729,9184.60017861272
89417,11322.687783473415
89797,7346.152897767581
89349,10131.768150764248
86040,9048.15401823556
85454,9580.030891531387
78374,16352.37195124513
84084,11627.853142866597
88370,9720.619053362767
99555,14945.185184826567
91675,18970.57659287345
87112,9148.154938109463
96235,12364.925884216884
98203,6930.879331877022
77675,7545.122461541058
98775,6932.263837229764
81614,16848.675949176402
102391,9942.113655812269
77097,15948.871489227116
80494,15513.531187623585
91050,20433.41203976765
90412,8272.32803592022
106318,10527.364314136159
88976,11701.839457623819
95898,16268.875802088163
107839,14945.435613236827
83737,7707.28444656348
99929,9647.987633675408
85736,9892.426226071593
100856,8964.148186826067
85708,9814.448966301481
90131,8681.785436805763
94568,13765.567715652947
96466,16994.725444542684
100117,10181.939017946044
87585,8303.689196794052
79106,10590.260522553584
80237,14049.469890517057
91302,15833.973376634882
83945,9785.050774041576
80650,15833.20590071174
95104,14938.818844987258
96677,5163.65248814583
100682,9690.014670611887
94464,13669.86401376834
89293,12751.921121418769
102107,6353.77323635742
92219,17202.519930107006
87853,11311.982769215385
95391,14540.226686522852
102232,8779.423067605447
83035,7910.515677290869
80636,9509.514919275636
105398,14159.898629644427
103291,8995.028091705724
78340,11769.401940105114
107130,9637.531680569102
85694,9612.775816917696
89901,6786.412002534898
101501,13423.50106347063
92797,23572.382371483207
90279,8116.9747939018425
92115,16547.67517306124
105910,9154.18558075037
105226,11595.838918004956
94797,17145.231787491237
88857,11528.384097145416
91374,14035.454034983464
106841,12606.973139115933
90283,10281.528640218085
95421,16620.94281610334
102374,5586.47392900969
93581,15350.674821971508
77463,20470.801576196925
94949,14717.192503007249
79220,12878.266739205872
82822,13902.322489270637
107897,6603.202098416422
77398,26243.39421884995
99943,10957.201150806917
101334,6325.093916179856
78664,12895.623978710282
98917,15572.159724826393
98320,10163.121950716208
86414,10786.677731555315
106690,11973.070527035683
103656,8961.347175570998
82816,11007.39005108892
92595,14493.007738754079
89058,8286.904411717407
90981,19289.387396595004
84545,16814.172569776536
85121,8971.00896541581
86786,7707.28444656348
104318,10441.753873520009
101816,8511.493886729475
85525,7786.405070332667
79169,14361.154023183995
90473,8635.690980777767
76459,18933.179359653368
91881,13154.164169206391
76343,12382.124908760848
99475,3642.136697335661
76756,10380.937091670052
105158,7714.3155299398795
82355,15961.7504627917
102382,9184.60017861272
102739,8267.41487066758
95595,18240.856051303403
92655,14012.620387428324
93230,14593.73363065717
92502,15760.560820762239
78020,10309.958869874872
76077,11963.967999739205
107845,7109.751472716682
94272,19909.538735335285
89239,10864.028483954668
81657,15573.845534006394
79605,14340.242621135407
92466,17438.98464140918
89062,13978.039212716983
91866,14102.969456371378
87629,6877.318418578801
94495,13143.92788569455
108301,8426.596172296171
97893,10954.636914789116
88636,9430.342897106566
76642,12035.462385090785
97723,6816.144805434505
99689,8732.943685782098
98669,8308.344647199772
107547,16003.51711914762
107324,13182.000070556092
96837,6303.559489298189
87607,9223.686723783081
77412,17824.590566354844
87012,9580.030891531387
106509,16013.568977763227
96290,9928.573853565398
98997,13239.087946211403
80784,10273.357439133604
79231,12980.325661344144
99071,10218.013996035272
95343,24714.085767878292
106067,13805.672089810761
99385,18351.659659887762
108247,15906.138506544394
92030,21712.8458509275
106907,12250.054274803311
83305,9836.234188788905
77537,9358.188917662828
94191,16734.28106034369
106218,8764.996261673263
90895,12244.457280552851
87733,10405.599868311378
85938,9101.794968636646
92778,13666.669775403674
104351,16463.40323814236
98023,18652.415485938764
100496,9597.896939824725
99703,14201.696217355433
97963,5373.503067120568
107514,12056.857237202
90147,13492.836920541542
78976,14143.005049331674
87951,11220.328204366759
87689,13847.144984319348
95720,17330.506275315787
81362,9984.818526200334
88028,7707.28444656348
101241,9881.05521595557
77282,15583.960652719688
87318,9101.794968636646
95832,13818.776262521833
93146,15739.405289539125
105053,18530.714926132692
106782,14945.435613236827
95641,16654.517073334995
101467,8699.820296340285
78487,13339.627543370338
97221,8309.001108441666
88550,8901.604395336593
102969,9491.307078100184
91727,17325.159403697675
102790,8377.459064583243
90218,9246.623086984268
95243,25257.700168314386
101112,7482.326736974034
85231,9719.374588822875
108368,11678.825605073094
84764,7818.11395562249
104560,14726.442616268252
88854,8318.544084816296
96342,14924.174797034775
97363,9257.732207917572
87222,8337.39820506089
85750,10208.122161795556
99457,8642.017672946607
105834,11115.075999390365
81230,12203.021230464912
89905,6300.346124341108
99107,10269.807378840595
97725,17384.43385955511
103383,7476.344259258739
101881,8995.028091705724
79274,18554.676647981083
106126,11441.924724789093
88014,8940.430175947058
81379,15338.824540390637
76685,9307.855372629761
81756,19233.04518743776
80382,15244.91735771731
87661,9349.329982295385
103160,11117.146606964154
81893,21101.96425097058
103538,10155.070967219604
101780,8149.665090785931
81384,12781.547784799797
106350,16920.188222568442
92907,16090.156265391613
99538,11956.240712224702
79214,13243.519532157667
101909,8120.158928578178
107864,12749.893894710878
100524,8995.028091705724
84466,9121.65686228716
105389,14459.719398493604
95621,12772.945321285037
85294,6424.871765531134
101831,9857.535127662462
104539,13264.897650071403
97418,14948.136682946993
84417,10852.150833890068
87082,8971.00896541581
90484,13684.73771909847
94455,13748.907779110898
88204,10131.768150764248
102964,8915.97313835096
83265,8330.49408873566
79644,16605.4315864403
103662,9629.231596658106
98160,13191.354725984407
86602,11908.61124390803
96773,12807.811538288384
106258,12749.893894710878
93161,16019.741665255728
84913,9892.47652815959
93566,16405.32606155683
99048,7607.517099799383
105009,13176.261192930937
78907,11112.842834588173
86767,10563.234578696512
91280,17787.14333481835
80284,9354.758826159774
90664,8644.291689758667
82570,9973.351050199683
97344,6381.615069516399
107585,11512.865741489362
88462,10208.122161795556
97190,8101.1950838831945
105578,8680.980868679439
100275,8455.083980491494
101818,6005.117039328266
96900,11531.192069188954
107149,13343.98335921325
92413,16734.28106034369
79385,18554.676647981083
86389,8940.430175947058
95212,13970.62399395364
76373,13397.673817435696
78959,15264.373039743572
88737,6536.780554261872
92016,20946.178853902067
86224,12662.780593440119
82578,8252.035000778844
97155,8427.006622712286
107701,11218.69154919925
100516,6244.538891389348
100278,10052.131747780615
88637,11543.22110797527
82527,8947.013635330284
84753,8153.014621535623
103714,9491.307078100184
100322,10020.836015811246
86770,9077.76567890176
81754,17141.99545245206
88214,9281.259001915178
104113,13259.536341620997
104421,4710.669263457293
97736,7489.522303127494
103535,7792.080377335647
83206,11007.39005108892
106330,8497.886910664769
102339,9498.902076330482
87709,9719.374588822875
76492,15242.127464762603
77728,14031.259187994407
80481,14174.479643012648
103158,8406.897283156242
88892,10208.122161795556
100388,8995.028091705724
92082,16229.570074358813
81236,16536.030846570087
77042,10459.275148130437
91157,14541.2997646399
84392,11007.39005108892
93436,16806.309208306113
106487,14711.011032917504
76638,10687.820114473996
100756,13021.874950811
89769,7386.583404432228
107047,17411.188699470877
107482,11929.6210674129
77672,24589.979177490375
88137,10015.413415398241
94234,26897.60407150409
100690,6789.941499250357
104730,13172.653508514646
80889,18787.012435777233
83038,8442.352788642742
78952,10196.81421939591
108324,6347.256356992853
89723,12517.02336716351
84963,8128.485339852881
82834,11007.39005108892
84141,10128.933001251711
94870,8041.979086310414
97980,14198.079277952165
84101,8970.387163800977
103187,8445.870125168794
89617,9249.513255802978
107178,8092.458069015867
92448,15695.232788052153
105739,9348.592818652864
94934,13570.6052764198
106422,9545.216804820348
84357,7690.929465348291
81219,13243.519532157667
96165,7967.2699706002495
89437,7346.152897767581
107434,16598.47347747755
104751,11107.159639110343
79869,21976.164168551215
108255,13182.000070556092
93706,16008.727229419952
77694,15946.631290562995
106112,19584.88349624754
79750,15839.64113490579
92715,16268.875802088163
91183,14231.2106331621
104425,10527.364314136159
91695,12410.454813839411
107783,15320.2959098247
80023,15984.568211402295
106551,9637.531680569102
88253,14385.70627668622
89867,12173.945819526838
83678,11701.839457623819
105660,12554.644528154984
88202,8970.387163800977
95119,16019.741665255728
108260,10288.169625983992
83078,7707.28444656348
82345,14243.697426698798
83217,8754.937607709548
87850,10762.081963676319
81035,24581.65558930186
79575,18154.960893861804
91737,13181.776211085335
87829,10864.028483954668
83729,9037.50573352186
85611,10978.709434192368
98402,6930.879331877022
92385,10091.475411689571
86408,10131.768150764248
86059,12550.348844652075
95741,24944.621809666285
86739,8286.904411717407
78929,15371.549244999169
83842,6844.712669471286
87907,8970.387163800977
88079,10630.244832319138
85643,9390.185586696132
81382,13569.892272340367
83493,9221.846086693522
93460,19061.076090885435
80412,6750.34971801472
88171,7740.261793604098
99783,8642.017672946607
102777,8860.173191252281
80663,18554.676647981083
77531,11264.588109996765
86865,9688.271874316197
78461,13835.994108183584
107352,14716.077341877392
94120,10608.801621061306
79496,14657.596731305131
80515,18343.753888653315
91344,17920.061904182137
79373,19366.862415732718
96220,8986.660609640818
93246,25372.97602781622
106908,9076.674243507978
78245,18771.04700550446
94731,13206.619661070481
90402,6617.758547823037
76206,26243.39421884995
98559,8880.492821594247
88796,10208.122161795556
85816,12150.917771113685
92649,18074.95746406148
101935,8482.112416912596
105463,12768.552126842065
87365,7846.643538478685
95227,16019.741665255728
93234,12196.660313405711
85937,12320.931830836125
101266,9241.944112866655
99571,7894.669271337027
85700,7203.171459345017
107102,11252.446957399055
89204,7740.261793604098
107013,8955.300638688039
89174,10402.348499482807
105413,11695.490828148351
97676,7760.464215209441
97236,5693.440473394605
103159,10055.273663020296
86515,9892.426226071593
95748,13582.96810262826
103941,12545.686498076895
86393,9720.619053362767
100154,8041.010640054932
96775,11523.441659545842
85975,10075.169409813876
80620,13554.102167072919
91545,15386.242027692391
90512,7689.571486360574
98423,10232.524775217918
98191,8367.619475815678
92713,27139.838853981288
106242,12704.1886735994
96941,8424.373432393946
91711,12412.457939111642
93194,14766.353293812717
84431,12898.642002666935
106092,8689.137167158093
77699,9557.304009262598
107042,14778.36121609406
94581,20597.950470877862
94719,18054.447888621442
103203,7727.9429528795745
90527,12695.137446819417
105553,8426.596172296171
86257,9811.382292727856
108539,9049.94277077537
80580,14134.021799013386
100564,7564.445919236805
107330,11241.232415158305
91726,14497.537565373379
102084,9360.14334140904
87088,9148.154938109463
106757,17400.1449632796
77040,11324.886680314328
83253,9025.045054016613
87231,7153.531176230074
86913,6424.871765531134
100372,6637.941160292419
104194,16906.342112592298
91979,9617.069335719603
82139,11770.171605627489
82434,8286.904411717407
95418,16952.888727194895
76862,17440.909276690905
76939,11463.037905053076
86454,12115.035648731951
98632,16405.204305896626
77936,17454.94407457709
85823,8378.801752448186
88035,11543.22110797527
90469,4313.934200987984
77882,16622.207652654608
91663,14541.2997646399
84326,13141.894744437166
107834,10972.537770397903
102220,10950.185500755104
105246,9053.711593359763
107828,15168.560763388125
78808,7111.6452427373
87428,10783.108877682092
83186,7983.466285682362
83578,10716.560321565756
76948,13322.403503881002
78241,12628.794467638614
79743,18204.054053745054
105523,6603.202098416422
90957,12898.230993812691
100382,9597.896939824725
76105,13562.820918531217
86104,9024.86523188038
101922,10203.41140065679
76554,12882.550643875667
106985,12443.088159955661
85689,10473.45774839717
85008,11073.755629048499
91965,13353.350779277836
76366,20010.79219802787
86191,4636.176588262774
99663,6446.0938593137325
96285,8309.001108441666
104099,13275.371269945905
99056,8295.399520303077
84374,9156.439713867896
106354,16017.351322545805
93698,21343.327031800392
96634,7675.905877602376
84156,8462.486577083047
108084,14945.435613236827
87399,9814.448966301481
105466,14463.815158799407
80586,17736.252802051822
92580,10091.475411689571
101845,5117.941326633837
84566,9612.775816917696
90141,6546.5304338521455
108378,11034.924845043979
98277,5156.359087243975
95092,22135.201364354692
104064,14461.539282549855
107637,8088.461813964372
97365,11588.994564433708
96955,9038.598979323235
95760,13021.98779900367
95872,15150.623310780678
96240,11461.90695328694
88163,12150.917771113685
100611,10799.950074432025
78881,14975.463207425744
101061,11548.363788616194
107426,9998.607470108203
84044,10046.74369056723
104552,7109.751472716682
94780,8782.9546114076
91863,24714.085767878292
100864,8075.801882156311
81237,12436.350270639912
82136,15324.35488962073
95905,11009.292998175979
106384,5761.96653596906
104293,14054.173361643174
81454,12687.787943851465
107302,15761.75609897979
104291,13122.83400443079
82868,9814.448966301481
97858,10346.546130597108
105855,11093.151023935305
93166,12032.949442170167
94741,16734.28106034369
90290,11727.885582135998
89573,7369.893851871849
78623,9358.188917662828
98815,8639.31730600617
108391,7252.994706700863
84762,9186.180798902706
91318,15739.405289539125
79163,12354.10750811089
95977,13374.962202080864
85867,10025.306415598076
88322,8616.53003427582
79623,15573.845534006394
98269,8424.766007031974
99650,8308.344647199772
107902,8735.519678965697
105941,9782.14946260263
81949,10444.836303903669
79343,17161.88461914659
107578,13275.371269945905
99489,7076.019542304861
85577,13727.328849257103
96815,8309.001108441666
101625,10520.865088282193
77737,11886.181311857234
104092,17507.19476760184
100181,9253.070952392256
104928,7976.265371271047
98913,6446.0938593137325
91602,17171.97234973415
83876,14360.434070102243
89307,8676.781701580834
94093,18054.447888621442
90665,6180.092651800865
89424,11443.06345218358
89966,12498.103859203506
87512,10892.785577887082
93925,13160.81674322251
92819,21315.638866270136
93100,17171.97234973415
84387,10025.306415598076
102337,9241.944112866655
96351,7815.350495442643
84790,8657.906989068519
82257,10123.333541329035
99957,11347.407655441144
88917,10186.977877171303
95068,18724.22055983386
84509,11769.828236400774
91624,16469.74175615148
97851,10991.408530961664
88699,10405.599868311378
100216,7223.535643639287
103752,10932.748014094217
86444,10842.279719297314
96692,9953.554155983924
99855,8285.821812868375
80299,18554.676647981083
106960,7157.351217863152
97471,13012.060751941899
84560,7888.19662782758
102670,7777.453781035342
89279,8318.544084816296
101965,10541.110717016105
97569,10931.025776719016
79614,16819.272283320504
91772,18633.09113540407
85007,10388.194892569056
106561,12704.1886735994
75994,16234.285703143569
79691,18554.676647981083
89364,11808.222157432947
78875,10730.740110755687
107066,16450.400901077825
81507,16613.53115131913
95249,14029.901001193366
87015,8206.720898503638
91324,11878.58260677578
76752,8605.770718524624
102171,9857.535127662462
101910,10921.653921255072
103619,11516.784115749242
100128,8095.511762727115
79404,15599.368816864464
93180,17594.593731886285
98208,11521.062808115128
79595,15381.691497051515
80232,16397.94978596615
80698,15837.427182146886
77442,9259.765987245595
89295,9101.794968636646
107982,9978.854721216338
104260,8426.596172296171
107081,7380.6144146131755
84397,12940.642824787337
76341,9977.16865431733
105837,13360.097251627361
87758,11007.39005108892
89085,8184.721489970442
85464,6844.712669471286
108404,8460.819476424598
87357,8378.801752448186
96567,9257.732207917572
106723,6623.037043045729
102198,6958.18720195653
97673,9157.874421431334
94078,14717.192503007249
107507,9076.674243507978
97681,5742.183167353302
80033,6767.033301890692
86656,10864.028483954668
77797,12587.586750836905
107699,13360.097251627361
86945,9409.31716572255
105222,4928.664017340393
104904,10634.421354712576
79731,10137.913986350086
79205,19228.041933343404
94275,20975.2023301083
83219,9393.7608702345
93926,20433.41203976765
77804,9474.004915461817
84512,10561.599333808863
77215,11129.77880890857
95226,16019.741665255728
102992,6732.0796534727415
98108,10811.695678957374
80629,12613.350522103103
98788,11028.920106066149
84971,8505.341044404024
97484,8887.634543281463
87887,9324.110179910876
104294,24765.600023904266
84316,7707.28444656348
105685,14732.820669562672
84866,4250.168262892817
108412,13122.83400443079
83463,10569.972887363534
105005,14801.703586731173
94134,9333.589925674296
87832,8298.79921063288
106089,9003.485641340321
90745,6786.412002534898
93579,11111.537940695598
77750,17541.944368151344
101618,6997.898196612534
101148,8377.459064583243
91084,12434.883010737669
87106,10864.028483954668
89045,8378.801752448186
100365,9280.282311877432
107100,13657.158138941659
89836,11249.20389266016
90463,9085.62679562393
95908,16229.570074358813
105700,7220.471090610419
93105,14856.550288834927
83244,13207.537237143462
97603,11017.784483067728
93616,16725.87372033563
94245,15538.434524507124
90752,12170.141960453935
99594,10295.524053220423
93068,18301.841360944763
88443,9430.342897106566
92592,15447.650818853906
99796,10097.154221163135
101588,6353.77323635742
89633,8125.1672633061635
99577,14201.696217355433
97165,5268.303445699084
95686,11347.024903153995
79266,15615.079001841914
76351,14779.492488561313
87457,8863.362296009316
90220,9249.513255802978
87855,8350.631322261148
79818,14405.120337830313
91024,14158.529125303074
97908,10352.875569352487
101556,9281.197046912699
89750,7636.950526690325
107781,12440.147525185967
94151,9595.603197316308
103214,8845.298426133138
89012,7104.5302176691675
80997,14948.445791319407
90002,11850.401366442351
88243,9193.493975776822
77631,12982.205016647305
76185,21849.00356755339
102767,10079.37300007049
96776,15465.587564924183
107630,8007.225556035441
97550,9430.98771416066
91871,13140.936677250387
84499,9727.463867296718
94523,14982.993762428992
95467,15123.647430760222
91735,13206.619661070481
89874,10212.648020497882
90168,7439.611403546188
76765,9977.16865431733
92590,16268.875802088163
100529,4706.901565300202
99330,5314.563422221044
92566,17213.457843554694
85303,11827.674414258814
108401,8565.66179524949
107621,8426.596172296171
80471,12831.696583247503
85478,10388.194892569056
78386,14716.935573157736
105016,12770.870616034203
76807,13501.993128084658
85036,6513.866608017691
85428,9903.287399520705
85783,8019.967619476398
88510,10498.47362783463
89262,14120.458351589099
89136,9031.688029594066
77193,22524.11443456493
88928,6424.871765531134
85930,10892.785577887082
93387,16379.35867322462
87348,9430.342897106566
106766,9282.507138385896
94358,12659.383462627517
81582,10497.988351817332
87880,8851.969527440895
80554,19192.148952133215
103295,8995.028091705724
86265,7231.22360431783
85650,6509.066009211974
78496,8934.066697090497
90155,6577.678160908756
108366,11305.548349822242
95435,10826.890928691304
83433,13705.787557981092
97917,10352.875569352487
80755,13657.791446098523
106070,9514.503788982005
80354,14582.63715636523
98453,7663.34052284932
100106,9298.113475964838
90408,16093.638587862179
83615,13950.589397798945
82425,11939.720901182718
101993,8992.217432538615
94522,15427.468510539447
84782,8940.430175947058
108223,10745.410871555468
96160,8142.068974379094
98432,10352.875569352487
105363,8311.164332002989
100535,6877.026304604318
86591,5815.080373728075
104667,14176.96244063757
90913,13374.962202080864
88935,10265.670713327798
104570,10416.689184908319
83610,10208.122161795556
92006,5207.097852766472
86169,11701.839457623819
82827,6053.7726488871685
86592,11481.30191988416
87212,9612.775816917696
97120,10616.597455386795
77359,12382.124908760848
104752,12704.1886735994
97296,6533.380468370387
76528,14923.08225998384
94678,11738.283249472426
92677,13678.810718133032
79068,12198.529699910532
79258,11249.973597670576
85903,13430.1147525783
85139,10889.38199599662
93427,13143.92788569455
83820,8486.25786595206
77286,15814.094130063557
99210,7094.505758855379
87068,8970.387163800977
83423,7231.22360431783
104277,10446.295550006898
90679,10233.989358075878
87218,10637.575417701431
85604,7011.784263650811
81045,17246.884715535794
99525,10369.177170024506
102332,8377.459064583243
81248,14337.894599588593
94626,22247.85870448874
102031,5586.47392900969
99240,14201.696217355433
104198,8088.461813964372
103296,3827.8435656849724
105530,14500.927145309224
77830,12041.852869895767
107707,21477.347526797963
99875,26454.523375237244
107727,9076.674243507978
86279,9031.688029594066
78738,12820.990361288294
77514,11963.967999739205
83235,9189.052077633167
96964,6787.3839765561115
95157,15638.303025187248
84407,6773.339696092059
107930,11238.069383429924
100103,10517.577706755146
97895,11064.131247650215
96823,15488.058405114314
85448,8851.969527440895
99246,11229.773786670374
100586,12418.506600174112
84536,8863.362296009316
79744,11683.246162832696
89433,7055.79834248176
93466,12845.835453147345
80628,19930.603368194457
105144,15539.207749069425
87407,9788.538433558328
106295,15962.507125467
84239,13875.768632302323
89362,9037.50573352186
85099,8337.39820506089
88071,7063.384785330431
87696,8970.387163800977
102512,7582.037224131818
95911,17201.47210638289
85069,3873.483703629376
77710,17987.14066132777
106234,12250.054274803311
96338,7675.905877602376
76534,18368.555451388464
91330,11244.267647731185
99229,10352.875569352487
79318,16596.942497118114
87465,11691.145878756077
85327,10631.96817455962
85601,11225.127138110272
84287,12550.348844652075
99523,9405.373027993219
85692,8640.909586232727
101573,6659.636417567099
97295,7045.07654282275
106567,7398.163728180925
76031,10331.386337240128
96219,13977.35342360586
103153,8491.00533703265
91126,16734.28106034369
106188,14638.920632528107
79174,11585.31850805667
102013,8995.028091705724
104603,10352.462556786288
94006,13986.250918742018
108326,10201.861559110472
78483,16566.635916542848
85801,10151.350157198389
93295,14717.192503007249
107744,12971.074898513572
100171,5799.308728060843
106558,6771.1753577752115
100806,8511.493886729475
87732,10112.398571489257
96227,17106.031695524816
92111,15073.872637455574
86147,8812.252817306702
89519,12517.02336716351
95271,16725.87372033563
95264,17213.457843554694
102294,10520.865088282193
81966,10887.633580123183
103012,10960.62592828512
106989,9047.033578948087
96772,10462.602819857355
102972,9276.784797847195
96306,18670.637247921728
108418,15800.385087677083
78045,11923.723961016902
88095,12795.75768305461
107561,14054.173361643174
81795,6776.458890473027
106736,13650.90908881999
89308,11478.322012971998
92852,17208.07947287248
79486,11403.979828553769
102942,8117.621607711962
104342,11134.752313312929
92242,18597.54228848365
107000,11695.490828148351
101869,10053.333617159124
103744,9597.896939824725
92316,15043.05011036152
100386,8511.493886729475
93123,26990.9848681779
79755,34466.667394696684
103598,10044.117733192548
85309,10637.575417701431
99062,5895.555394123033
106747,14737.425445155179
86675,11202.53276022985
78833,11223.994659341311
77194,12872.737056398499
100977,8107.438468275427
80837,14422.469774405177
89253,12692.98513918135
99368,10973.438313722576
82058,6365.710466424816
88519,11680.511684726083
91242,15605.36384708218
80897,16059.003010965665
80505,8650.84856099402
77645,17187.648146045365
100818,10212.343945930363
101021,7476.349634538707
80028,20035.295048280037
105669,12700.219148976836
105092,4982.024494621211
85973,10025.306415598076
101110,11366.448140542874
87926,13141.176052889565
102411,12496.45535897233
86210,9430.342897106566
106999,9850.629678798847
86228,10940.132223584384
89278,10510.112578023176
85460,9889.3351898017
100527,5548.123395630615
88852,10744.411107776727
105762,13264.897650071403
100149,13021.874950811
80290,11886.222927973431
85953,7615.395751211473
81492,12647.822286490999
76831,11995.434374993252
106123,12540.109309018855
81945,18590.756798395712
96796,7907.040639941341
83848,12761.270181742664
76568,14317.928513068271
84777,6195.079933413149
85159,10456.727268572982
86943,9077.76567890176
85719,9077.76567890176
90325,4639.258218238758
102061,8339.261833954026
77924,13806.101760229141
85093,8903.754437032627
101892,12128.00625066117
100848,8768.138180480844
98725,16351.731449534484
83883,7055.79834248176
90754,7189.358414701705
83803,10195.690382056138
78486,11704.118384545784
82705,8812.252817306702
81532,20253.96399776056
108285,17572.3312159126
83833,9368.472707539786
98263,13075.695320217157
87000,11524.781933082164
80673,16018.200590106164
78206,17503.835220968846
105718,8088.461813964372
93533,15597.180999112872
92133,16994.526802315733
91065,14896.704260070419
87899,14212.865046653415
98017,15214.02628385765
99570,7665.7358667973685
85188,10730.453594766897
101319,6958.18720195653
100142,10155.070967219604
100019,7313.246746804406
96598,9086.831723982401
81397,14962.20888890839
89238,14233.33635155863
95758,14540.226686522852
91540,12322.34850771149
88474,6917.977338850102
83465,9199.79430671254
103092,4123.870187772339
84968,11438.014517047834
77523,13835.994108183584
93366,16436.786284408106
90815,8848.817446035864
86902,8184.721489970442
98479,5882.816942101179
81068,16764.41001605893
93005,9645.410417761075
79216,16034.655167095283
87027,9430.342897106566
97332,10803.18991357329
76700,17824.590566354844
92098,16268.875802088163
90564,11805.020743989226
85106,12724.182890683554
107907,14474.206727211753
84142,7463.8564495408245
76304,18259.08837642245
83000,9189.052077633167
89782,11805.020743989226
76184,5461.315258697851
107539,8841.740013791514
78236,18387.52997169503
82316,15381.691497051515
106526,8648.492568035701
94138,14388.84309488201
87340,10892.785577887082
79516,12757.541491727345
77411,18150.823921538362
86680,8284.314994001783
95225,14011.11132602029
92224,18138.297978542192
94791,12812.027996100038
102989,8765.398409288116
80765,13392.147956173065
85393,14172.44116641745
104860,13652.890874879373
102484,10946.76398521462
103672,9305.303453303353
82448,10744.959253912259
85479,4824.367564288436
94775,17213.457843554694
98729,14758.649002338148
76893,13535.662390353464
88144,8606.767265135348
92369,10947.391157041016
80841,14504.91018083015
76791,13720.294411123055
91845,12772.945321285037
86949,9189.052077633167
103913,12496.45535897233
85869,8970.387163800977
76426,11060.495171482773
85214,14172.44116641745
95332,16620.94281610334
85821,10640.687765734894
79430,14409.622696913004
104573,9076.674243507978
105788,11987.65006127582
104867,10791.867540034316
106367,14462.515100374218
108241,11222.198050531108
76913,18811.648161667646
78712,21428.116971231986
87769,8940.430175947058
80169,13604.967480101403
102028,7439.651562425742
102001,9470.800648463044
107798,21444.742071019253
80044,22642.475383530396
93757,13253.144506566496
104233,15064.686344838909
84195,7382.656054882252
84096,8851.969527440895
82336,13817.465166308233
90423,13902.003887607254
81769,12960.412836026857
79650,11255.855969685937
84837,13141.176052889565
106303,8145.2020524350155
98551,16695.1998345542
100452,8995.028091705724
81161,14037.27782977092
101116,7502.660532067015
93465,12412.457939111642
92749,24944.621809666285
86281,13902.322489270637
95586,9645.410417761075
78235,14648.054092454173
102754,7898.291464424837
100017,8498.437301799995
102637,10222.10053224701
98192,9351.526165809319
96683,14389.454673321892
103968,8915.97313835096
89159,13727.328849257103
77752,12587.586750836905
78526,15203.60614721563
108387,14470.213572344628
78659,17745.95289755342
77013,14560.859913128257
106480,11961.820528525865
93920,16255.731680897476
92912,14567.956218623336
79044,18651.572714951086
96831,8194.197990943676
83502,9031.688029594066
99420,4911.131928860961
93785,10660.959555039613
83739,13026.714248934471
87018,13521.696112880998
93773,16862.697495236564
101674,8407.944514678651
91655,16971.673533196943
104412,5504.47350610487
91636,16379.35867322462
91101,14344.867586833656
102437,9265.366201959081
96958,9038.598979323235
83934,9393.7608702345
83372,12150.917771113685
107296,9973.312721497921
104909,13156.11339075681
103886,8201.390923273797
98858,8285.821812868375
86276,9307.519115278817
98148,9775.778228568346
107294,15904.640368608889
81812,18937.24390462768
77997,14295.029232559016
104626,9827.694449181914
102424,8455.083980491494
84992,10975.81890268832
86867,6513.866608017691
93370,15739.405289539125
90804,12066.355303691584
76001,9956.12389879348
85691,9773.51620021057
76328,21782.020793048127
79143,10896.934532407835
91356,5042.968446908869
93553,13590.455341906661
93673,14593.73363065717
108239,8841.740013791514
99923,8904.492602884888
81616,18554.676647981083
94433,16258.480532180245
99985,10234.455815337276
79648,18306.068621392395
91423,20389.489031417725
96581,9198.374355050153
93321,23412.81372932733
89736,11805.020743989226
82722,9158.406420534151
76093,19958.544083785182
82767,9378.695438696226
101615,10520.865088282193
96585,8401.950451233359
81552,12761.939876656266
89656,10973.712601535963
76301,11028.429434600843
80683,20367.753455727205
95638,11067.889242927175
78343,14637.38102198544
81495,16224.17655212572
78517,11191.044830440647
91764,13165.490202071098
87050,15083.428119369044
102877,10944.134959048064
86844,8970.387163800977
94535,13459.256053715215
80871,9415.356927912293
81126,9415.15706502358
77182,13875.413718580325
89335,11007.39005108892
99612,8482.527532405302
89041,8689.020577731393
104165,12365.24519023643
79096,15078.308622803905
76051,14018.516135207412
99599,10943.364771535049
107763,11197.149497201848
106646,11272.761808071255
88985,11088.810980915994
107109,14658.366048477645
85110,11349.603867021311
96907,10419.463821239235
106806,11238.069383429924
105409,8003.700924654866
105449,11740.439886909011
104042,14308.478194433446
101299,9501.871090152039
102434,12545.686498076895
96363,8014.854056087695
93918,13776.110628541182
80842,22268.392583696714
91578,15739.405289539125
90458,13495.118303546318
82186,14401.812470203036
99767,7802.698137718838
96898,18420.252492215146
77755,14716.935573157736
82958,10405.599868311378
89248,6195.079933413149
93452,9071.091686871912
81517,9476.224127581301
77919,15274.158156931619
97110,10700.17917970644
107317,8426.596172296171
106102,8426.596172296171
93034,16994.526802315733
103446,8511.493886729475
82762,14385.70627668622
77365,16298.559246552935
86634,9814.448966301481
93109,20857.941085843024
96094,4732.423470709765
108191,11476.261476514263
82667,9096.868132107393
87953,9580.030891531387
79188,18348.162767119018
84962,10595.592278845508
88377,8998.411967287566
85942,9631.377232607125
88278,9973.351050199683
77743,14292.628117510085
98341,9030.602785701038
101197,7000.157878023785
102838,10155.070967219604
86885,8094.186110248086
87648,10021.597339120282
78995,12132.41360770768
81374,15652.984567844278
83829,8967.584203281447
86073,9973.351050199683
82848,9043.312075509144
101727,10950.185500755104
89929,9364.96901854076
108534,11090.697220791697
80592,16619.31998066723
96292,10991.408530961664
102569,9501.93622801014
84692,11007.39005108892
84531,7670.501212723698
100173,6940.4481358163275
90263,10695.74573418596
88489,8970.387163800977
83941,13727.328849257103
96621,9940.937066614975
88427,10128.933001251711
86625,10477.735833697625
82798,10717.444618266349
86084,10555.708448016174
93058,16268.875802088163
98527,8482.527532405302
99786,10150.76817440744
84132,8286.904411717407
101160,9300.809402254547
80396,19740.385399906958
88132,11680.511684726083
82835,12886.162556111127
82959,10852.150833890068
97225,12906.539896911225
85463,11771.334047438722
96733,8309.001108441666
91820,11093.20788471636
105870,17432.86769086965
83255,10892.785577887082
78899,13353.912159461
99812,8688.750993193687
85798,8970.387163800977
85452,9101.794968636646
84706,12115.035648731951
104289,15069.39483874018
94785,13661.228977634719
96707,8294.166691183491
92847,14216.290524080257
96054,10070.798193470482
77986,18314.197742567714
103435,8439.40905918428
97008,9221.172296459745
81650,17102.453175181596
76920,14779.492488561313
100479,9825.921157134175
78120,9259.765987245595
84761,5974.8495513272765
95062,15981.039845880065
83102,7574.320391545268
103872,7734.0918469611515
103816,6899.357189696178
85672,7707.28444656348
102125,10130.346046117884
86928,12115.035648731951
82814,10517.052731277823
93167,16255.731680897476
97674,7675.905877602376
107400,15619.632802700702
92669,10009.233836826146
78046,16295.804940906055
85703,9864.531741006518
104265,13128.137391980501
107786,11976.812795177968
83707,11594.127661230408
76858,15880.476007560217
94147,18267.4144994383
87307,11308.448216143352
90594,15847.187788790807
91305,16725.87372033563
83302,9189.052077633167
86173,11771.334047438722
95811,15776.006005017549
79868,13817.465166308233
105265,10420.590213608675
107009,8504.430809515587
107281,13264.897650071403
98848,10352.875569352487
84222,10516.539646781337
98808,15572.159724826393
94002,16994.526802315733
83985,12590.522279487872
107772,10293.156850673793
86564,9719.374588822875
105241,12003.605336449464
101060,8035.595814349282
104362,15986.848565359664
77441,8587.545869272208
92827,17594.593731886285
86523,10637.575417701431
78695,17363.049500638575
81392,15227.278588263547
104823,16243.188134327784
93521,20439.798426837115
107098,11737.413712208194
106011,15800.385087677083
97032,5378.715818268495
88646,9221.846086693522
82014,16359.706403711825
88034,9691.300072068609
90561,10432.379027473175
107888,10900.198417901913
106249,10281.581727981667
94608,13943.897127362281
78134,11737.305839141083
92898,18757.806176835355
97031,9086.831723982401
85220,10101.838585198464
104973,14231.696782131694
104081,8426.596172296171
89865,6282.569498272078
91706,10091.475411689571
86089,11543.22110797527
98736,15121.38472078914
83238,9189.052077633167
104237,18237.310580346377
106990,8712.45727193977
93432,16788.32388828316
85280,11594.127661230408
79909,12398.178176415908
87698,10075.169409813876
106059,16419.738625592505
91016,10961.895471392321
80180,13723.37380935143
90006,9838.559599077726
78122,15678.01690687399
99672,6932.263837229764
102297,8992.217432538615
76047,9953.012961246497
106296,12126.65118388702
79989,18499.089061234794
100843,6165.543942102686
89014,11961.896631872509
90568,15495.090092670072
79905,14085.296136628222
90643,11244.999577069555
100729,9291.898919151507
97084,9257.732207917572
100984,9612.745202067166
91475,16725.87372033563
105531,10753.846499363133
78482,11564.774731411486
83254,10864.028483954668
85217,9961.976608432564
102974,10155.070967219604
80040,16023.20708676057
96077,10616.597455386795
89073,8456.691124589683
79118,15968.529550002202
107565,9076.674243507978
93486,13907.132059769534
84670,14286.855251732064
81104,12786.78763828354
97867,11598.457782537529
92897,11288.332630236759
96592,10878.575518555268
97864,10356.67610089721
83369,7992.6438162243585
100471,8910.097075466952
87533,9547.480296066184
93111,13662.399539588972
99979,10155.070967219604
103340,11634.730074076322
104434,12463.958881306353
78515,14517.342841841475
82046,24874.63387797919
100572,10234.455815337276
96382,10346.546130597108
97575,9112.933364377777
76210,15846.603316856104
96628,11223.265389747248
98232,8285.821812868375
92457,16972.96752461706
103665,10245.84687945897
107838,10527.364314136159
81165,12757.541491727345
97719,16023.532830695305
80739,15930.432407292961
77593,10066.529758003458
84766,10131.768150764248
97274,9595.259038044482
77281,9271.984618612116
90347,5456.136701249668
77555,15345.314349145323
103246,8315.72757899448
78404,15280.402258801492
107745,15591.843051058926
77017,10871.685282643146
107995,11850.973498705407
80982,14833.278932386129
93844,27553.28698781309
83606,11138.911047461948
86904,10800.564920659956
102616,9238.652588280562
81768,18125.999341644467
81464,12089.392846821764
103309,7863.77131706101
92975,17066.671968661543
96156,10978.902219743512
87770,9430.342897106566
99632,14201.696217355433
89924,7167.541430899345
77573,14712.088347597863
102968,12453.802330257306
77822,14118.423716388706
77725,8628.083168710054
100787,8095.511762727115
78013,20505.509342508427
94440,15178.055715760162
83938,15188.38417031474
81204,15303.119651636187
76519,20321.990061391345
82172,21108.559581325942
103592,5721.586046219393
102003,6940.4481358163275
104259,13259.057861021864
81120,18070.45549824079
106207,9073.838075360385
86710,7846.643538478685
94024,27881.88953650847
88164,10098.848277855932
86667,9814.448966301481
98371,11064.131247650215
102344,8931.410499870884
83142,10864.028483954668
92532,16097.883184992132
98345,7233.500727741394
94565,14540.226686522852
106223,10040.116091802684
104831,16930.19452156043
96144,7305.1209923949355
106634,10397.15440803173
90623,10284.319358019602
91275,17145.231787491237
91547,18236.427897100333
86390,9430.342897106566
101986,6940.4481358163275
102994,6768.159294806443
85291,8970.387163800977
97430,10991.408530961664
106209,12850.774086170355
94798,22411.020163934067
104565,6583.715126413661
93679,11492.563763024948
93960,17325.159403697675
90063,6037.129057325315
80038,17844.984384748175
106513,9091.34747990781
77267,15889.942949235658
91539,16649.602573981978
77973,22348.038663629
95999,9086.831723982401
78036,15880.476007560217
106191,10151.981668409206
77480,9417.415347668595
82656,9221.846086693522
93916,12571.14119542081
95975,14842.894480364519
81550,12100.122921834602
103221,9068.409632447507
84062,8970.387163800977
81584,10515.888493342378
99564,10414.27641020312
100276,8549.72627851152
81308,12774.63001256834
85519,10046.74369056723
80114,12753.93337930536
83911,10101.838585198464
101879,8511.493886729475
106626,9160.77726225679
89009,10075.169409813876
81989,13465.491502367233
88197,11252.75276859645
93592,17202.519930107006
103290,8912.882069477388
96988,7074.121130637788
106777,14945.435613236827
88922,15457.724086876053
78224,11671.38778812698
79643,31964.130725885625
100066,8995.028091705724
99132,7754.971404007612
100610,7203.899163148131
89409,9130.342317000299
105675,13889.587081363139
93304,16882.67836002394
87662,9043.312075509144
99433,6446.0938593137325
100011,9270.753009540524
95327,16817.592356231668
90169,10858.942605457318
103978,9268.17322936776
95238,16268.875802088163
96242,9233.685602625515
107917,10137.838003501964
92639,14727.300209118002
88936,14212.865046653415
102923,9964.011246902268
87883,11528.384097145416
82670,12098.445730763324
104229,17280.518339801514
82031,15230.154760849326
94197,15356.286578854813
93921,14280.515900285318
96030,14773.37544191094
106335,6045.030442259675
80671,11531.568335871107
86723,16804.70484742762
79293,17983.828834271153
97549,12906.539896911225
91837,14800.687824118677
86437,13722.04641302632
107577,16203.703767640965
88419,8970.387163800977
80746,24882.40828451626
82548,10864.028483954668
102711,9470.800648463044
80682,14340.242621135407
93204,17874.636690961415
99582,11425.453191281475
93195,20378.64974831895
89626,15932.950979501928
84713,4660.323698768798
103182,10960.62592828512
96954,15488.058405114314
81758,12754.428434378266
91938,12720.625485987837
92961,14179.468891722809
89533,13237.54276152079
86243,11413.149038770502
104482,12979.112478618337
83198,9151.014332579907
78284,11085.21017546036
101133,10520.865088282193
94339,16268.875802088163
88631,8414.651964312807
84364,10539.91572982607
104341,10527.364314136159
84650,8940.430175947058
91140,15541.410042455405
88889,10075.169409813876
98085,8639.31730600617
78796,13618.14028376576
80524,18467.228956178504
81309,7257.996955104879
87410,10265.670713327798
96810,3566.655675314769
89982,12759.340116323636
87326,9307.519115278817
79722,12590.994377872561
86367,9430.342897106566
105368,14991.742040798244
92505,15449.947069319893
103000,10950.185500755104
85052,9101.794968636646
76497,26300.828224018827
105312,13769.071945997981
89705,10876.073033046558
104999,17824.051701199714
107876,16661.080797699982
76095,15318.86265642307
96723,12362.4955647711
91593,18046.162318291943
85772,13847.144984319348
107199,9292.57262318376
78256,26210.90711051128
78275,17332.983497727346
87582,11829.040929527338
104231,11238.069383429924
90265,8116.9747939018425
81793,13797.675185478063
90526,11249.20389266016
99086,7674.093102365499
92743,14821.134108550841
95412,10647.768236760983
91146,16268.875802088163
95923,13669.86401376834
76021,13020.152102400387
92858,11288.332630236759
90984,20070.627188349066
79158,12546.025114945185
90318,11249.20389266016
91747,13459.256053715215
96641,8309.001108441666
76202,11335.532264302516
101040,10921.653921255072
78797,18471.67469495722
84745,11939.720901182718
76942,10309.958869874872
78980,16571.81381623397
96662,10920.751000954933
107813,17392.002364972006
93431,15531.40269826806
86915,10208.122161795556
105102,16445.26093483016
104447,12608.89009396375
83183,9587.30142215257
78917,10790.219549879805
99336,7143.147892470846
86883,8970.387163800977
104155,10352.462556786288
89989,11789.847259698
80406,20373.678833171016
103151,10231.25791761801
101077,9241.944112866655
80134,13512.139139226256
79090,17112.2532327408
93482,23257.90578494981
87205,10630.244832319138
81295,21983.032713474182
89726,8014.523250505342
107842,10653.919285204416
100351,8511.493886729475
78392,6277.952421713016
106503,10969.109271262998
103982,7773.280983291261
89276,4119.157746852519
83143,8760.004208086626
106521,12910.69280716662
100841,7889.642220734372
76990,7801.048377241557
108466,13030.015847259348
94285,14777.06340028208
76323,13621.478574387736
90868,12559.201528751566
100631,9629.231596658106
76196,5928.270194152672
98387,11326.90177184446
107494,7410.646855142202
107439,11940.455343046622
101458,12545.686498076895
78473,11959.307593664145
107016,11783.25423613279
102109,8559.540724384135
76537,12222.65841014331
106523,14103.942006325477
86340,8970.387163800977
102486,10250.675757430548
98993,15896.486416701213
79358,7785.805433630205
79906,9311.959812034964
83932,7992.6438162243585
95064,7457.963524485072
108339,13099.56826041854
90489,9622.106180011744
107984,14971.87638566227
108096,16981.5038525958
98313,7094.505758855379
79508,12324.673424814853
94289,16379.35867322462
104393,10657.577943837097
108220,8732.790098880574
104795,12021.032949542527
93178,14130.287625850237
106079,21116.351952705703
89584,7937.699768720208
102435,7482.326736974034
91967,26897.60407150409
107618,13176.261192930937
86862,6283.571394537847
87991,9151.014332579907
83618,11007.39005108892
90089,9249.513255802978
90681,11245.688953802653
85562,9612.775816917696
102934,8259.371509948785
78806,17842.18969215179
104615,16241.84952677262
101221,7476.349634538707
107067,17958.03458469721
101807,10950.185500755104
85952,11665.075215314348
99387,18029.1529394654
106135,5919.349103241837
90522,10219.493901456906
80068,15636.887435018034
95046,18420.95695506252
93546,15687.391992431772
97202,14816.939990488005
97567,7388.040950243901
79963,15891.44848347442
84033,12288.73948132793
86538,12184.96228227775
104104,17847.05677787466
98033,5901.200622670653
91989,16972.96752461706
102114,10799.950074432025
102507,7545.161491092144
104663,12704.1886735994
90772,7107.851012303379
102250,7482.326736974034
78758,11697.21577738582
101421,8964.148186826067
86744,10208.122161795556
98916,7504.032768552335
86659,11827.674414258814
79853,17926.793735047813
102463,7479.988696154315
103827,9942.113655812269
106662,14945.435613236827
97291,9112.933364377777
108516,10151.981668409206
101211,8315.72757899448
94947,12942.644833361303
87948,10101.838585198464
83719,15032.535099540677
105186,8722.934674274922
97592,13181.390441800017
79918,19490.66602008994
78137,9612.857865909353
78859,7228.419536422719
86082,8414.651964312807
96316,9990.942141079846
80327,9670.383020185418
81639,9147.43913917966
76145,18511.996727250473
76612,18259.08837642245
99606,14622.537752490533
101120,6940.4481358163275
98540,7007.740893644725
99667,7502.534086505249
81038,21454.912855594106
77521,13763.631019407685
83408,7055.79834248176
86905,8059.852138716996
85997,7090.157199003383
77009,15345.314349145323
103958,8915.97313835096
90392,7947.936796940916
94800,11415.72414644104
84391,7325.982979965908
94843,14511.033277189317
85555,11220.328204366759
101453,7479.988696154315
86686,9021.847100723777
101665,8341.868424260058
101044,7186.118831971353
84230,8184.721489970442
88440,9430.342897106566
103253,7791.9813159188125
102847,10185.121501980664
94381,21301.397469554737
94229,16366.417617119581
76327,20995.361717772066
97717,14005.757731258827
101291,10047.155307671777
81877,10440.730614254278
88927,7076.109048639779
77137,17112.2532327408
105325,7282.910362150319
79368,27162.30740828331
90769,11249.20389266016
101376,10248.804775343573
88733,9221.846086693522
104519,10633.964607697771
79100,10331.386337240128
85667,10209.689710282877
91111,16849.9402211074
84474,11225.127138110272
102166,6909.121130716592
96711,12120.516200283048
103102,7792.03788887028
102519,3042.538390206118
92508,13293.15064583318
79560,16018.273368444734
79530,13386.530841399397
103272,6958.18720195653
86935,9831.82681967968
88977,11736.497883020265
92681,12055.753691676007
91978,11488.194425311282
81144,13928.891794797966
98005,10192.236075267645
82716,9719.374588822875
83371,7992.6438162243585
95566,15043.91732816323
87240,9612.775816917696
105593,13032.0570296683
85457,9101.794968636646
89803,8008.382023521493
107934,5609.69844006514
94736,18983.11632948735
92865,13374.962202080864
89863,10874.575331831014
101109,9939.007095532379
100755,7482.326736974034
99015,15140.667112161278
98439,7938.559271998509
84150,9031.688029594066
87593,11665.075215314348
83830,8289.185420194632
96778,10370.69209908805
93458,20229.22595011816
103141,8264.177063919738
78576,14248.120611749151
84582,7941.322132410181
84034,11144.005579475926
79223,18230.854843891077
88574,11835.720541007746
95914,14407.361192296385
91830,16154.46128719261
76682,13802.543789082329
76091,14779.492488561313
86187,6804.741949832794
80571,14910.136895998128
78015,13697.833523461828
83392,10101.838585198464
82103,12417.273028445807
93859,16268.875802088163
76290,7733.691563817493
86539,7818.11395562249
81288,13526.44273129602
103599,7777.453781035342
90430,7346.152897767581
89392,9722.865587739321
98963,4017.4692243569616
88846,10379.308676058849
90966,21257.82767146958
97360,8475.205899153587
82496,9077.72795689317
96630,12281.363643180184
81712,12772.47568284601
105871,10352.462556786288
90926,12653.714723460866
81443,12929.485334308178
98173,12238.213240898995
90309,6280.7444794251005
92444,14532.921578443278
80136,13000.196743501449
95739,12509.754972054032
89153,14242.881634279274
76376,11389.975232989545
80884,12615.52237174505
87395,11007.39005108892
85338,4959.762885894561
103345,8873.055213778525
82351,10943.860885836699
94598,19999.97354281521
103500,8828.687165785275
90717,6786.412002534898
79512,12147.838577009883
82283,14565.842867144944
85192,5815.080373728075
81490,11237.029562846825
94793,15041.74585535379
97046,12664.771662142466
78567,19626.80852858139
106928,9552.502075296356
102478,8099.4579801501
99213,7548.3381899047345
101949,7334.006020145506
102151,6165.41349988639
82627,10025.306415598076
90239,7694.100178880622
91840,16469.74175615148
93782,21253.091919614802
97384,9221.172296459745
108322,11913.06675916714
97638,7139.309915910945
101508,11457.949829089132
77475,16566.635916542848
106194,22144.088057707693
76651,12925.083173154098
104133,16203.625599713987
99030,8424.766007031974
81824,13504.605314814859
83167,13727.328849257103
92274,14907.847940351468
86068,9045.326760757409
78912,11877.946459067
88363,11524.781933082164
97410,9039.608572656605
77823,15579.624280466907
98879,10150.76817440744
77043,10196.81421939591
93902,14846.469478462774
82757,9659.556699574157
90417,14583.625551745907
86645,12479.183573235485
105708,16450.400901077825
79365,15133.85690553891
93456,16620.94281610334
104676,11441.924724789093
92775,14566.105143289285
103789,9597.896939824725
98176,5901.200622670653
101278,6296.942790338342
86112,11038.20605568295
90579,13497.054162782677
102615,6149.3079260873055
97093,15488.058405114314
84373,7496.436382277242
97755,9221.172296459745
100097,8995.028091705724
80866,15742.086962862923
84693,11309.467393183897
103077,4960.693108898152
93079,25098.423252882094
97533,16071.912109376908
94217,11203.954888644874
106019,14737.425445155179
107836,11238.069383429924
84471,10208.122161795556
94600,16563.695096551568
94349,13226.272881943612
95132,16713.051911289233
104772,18530.714926132692
92560,12401.38747364713
101638,7769.271256970338
100523,7066.559696662921
82090,9832.6063292218
95816,13578.156649532271
88689,11711.150872879149
82540,7992.6438162243585
81643,12095.612753075062
104880,11516.387116363108
84922,13727.328849257103
97849,7489.522303127494
107366,9782.14946260263
89303,12120.07566599672
76547,20399.240472985497
105055,16012.1477037092
104312,8088.461813964372
106500,16977.816941353572
91096,11687.881849417785
92671,14043.248506464115
95982,13930.586368561208
105012,9160.77726225679
108232,17958.03458469721
84668,9942.537675690406
104903,11595.838918004956
86487,8472.725757379905
102860,6732.0796534727415
93205,10499.086602593781
78221,13378.70453999843
91931,20091.946309694107
81589,11476.262625260377
106873,12663.453384604856
89482,11242.886737683415
98459,6808.852076409085
97660,7761.670183646756
96409,10991.408530961664
101480,6093.135372786083
105862,5024.885461007874
90363,10212.003588595437
96433,8969.083213113905
76970,13196.628633864468
96689,15119.58110459512
88899,9430.342897106566
87559,9862.036060785504
92908,16686.421520004467
105211,8689.137167158093
96729,8064.796653167957
95854,14312.506258593754
93767,12244.457280552851
90545,10171.319358602394
84005,8350.631322261148
77380,15409.26201415745
105877,8426.596172296171
104706,12281.44732200481
89994,7903.267807456489
90227,10432.379027473175
89814,12892.571580020545
102539,6121.826200181315
87753,11783.105125079313
102038,9194.826275399158
76666,13082.26281289409
86698,6585.199982752569
97368,7675.905877602376
79416,15312.44229309626
85147,11736.497883020265
80148,15820.214111277799
96579,9243.613093047737
89817,8291.668875807849
86431,9031.688029594066
103566,4500.277659250496
89355,7740.261793604098
97349,6850.277132835952
92618,14354.566825932325
98595,11229.773786670374
87502,10405.599868311378
107954,10055.704643934203
81470,18343.753888653315
79848,15917.235402855826
96373,8883.963075544754
79599,15984.568211402295
101454,9597.896939824725
92802,15854.351192960568
82725,8298.79921063288
81084,18215.868749482594
90130,10432.379027473175
91985,11720.072685896293
79528,13136.002639534514
86359,10265.670713327798
95724,14535.091648289761
102527,7430.015351339988
87032,15019.982495120985
78499,9953.012961246497
107980,16445.26093483016
91005,18809.834590329705
100196,12651.549237010888
102797,6940.4481358163275
77141,13353.912159461
92109,21937.636476115298
96501,12852.395324270676
83865,8970.387163800977
79122,17774.160067712033
87979,16139.263062307797
93237,17032.59224272876
99104,10117.201922781853
95095,14800.687824118677
89412,9281.259001915178
77440,11313.779950275275
84127,6952.436106406377
103842,9778.449906153888
89806,3775.4904335886135
98894,7502.534086505249
88126,8432.275811948595
92809,11374.818740027335
106076,10527.364314136159
80110,14130.120516901341
95396,14165.21113801557
103003,9535.877642859188
80123,14420.879359077075
82441,9430.342897106566
89990,13680.41352982931
92936,16067.187730102776
82544,8674.560104119899
91339,18661.9639365786
103929,8995.028091705724
102389,10046.372626817985
91128,16972.96752461706
89752,7107.851012303379
76840,9152.306215108476
96514,9010.281207567557
98706,12015.760208966218
107602,8460.819476424598
103844,8995.028091705724
76375,13591.17561338427
80401,12525.946232174112
79030,13952.273833902942
105766,7919.908248033771
83033,13875.768632302323
92521,13234.31158741505
90836,8116.9747939018425
99168,7110.537948319316
86363,9612.775816917696
87320,17422.08350314641
88185,7659.206972499923
79290,14085.296136628222
88091,8269.578304769253
83838,6544.912414423834
88099,6844.712669471286
82824,8819.286768153457
94204,9955.88458757496
107723,9431.034304267521
93691,14871.394038570268
99317,15209.163961715756
107105,10597.799389938686
106351,14054.173361643174
82970,11007.39005108892
107261,6045.030442259675
76679,19891.482888287912
79464,12422.330582874209
91312,16970.002427138195
80546,16560.10344689344
89220,8286.904411717407
91796,16806.309208306113
106360,15785.228902499251
83027,11754.71820656148
81553,11863.193828184822
79124,13427.8876606042
82590,8488.910397073834
107515,12446.456765861274
87964,6826.877249255816
79995,12761.939876656266
101022,8995.028091705724
78580,17702.596316455292
97644,6785.263059029057
87603,12115.035648731951
85091,13847.144984319348
85155,11434.440587454967
78402,10574.391372894563
92603,16862.697495236564
79788,12609.556156920216
107769,14777.640000389476
105117,10212.093685290441
94619,18463.927324781114
76808,14442.466146694156
89229,12198.770753619803
102592,12545.686498076895
84597,7707.28444656348
77146,17362.56893578835
98794,7705.041863890281
100453,7359.706906292963
84075,10075.169409813876
92090,18158.265953107904
97646,12521.428939779975
84071,9430.342897106566
80924,15631.662105703903
91167,16430.89367167195
92607,13856.980379277795
99654,9851.846662265312
108195,7685.832680257614
95150,16994.526802315733
99921,4841.872797537216
83768,13950.589397798945
106095,10201.861559110472
79380,16152.808591297739
106671,24704.50869585309
91757,19113.060351868684
84936,10864.028483954668
77970,14716.935573157736
103327,6796.741018817871
102169,8264.177063919738
103207,9964.011246902268
81602,7877.529251783727
79975,17886.41366650736
102385,10729.086301800615
80726,15843.896989021689
106953,11512.865741489362
92929,14643.658984135796
96553,12417.429708616484
79654,8677.875190353627
95376,14289.06551275571
96667,12110.603955949719
83421,8286.904411717407
107579,10250.848542269006
89108,12751.921121418769
79958,16802.704967767666
101980,8374.84135457433
85178,9393.7608702345
100898,8557.593586151681
94926,10013.091472000327
104484,10201.861559110472
80250,19366.862415732718
79639,25269.363306570984
84385,7707.28444656348
98249,11521.062808115128
94803,21965.2934639081
99178,9201.020827008286
99706,15214.02628385765
82493,8674.560104119899
105868,11053.461461957417
98807,8357.68775747476
95529,21993.25643891336
93580,16255.731680897476
91437,18057.68949794041
87804,6844.712669471286
92901,14327.478673037254
77177,20102.364501090768
78856,12922.709186272064
84586,2944.656445000765
85230,8031.733807405854
83215,10128.933001251711
78610,12894.108117227992
100081,7564.445919236805
105716,9600.745900105698
95022,12499.459982160866
94225,11546.876627527996
106371,9396.454571786096
76850,16381.35678770687
108514,13389.94933859981
80352,23670.368882235696
87930,11513.250815897189
103564,10295.23668873397
79881,24353.12439519543
86736,9814.448966301481
83661,13722.04641302632
98853,15980.152269644033
107158,14253.398998158124
96809,9207.633779795344
84048,10864.028483954668
90608,9351.903279183729
89134,10965.911513223655
99321,8402.68876015664
82452,15482.681515187829
80684,16209.982794422378
99699,8688.750993193687
88449,9237.898290154713
76962,14295.029232559016
105626,12646.43939213048
78655,18368.555451388464
97115,5680.082573501857
94865,12330.567787883194
85675,12866.891970047487
96671,10419.463821239235
93365,16953.61466386575
105188,12714.445961897341
97713,10962.769551384836
98996,8292.931767561455
98329,6071.371946138881
96091,9086.831723982401
101010,8961.347175570998
87169,11128.825930528752
83760,9430.342897106566
98511,12862.502482100743
94233,25433.526279217534
92072,11224.514259592386
79796,15189.887711421863
97619,17481.248009205225
84419,8970.387163800977
101015,10079.37300007049
81132,13556.702396307337
105597,8648.492568035701
99139,12056.51301699552
93116,14368.920060642962
97838,10982.33377947832
76627,13123.0139016023
81785,11939.431459229154
97645,10807.04194903469
78865,13046.312183797065
92152,17865.57412178674
106432,16210.751223750334
81609,15880.067911266218
85585,13722.04641302632
79017,9381.808080860026
105666,8426.596172296171
97664,17990.478305147066
84418,10101.838585198464
102163,7950.436941852254
99675,6930.879331877022
82132,15874.76132429648
89488,9249.513255802978
95516,11496.20924345521
88542,7846.643538478685
81995,11789.850577244162
81065,12895.545561856206
89542,7346.152897767581
87184,14858.205380759679
87194,12875.311388881664
101981,6959.270604008877
105620,9076.674243507978
99094,15542.22288108018
101950,10185.121501980664
93488,18880.86192508499
79632,13146.532084228202
79299,13944.109859288887
85438,8970.387163800977
91006,23412.81372932733
78636,10309.958869874872
98590,9844.350232724915
97735,9578.05216956641
103694,10520.865088282193
97890,11090.281488370503
87646,7076.109048639779
107953,16977.816941353572
103882,8111.247637196472
77900,14936.21918426593
101991,9445.798202734593
90105,6282.569498272078
106516,11030.828924440191
108415,8735.519678965697
78853,7867.945149282376
98196,8285.821812868375
95738,20857.941085843024
89535,14114.182188130399
85467,10037.732517568847
100920,7476.349634538707
97314,8356.125739119236
103461,9647.987633675408
104907,9800.084922031192
92168,14766.353293812717
98077,9851.710958220514
80593,27152.37106481739
76915,10853.801724066738
106919,17152.019417055588
95592,16771.763619808156
105772,8426.596172296171
95614,11693.321453119786
92550,10227.661815701751
92495,16908.531504157865
84341,9101.794968636646
84600,15266.317459235472
92665,12647.736564753131
93922,12731.649391286443
88129,8031.733807405854
82700,9730.504313761581
94492,11060.826533862568
100974,10885.890796409785
106554,10731.652250482124
107785,14642.142760162018
107443,9160.77726225679
105470,7404.759493709837
99750,12015.760208966218
94633,15740.566861725143
99429,6932.263837229764
88790,11196.553931368893
104180,16014.415426223186
104589,18825.43176590626
106704,15044.809873407437
78596,12925.083173154098
102083,6888.149382342062
84507,12194.070467759972
94274,15589.40448478095
92588,10970.566027586723
84344,9612.775816917696
99818,18652.415485938764
76710,17528.867997100228
107923,10706.930884118912
100470,6633.319082580704
102211,13427.69663610756
90030,5252.0031067152195
90852,11405.63124863775
90222,8878.157954365428
105952,9345.671694074705
100876,10950.185500755104
98062,10352.875569352487
100478,9106.139390275132
85486,8378.801752448186
98292,7502.534086505249
86160,8059.852138716996
82468,12408.846374176439
76728,11586.756869733375
97277,13746.88056891956
107553,12704.1886735994
100325,7973.968624862494
91775,20764.672124567223
104326,16097.577263913827
102909,9488.341364828271
82173,15636.887435018034
96281,9083.992382299184
92426,12942.644833361303
97724,10651.747500847876
84057,6035.819954219489
91020,12269.415075537569
100095,12545.686498076895
81655,12976.401384466642
107220,8955.300638688039
91626,16994.526802315733
108469,14937.779908463484
94037,20072.85601973091
83530,6195.079933413149
84542,8967.584203281447
85634,10352.26442571667
91707,24872.64416931924
81934,9476.224127581301
94960,9194.101981819245
105778,14738.23575235161
83841,7740.261793604098
77242,19021.77043391167
104694,8426.596172296171
89706,13610.288511003386
88670,10265.670713327798
102492,6353.77323635742
82971,10561.165062428943
87256,9839.826307295594
84642,10864.028483954668
107437,16210.751223750334
94640,12434.883010737669
96089,10419.463821239235
85018,13649.995346514292
106576,14574.524588659222
104158,9076.674243507978
98002,7110.537948319316
108045,15782.346834477548
105890,8426.596172296171
103298,6958.18720195653
98977,18652.415485938764
100431,10520.865088282193
81100,12960.412836026857
85300,13567.283592974298
77518,13065.447775289636
76712,12420.723994893642
87545,8488.910397073834
86848,11313.002264780343
77647,17260.44010094606
92094,7939.719737434578
78540,8910.833694506036
82957,14212.865046653415
82768,7454.262371694495
95875,12244.457280552851
80705,15800.273729451019
76746,22082.48528435428
93222,13143.92788569455
84494,9151.014332579907
97557,9010.281207567557
104969,14694.713810297604
92998,10608.801621061306
75991,12588.005927743581
78217,13130.70094565292
79176,21976.164168551215
83261,8378.801752448186
81177,16986.97975097557
89681,8298.41183109531
96968,10681.96824173708
82896,7740.261793604098
108357,13015.306518179766
103421,8964.148186826067
87971,10150.615489021076
87170,11760.626920984389
89941,12559.201528751566
104046,13769.538479796794
88894,10208.122161795556
82638,9505.25561372296
79213,11933.741517332624
92902,8140.670277605918
79282,14734.972664435381
86331,9022.225016549484
76336,19586.877210032424
96080,9178.277305463673
86990,11409.19869142934
87762,6566.47641396691
80699,15777.834777251488
84711,8378.801752448186
95297,14270.699452820698
92828,12115.69412562213
77614,15231.183463267702
106565,10830.744618175704
96874,5172.188368244523
77145,11389.975232989545
80473,17845.674726603065
89438,12755.353360551224
98442,15572.159724826393
106213,13805.672089810761
101442,10209.685787331659
79337,15659.43219848129
106021,17182.430441272496
88638,8423.730373968292
77383,10687.820114473996
88452,15045.626673367333
104464,10443.901722202725
82639,10473.45774839717
87305,9430.342897106566
93172,16268.875802088163
98857,15362.700921986812
90873,15575.120828694588
99679,7501.687946044518
78104,14740.065045577598
77770,14200.940912419112
91351,9645.410417761075
83700,9101.794968636646
80548,17931.40353635304
81163,12947.539567233247
84140,13026.714248934471
95479,16895.475713493106
91705,17213.457843554694
97722,12055.104068953155
88383,8059.852138716996
96632,8659.276353777668
76496,10317.027690123652
79062,17362.56893578835
103519,7482.326736974034
87592,8153.014621535623
97668,13308.010010123024
77969,7637.911483985582
97610,16285.708188738126
93889,14344.867586833656
87792,6723.806269498668
95078,14766.353293812717
87575,10987.888711916868
78804,12031.362934576026
84242,9244.834998575416
83462,9028.86591663986
102260,8896.086001202822
102635,10960.62592828512
104460,11343.606657264398
100463,9239.14995510431
77272,13832.428434036312
82246,12510.277728669933
81472,9492.532115107413
82420,12365.906194628957
91586,16255.731680897476
91099,14736.70590581905
103536,8511.493886729475
105169,10352.462556786288
93837,15350.674821971508
93958,15412.592145165483
86124,6424.871765531134
97448,7673.507356203825
83040,8184.721489970442
104713,13260.752941266583
101549,9184.60017861272
96018,7966.276604857415
91089,20857.941085843024
105130,11991.741510980944
84720,9391.453784418562
97182,9671.012569674933
81653,5958.806236438487
87522,9021.057329656167
92754,12013.282041581868
77510,8477.067788227669
94863,13232.294295853351
108414,10440.638386597726
102393,8768.138180480844
81528,14394.050079998928
78983,18050.576681440423
98051,12056.51301699552
93080,13669.86401376834
92657,13384.741319201907
108070,13327.557612475835
96990,14531.760164389929
83301,11627.392235641128
88459,10602.869368889798
80158,14862.681030513228
106913,17549.258467112693
91119,13617.932187622044
85522,7740.261793604098
87469,8123.908529337034
89620,12695.137446819417
106903,6434.967537473449
104183,11407.732818875533
107015,11584.681624976616
89120,8970.387163800977
80555,17368.424260209034
107037,21116.351952705703
83340,10864.028483954668
86654,9976.609102368819
76116,13065.447775289636
108208,9339.539654189928
99790,10352.875569352487
100950,7545.161491092144
105495,12883.473709153115
85317,10208.122161795556
90114,14118.088089464296
99322,15160.666244647737
77185,16031.293075451154
99412,10460.219532504883
100021,6093.135372786083
106020,10443.901722202725
85234,11701.839457623819
90059,15030.531910247297
106902,7985.6081974684475
106871,11244.745961209366
97784,12262.467821179693
96140,15827.105156271196
103840,9166.328738165332
99573,8642.017672946607
81967,12946.599723230598
96124,5895.698538796375
80245,15875.10613606351
90896,20378.64974831895
100257,7732.047378179113
76759,16393.30914521793
87022,11570.910655025533
90758,11727.885582135998
94073,14737.069087328491
104837,11238.069383429924
103025,8995.028091705724
91765,16994.526802315733
88352,10566.536229411067
83826,11007.39005108892
106648,11171.668546235029
102967,10799.950074432025
88989,8378.801752448186
90846,11805.020743989226
90232,9610.399907621357
95262,16317.059687609108
80599,7823.390485928941
93353,13669.86401376834
100230,8995.028091705724
104516,10443.901722202725
76127,13639.761391000988
99603,8308.344647199772
87441,5113.317651581596
98607,6989.480729209708
101385,9942.113655812269
84028,10836.357300303878
99900,8493.741286626364
97880,18584.084562009943
103005,8445.870125168794
99862,6930.879331877022
84899,7248.772896501201
76129,17516.86293932414
107674,17756.110271906822
79058,16031.293075451154
103161,10950.185500755104
77525,15642.176732361244
89366,11313.002264780343
76529,13806.101760229141
78121,24980.191672450605
87960,8863.362296009316
76468,9658.274653450011
104029,12616.614982933066
78294,20321.990061391345
93269,21601.698861824716
76124,13182.319415240792
107551,12704.1886735994
103953,9535.877642859188
103212,8995.028091705724
77337,14839.8433529775
94095,14289.06551275571
95358,15708.19148504262
94772,16063.052260076398
99318,9405.373027993219
96569,13795.413438353937
91669,13374.962202080864
95240,14736.70590581905
79693,21140.20499731486
83100,9028.86591663986
85506,13727.328849257103
93245,16268.875802088163
81444,11683.6651242327
95558,13597.450898837158
105709,11512.865741489362
80796,14857.299792869713
97061,4309.772711755892
91452,16590.902748037493
88626,10602.869368889798
92700,18905.72009386769
80109,12209.230082239535
103649,9532.957630519295
95545,13907.132059769534
96879,14042.562519315386
94580,10091.475411689571
88361,10485.447403689304
78094,15230.840779117223
82831,11007.39005108892
76965,21495.242069111096
89246,10757.16082643538
91844,15611.564506591003
92122,13691.50561141777
98944,9284.093065598061
101088,8149.665090785931
107119,8732.790098880574
91603,19206.12895744843
83339,10985.646774916411
105408,12290.533133318746
97091,9089.188454356301
93822,13436.164774231804
96950,9965.116819875835
106461,9995.48325927684
79538,16064.006253030704
81813,16990.687298050314
92640,17284.28574332655
107376,14998.36017162986
88834,9892.426226071593
98532,9995.929214638032
94957,13815.051394937305
84884,10128.933001251711
80124,14347.927700683544
92048,18108.900128622066
90244,6765.628954661792
90103,6594.57125484687
108009,5504.47350610487
96435,8348.336255559501
89475,11805.020743989226
86286,7513.787325428465
100193,7877.444570278721
99733,8296.278867568379
100561,10056.475908020233
98626,7303.13812718341
89177,8660.61316586105
80294,9772.557434281456
79134,17259.090545425264
78603,18259.08837642245
108528,12122.862101235407
79147,14279.651860244816
78538,6978.835938827934
105042,14189.09921418933
93560,13930.844585574538
107122,10201.861559110472
107336,9428.087422220075
105831,13260.752941266583
92973,13886.051734770255
79087,10167.252173536777
86806,10864.028483954668
98787,9128.398595401466
99838,9405.373027993219
105442,14158.740459240142
101659,8161.930795150397
95085,15931.357851128552
89893,7452.554984956886
100412,8918.20577649824
78433,8783.464862209172
90887,11805.020743989226
87783,8337.39820506089
105572,10436.980950158795
84065,14429.999786782124
93714,16267.891931705532
96148,8887.634543281463
83771,9221.846086693522
84970,7856.819794179788
88859,4523.677277945479
104620,16792.34606784621
83749,6424.871765531134
90174,7343.857402196216
93947,16882.67836002394
91462,17213.457843554694
108075,8088.461813964372
79113,16420.432815539596
88445,10545.841955392834
81311,20035.295048280037
100633,8995.028091705724
92904,16725.87372033563
83091,6424.871765531134
104657,11592.215678806246
82910,13950.589397798945
92383,14540.226686522852
93424,9303.45547068255
79891,16253.094893976993
98961,7802.698137718838
81502,19393.87779143115
99035,10352.875569352487
81371,11761.886708082202
87333,8967.584203281447
90353,5497.278559629974
93258,15993.123864227553
102053,8220.940481018913
86713,8926.811624369211
97203,10646.032514827877
92794,16590.902748037493
84293,11007.39005108892
91672,13154.164169206391
87085,8378.801752448186
99300,22467.422730612157
81242,12722.387640416338
77834,26585.77028081655
86864,11007.39005108892
108332,11516.387116363108
93461,16317.059687609108
85198,24428.935648701008
75974,13835.994108183584
78679,15807.373194786975
97060,10764.33228557524
89300,13847.144984319348
97682,15460.860302071813
86664,6688.589914703141
85169,18396.467798643363
82930,15031.577774710739
104583,14015.995095693925
107212,16168.294386349267
78128,14295.029232559016
101395,10079.37300007049
79984,11847.529682460456
106844,10969.109271262998
76507,11953.817594535214
87935,9785.050774041576
81796,14681.808587597767
92942,14766.353293812717
87848,10025.306415598076
88325,11680.511684726083
91296,11309.030020220958
103415,6006.697488873463
99038,14945.185184826567
101080,6353.77323635742
102789,8692.663333109149
84656,9719.374588822875
85716,10492.379702187873
90233,7189.358414701705
91097,14982.993762428992
104466,11011.714867253319
85061,9976.609102368819
92535,14688.523686731622
82437,10208.122161795556
104845,8007.225556035441
99353,11257.421123797229
94273,21889.730157587343
84080,11516.849376128926
90877,10695.065461750142
77883,9835.037417210964
106394,12462.385457593708
103042,11457.949829089132
105388,11111.479723770854
93490,13835.75668065781
102852,11548.363788616194
101859,7474.0134611651065
108113,11601.139219365074
77290,19197.63697342138
80341,15874.76132429648
84286,5181.97822517817
96187,14933.169155275253
100716,8161.930795150397
99682,7500.18973223568
89827,9249.513255802978
82053,10104.08125538129
101135,9336.457256959715
78574,19279.064100157808
82541,11691.145878756077
94530,16994.526802315733
107277,12803.509490971974
88719,9117.119525498576
95962,16115.38695885649
89249,9430.342897106566
98786,4729.110591955755
83968,5672.400062898574
85115,9893.326550318201
79741,12761.939876656266
81050,13604.967480101403
106955,8793.185885971388
85572,10128.933001251711
80604,18158.90037332148
106115,10717.612208694873
76213,12062.613966557734
92026,21910.185239391154
91397,14763.205970169334
105916,10646.1588649321
100938,10541.110717016105
102187,8099.4579801501
87434,10208.122161795556
99959,8768.138180480844
83438,10208.122161795556
77840,11498.170363172367
100930,9103.294016233112
94925,13865.844314219674
78494,11463.037905053076
102418,7479.988696154315
77793,5401.778316154243
78383,17555.70113570732
84216,13727.328849257103
82610,7055.79834248176
97544,10184.88510927431
92549,18533.935102255695
80538,26305.504967677312
90890,10695.74573418596
100299,8075.801882156311
89902,7107.851012303379
105561,14080.14972768388
82364,7829.820229246451
78091,10309.958869874872
86023,11007.39005108892
79752,14893.661961405054
106315,9136.907702536353
80934,13674.9252283548
78782,16338.637256120144
76471,17004.287048193262
87418,8679.043534583581
76891,17700.291466223076
102628,5248.880947795406
89363,8378.801752448186
89237,10566.536229411067
80257,16619.31998066723
102857,5586.47392900969
76201,21450.465011823766
104887,8426.596172296171
102310,6325.093916179856
78714,28602.060800602598
89302,9580.030891531387
87676,11007.39005108892
90321,7921.358414544485
85244,10402.348499482807
101913,8339.261833954026
87086,10852.150833890068
81974,18214.42209736206
98075,15214.02628385765
80870,14032.352308457424
81556,19937.34308074165
94722,18260.93949436923
83840,8738.079550448683
100809,8507.521297147678
77101,11702.82413881256
102172,10717.206079235195
86373,13430.1147525783
77540,12025.548312098597
86271,9826.346516217363
77679,16722.442064904975
99807,11257.421123797229
79126,14775.463465338786
86337,10208.122161795556
87496,8238.869240664277
83272,11385.89759387345
103495,10520.865088282193
107915,18160.05876991081
82213,15840.606941610153
99461,8688.750993193687
85797,6325.849530845187
78898,11226.677268489173
86463,12150.917771113685
108138,13764.129644747027
88417,18120.41642660303
78694,20601.520303732217
99802,8424.766007031974
100250,12128.00625066117
83482,10262.463063033472
104457,8444.46287620455
101415,7472.019049094889
101767,11634.730074076322
108250,13264.897650071403
89772,8632.99259050694
91127,13154.164169206391
102887,8992.217432538615
90756,8704.167559445646
107554,16419.738625592505
103731,10950.185500755104
92317,12751.07816460183
86805,10388.194892569056
91722,15638.303025187248
85026,18120.41642660303
77478,11987.000860975228
82027,15937.311628737274
102742,10950.185500755104
80198,11978.26718920706
94907,15447.650818853906
106738,8460.819476424598
99797,6446.0938593137325
106456,9861.15126049928
82741,6844.712669471286
79172,17200.80718191761
106696,11976.812795177968
82422,8153.014621535623
83924,8967.584203281447
90599,7107.851012303379
108095,14159.898629644427
91777,13680.622723066912
95001,12079.94148273307
80408,20674.416210548585
87330,10864.028483954668
103361,10950.185500755104
89641,9360.76895717652
90618,10432.379027473175
91679,15666.455939603647
96844,8969.083213113905
94418,16590.902748037493
97002,13319.001681643176
79748,15957.842494952145
96355,9411.659523276967
92347,12729.98821482188
81569,11977.94523199456
106924,16450.400901077825
85270,10128.933001251711
99622,6446.0938593137325
106843,6019.602651413734
80147,12279.88568566024
102181,5866.327714929687
84710,8423.730373968292
85189,9824.907010871451
99281,11578.907082496715
101130,8995.028091705724
91554,14540.226686522852
86116,10388.194892569056
106899,10519.44442914168
84516,10325.518904645747
105422,17304.3361620053
76956,10846.918988536767
84006,10320.457899375071
81453,12868.900051419034
104850,11695.490828148351
90867,6300.346124341108
97154,10991.408530961664
102088,8963.94042498598
96019,12895.651142510014
100300,6958.18720195653
86459,10567.686925184646
99304,7919.506795322473
80630,14964.127712737689
82387,14851.142919459538
91359,13753.213268341351
79123,9953.012961246497
103324,8341.868424260058
101086,10950.185500755104
97170,7344.909203763864
91834,9550.817363588194
85238,6337.844261004681
81942,10892.189252585778
90971,18240.856051303403
87864,13206.87575593691
95296,22888.734351806437
91427,11002.444091819092
93697,13547.596508139044
107694,16490.642876087342
77364,14617.32036291061
102144,6107.294823012446
83410,8488.910397073834
101560,6957.255415480893
84775,9427.841278943417
103879,8268.553282577373
103933,3678.381390921849
76344,11463.037905053076
82119,13254.824192673348
102130,9112.669305610578
85748,9221.846086693522
93769,14029.901001193366
101775,7488.306663140136
94613,17043.83271257091
104021,17549.258467112693
98175,11229.773786670374
98477,7919.506795322473
78185,11963.967999739205
81576,14343.444617175022
84854,6195.079933413149
98361,9470.409772900412
81390,9998.943127599216
80911,26628.530993959565
89407,18402.217577508163
95981,16556.962617915466
79131,9381.808080860026
96624,9965.116819875835
85131,11225.127138110272
76436,11907.391181567256
94111,12458.771643885158
101518,7095.229027593887
76588,25564.204124125743
82353,16631.146392599243
96186,8163.621701989534
92735,14535.091648289761
87271,11007.39005108892
88968,9021.847100723777
84154,9430.342897106566
93692,16371.967373249523
89484,9644.420293185405
92547,16972.96752461706
78689,10652.434461911926
102058,8075.801882156311
102579,10629.355705194408
105825,8735.519678965697
96154,11647.865604718014
102183,9181.73029080397
85976,8851.969527440895
98679,6914.200316312053
89612,7691.6959729756245
107988,14170.740846313676
83362,9883.015674005637
94251,12975.309849782629
97018,10978.902219743512
90329,8014.523250505342
104604,16648.25401509458
83742,8812.20529795405
99447,8424.766007031974
82194,11831.170599850213
108351,14192.11302900272
105314,18160.05876991081
97351,9013.0975122242
105861,12068.27490808248
83010,8960.57770850688
91447,13674.039902420574
87619,9177.236358317132
91870,15073.872637455574
86543,10852.150833890068
91484,10499.086602593781
100659,10950.185500755104
104491,15064.826703976725
100779,10950.185500755104
100935,8873.055213778525
82331,13154.328110937713
105140,15469.396935424696
96349,10982.33377947832
82664,12761.270181742664
104532,9606.521660346829
91854,16268.875802088163
77003,13669.623184124912
85137,6844.712669471286
94577,16268.875802088163
85461,8970.387163800977
77550,9685.223244569
99095,8639.31730600617
91832,13486.297854425846
85920,13727.328849257103
79766,13311.818957288891
103839,8745.291579706336
98167,11502.659025888433
96684,7023.930054722502
106982,7985.6081974684475
93524,17032.59224272876
108310,10527.364314136159
106569,11019.559932317277
98088,16700.41791445418
78890,13014.805051449686
81559,13445.962304703546
105178,12341.384021307662
90578,7921.358414544485
82299,14392.218463488722
103885,9184.60017861272
77488,9451.975902917207
96669,14816.939990488005
78344,19088.108905971603
79405,13163.344104158448
94620,20284.663061969026
96836,11704.146880141223
80212,9004.523212466547
95746,15301.71819316938
77363,17112.2532327408
76866,19283.15096473414
93847,15992.843139284307
105175,14493.315286359566
90010,7885.138382080967
104429,9637.531680569102
91160,16994.526802315733
78906,10745.343640035637
106414,16648.25401509458
86910,9151.014332579907
105882,8460.819476424598
107238,7157.351217863152
77102,14458.305852408821
76704,10066.529758003458
87083,11349.603867021311
79057,16338.637256120144
83270,9189.052077633167
80561,17880.825041984914
88469,4861.817269417251
78768,13103.524359857116
83574,10025.306415598076
76771,17712.143599242987
98589,13589.701803544163
93091,16268.875802088163
108358,9076.674243507978
94601,16725.87372033563
76151,11955.57079473056
87442,9204.226756244814
93531,13001.732274648684
89771,11440.597739334376
85803,12550.348844652075
93147,15760.560820762239
105196,9160.77726225679
76171,16657.909897605114
90616,10606.676955461184
100032,10470.669606943939
92905,23207.722436403248
95696,17594.593731886285
88913,9867.521693590565
101504,8489.31593201798
92241,11452.78851025831
99822,6930.879331877022
87745,9418.62652256269
105827,13570.101843485825
106620,8929.433464470221
93497,15211.091773548416
89250,11919.678340118175
105581,7643.019780292387
91076,10402.69821035027
83506,5872.712756677801
100635,10744.167795121628
91828,23341.22955811437
76039,10818.781289473925
80685,8992.190406607278
97571,16735.961257224102
87425,8286.904411717407
91662,16971.673533196943
105161,15326.458847037651
81006,19490.66602008994
82888,12333.686179066517
78545,12731.996277750684
102922,8382.876610500009
96198,10468.587999664349
92979,16255.731680897476
105623,10091.252034341242
82195,10212.366320870806
76760,11960.229744739352
79305,15303.119651636187
107942,9241.002398066254
81981,22261.096744544244
100135,8995.028091705724
84307,8863.362296009316
92628,8867.772238220672
103304,6877.026304604318
89421,10025.306415598076
103645,9491.307078100184
77164,9010.281304525493
88451,12198.770753619803
76488,13625.736021132583
92835,18882.521619084127
80449,10319.16536146892
97408,15704.971771989345
99256,14051.293992366263
86205,8206.720898503638
101002,7706.2692056807455
93390,12267.808873101842
101654,7476.349634538707
90595,7834.549580487991
94955,16972.96752461706
93871,16009.50557398123
82164,16952.58158324646
99373,6446.0938593137325
90148,12525.489204127929
83210,10075.169409813876
81726,9500.333486317919
78041,16611.527005508062
106229,9262.672438743508
84209,12150.917771113685
92225,16795.447081256665
91878,10499.086602593781
97878,9370.668636663158
77435,11765.534771251903
91180,13143.92788569455
100272,7476.349634538707
94228,15006.784822322787
80549,12104.066650975388
99566,7802.698137718838
85829,8940.430175947058
102693,8768.138180480844
83322,11810.766150156593
96980,7362.310898136224
101844,9595.226134856097
80791,28971.911432832516
107384,10631.334108997451
76193,12209.73019424736
88605,10208.122161795556
95910,18139.093470330947
101217,7501.4505891355
94833,12408.5795608989
80221,14049.126123849122
104479,8857.081106079142
94405,20857.941085843024
93415,12458.771643885158
82460,12393.682421397672
83009,7707.28444656348
85429,8442.352788642742
106034,8816.461962049372
88406,8968.224806339087
81623,16868.944358947658
93605,18629.08511913312
103670,12131.796941018883
100409,5721.586046219393
107237,12704.1886735994
101669,8779.423067605447
78854,23391.158831966295
94034,16972.96752461706
101096,7606.639760121596
98417,7504.032768552335
76874,11363.102670440647
94954,14029.901001193366
83137,13950.589397798945
94653,13028.901381940484
87567,10630.244832319138
78154,10524.857713142428
84461,11528.384097145416
85686,9151.014332579907
94342,12330.567787883194
101392,9942.113655812269
84192,12150.917771113685
106701,10250.155364265505
104013,12768.552126842065
82745,8208.163764133442
103973,6353.77323635742
90409,10375.921458234256
90651,7573.085774263063
87413,13759.28879427359
102121,8120.158928578178
92145,15931.357851128552
107141,8288.428627943063
83230,4198.143429190208
78553,6413.674554515321
83939,9189.052077633167
104875,13299.134881352647
78129,18843.258175931544
80313,16851.487131288348
85535,10842.279719297314
108311,12704.1886735994
102292,11431.069663178512
89716,12827.376474919334
77046,28949.82943205425
97611,12356.169740654548
93038,12495.191170314565
80503,8519.213482181349
79132,12972.258960252142
103759,6302.774804106521
78960,12922.709186272064
97265,13279.105612605139
77855,12141.518815500127
97371,10184.88510927431
94297,9938.40870576757
95653,5621.993027787308
95891,15893.664929085264
81947,9559.306181692145
79702,11954.2942909271
76463,17378.31517097593
98065,9581.046277739624
77154,17423.792842873958
77348,16571.81381623397
80987,13764.893823828299
92207,10357.033145688432
92983,16994.526802315733
80731,10435.154304987183
86277,11870.749710905313
103051,5860.1893271311355
82013,13887.619200785735
78814,21300.86108856076
80153,21281.689992349722
94618,16102.918704614738
80059,20713.714246819527
105557,9339.539654189928
78860,11992.71713921052
84849,9430.342897106566
96896,9221.172296459745
88244,9221.846086693522
105984,11418.261136283281
82644,9730.504313761581
90970,16734.28106034369
98810,16405.204305896626
85184,12339.014376798372
93723,21937.636476115298
105049,10184.536589261334
88554,9719.374588822875
94996,12241.739914104322
107689,8460.819476424598
81575,22908.849423354062
106988,8460.819476424598
89894,15914.092696300695
81703,13554.102167072919
90718,10284.319358019602
99561,8737.852554790787
81269,19906.547185601186
103069,6107.294823012446
88952,9814.448966301481
95295,12613.25852715972
106589,13617.087416219505
102918,7545.161491092144
93669,16908.531504157865
86144,11680.511684726083
98336,8295.399520303077
96891,13226.70234525827
98576,8639.31730600617
86038,11528.384097145416
87511,9892.426226071593
83642,9025.045054016613
99964,6353.77323635742
82842,10602.869368889798
101714,8804.02004592685
99439,14133.217989916146
108487,14176.96244063757
88965,9788.538433558328
86445,6544.912414423834
85916,8184.721489970442
85616,9791.889379461769
90865,11584.709851827032
88634,9390.185586696132
108094,11686.124897613483
82654,10208.122161795556
81401,12320.16747677293
85163,11897.832477208196
97623,8067.317464598718
79759,16023.20708676057
108230,8460.819476424598
77757,19719.891887121186
83089,8286.904411717407
92851,16734.28106034369
80656,12075.568469043561
86019,8970.387163800977
100887,12545.686498076895
78011,21042.32737815546
96398,15677.66254710302
85254,8640.909586232727
95254,14516.101855436538
102320,8020.365442700259
88408,9280.566869861346
106594,5011.130062298111
83849,8585.836528187709
79313,12630.84542306671
95010,16557.800563210585
105546,12323.842475166331
81884,14622.472395607063
106088,14945.435613236827
100892,6163.008205422867
84487,12745.878306680454
78004,18362.945467432102
97446,15682.56261506497
93170,13592.899292103619
83208,12550.348844652075
88728,8840.267603882292
91300,14446.644637518779
98637,9354.7857276868
107267,11516.387116363108
89956,12517.02336716351
77052,12279.202610951997
94583,14006.890754135818
91424,15756.1781851811
104774,6583.715126413661
93699,14270.699452820698
102986,13655.61026400464
94176,12244.457280552851
95618,14540.226686522852
81622,15821.44100444013
91273,16588.427665298637
102725,7702.787038310623
90479,8298.41183109531
79835,13961.637090515846
78909,17390.585866237747
99437,9337.253939127064
79890,9892.808043529452
77662,8761.29484541518
90320,7381.008237531254
76278,13087.460893242596
80029,12207.685693993444
95797,13666.669775403674
95356,25222.08352395088
101962,8178.691806622188
85810,11007.39005108892
93588,10856.188761493006
85679,7707.28444656348
78286,10777.26300792254
105233,9995.48325927684
98613,5901.200622670653
101314,10234.455815337276
105749,12741.781602771474
106103,13156.11339075681
96678,8887.634543281463
85003,10388.194892569056
78035,16657.909897605114
82443,8851.969527440895
93373,21253.091919614802
99857,6930.097654402915
82450,7837.889773790699
96256,11454.686833847521
95924,20818.161231056914
81425,14089.563308929884
87252,13430.1147525783
100379,8646.433304859902
106316,6623.037043045729
85879,10741.053883018583
108334,9076.674243507978
80243,21553.228668026088
84504,8970.387163800977
106064,7816.117354660422
96443,9083.992382299184
99020,6446.0938593137325
85068,8286.904411717407
105374,8426.596172296171
101946,8538.748231754746
92945,15128.374351828177
79338,15588.577895702989
95027,19093.996055386237
81488,24353.12439519543
87754,8059.852138716996
108454,11635.052308639155
91283,16221.777591455371
106232,10352.462556786288
78368,17047.927823168375
101417,11831.626363484605
81479,15134.54383308886
94527,14511.390897444784
76897,14879.279335918283
84107,9189.052077633167
103177,9488.341364828271
88043,9021.847100723777
93710,19909.538735335285
87679,8637.62080884813
84644,7856.819794179788
79097,12010.768352414985
98030,14945.185184826567
95131,13753.821362642018
83593,11073.755629048499
82532,11005.468954369515
101675,9169.193812511538
85118,12806.245565473495
100813,9523.261277136899
88693,12575.740449069513
85819,4662.674895626642
104337,9461.788711357753
102104,8075.801882156311
107526,9076.674243507978
85600,10618.122342398854
81771,13138.244116905016
98339,6930.097654402915
81855,11402.142416179435
85755,9307.519115278817
87321,7496.436382277242
101819,8668.541247285833
101569,11946.012247267523
94538,8148.659783995122
104142,16920.188222568442
93830,16229.572141389204
82076,18021.33440276596
82721,14212.865046653415
88982,8356.969506078314
85055,8184.721489970442
101426,8768.138180480844
101136,8995.028091705724
91939,8659.819711709517
104368,14128.072296599748
81513,10274.074486513735
76394,15246.891414513166
92054,13200.767892620608
94663,18122.14639222132
106117,6183.942752121648
92528,16626.578874960862
79929,16404.012015211454
81579,19124.894879625448
107328,4913.540473545734
105031,15099.904325776894
100819,6940.4481358163275
87353,12866.891970047487
77698,15944.124710018225
77157,12382.124908760848
85947,11308.448216143352
92761,15579.8323514114
101344,7545.161491092144
76877,10581.149744896358
95851,12774.4884612031
84319,10501.287868118661
93218,11510.79946704093
83770,8674.560104119899
99753,6446.0938593137325
82062,15032.978896364884
78053,21428.116971231986
83901,8987.217526295999
89826,7112.469483544947
104171,8732.790098880574
83906,10112.398571489257
86819,10852.150833890068
88150,14047.114295645768
85289,7055.79834248176
100567,4243.875979641349
105930,10931.098783380108
107244,7424.360742037534
85900,9430.342897106566
83184,8674.560104119899
97034,10713.697763059405
82506,5589.5136701141755
81182,16801.63483079398
78619,6378.534763566453
86046,10864.028483954668
92798,13486.297854425846
86595,10864.028483954668
103854,11361.539096587207
108504,12536.191048261353
77451,14288.764027144274
76665,17637.23064518096
103434,5721.586046219393
82338,14340.242621135407
105189,4097.921570808158
94512,14029.901001193366
97542,10419.463821239235
83343,7790.599330123068
77274,20321.990061391345
83810,11220.328204366759
90850,10079.562202936093
79688,11431.545681654665
104038,8696.952107297808
100468,6121.826200181315
81010,12554.059873215278
80372,15636.887435018034
95979,14688.523686731622
89813,5767.771144074567
96873,9038.598979323235
87267,9189.052077633167
83327,10852.150833890068
92095,15760.560820762239
84723,6199.650611693736
101561,9629.231596658106
77409,9040.030195059124
76480,15409.26201415745
97632,8799.573075193814
91990,16469.74175615148
98020,15676.78871739968
81375,19088.42009800372
81903,12100.122921834602
107050,14020.375841078609
84920,10025.306415598076
108180,13360.097251627361
94696,16097.883184992132
88215,9656.538419509861
93276,14592.795409738394
80359,11372.339849233838
88717,5865.85362719787
99702,7143.147892470846
86283,8017.766425946434
100037,5845.616487729794
93640,16951.204965255638
104313,9076.674243507978
84666,11007.39005108892
93000,14612.988859970252
77512,13036.84812052676
85094,7897.828776639921
77184,13652.526158214738
91257,15575.122239229948
103957,8089.649304434718
78533,18174.708904183943
89080,9022.225016549484
98463,15372.957059109454
89002,8851.969527440895
87542,7390.534811591954
88641,11680.511684726083
97972,7802.698137718838
76363,13714.557915939471
93821,16456.647409963432
93549,12594.253582000225
86037,10025.306415598076
79563,17141.99545245206
100014,11368.607843514521
98717,14549.458814358903
87323,9221.846086693522
101054,9778.449906153888
84408,10627.28678602498
82692,10295.917851163782
91513,20975.2023301083
92863,14394.21231703888
90666,12695.137446819417
76919,20797.58684109902
91549,21965.2934639081
90300,11235.97745709345
106228,8947.579148404042
101551,8095.511762727115
105986,10349.945428562492
78520,15208.358057860572
94130,16608.084988760616
88980,9486.546491391653
76245,14469.438559770568
96800,10665.137299806316
79591,19493.286012085733
94738,16920.405094800386
103275,9301.019737125922
82981,8970.387163800977
102017,8511.493886729475
85242,8076.281600240099
106488,10201.861559110472
80606,11569.775108866934
100861,9942.113655812269
93103,16280.566676247481
83680,12479.183573235485
95926,14310.369418163662
84955,8378.801752448186
102279,8995.028091705724
90285,12695.137446819417
86735,10842.279719297314
89918,6037.129057325315
100914,8099.4579801501
90315,7636.950526690325
98805,8482.527532405302
81572,18059.340390758378
85263,6053.7726488871685
91962,9613.079051440016
86328,13822.206669812855
79610,16700.774279643334
96570,4482.672778084617
100929,6940.4481358163275
107784,12768.552126842065
94269,11759.004492084769
105574,15955.490613277312
76572,12627.834530159143
96249,12863.294113133608
97897,10221.137157747884
77625,12415.176489441514
102369,9667.109136050352
84079,10852.150833890068
77866,11644.134345017974
83806,9025.045054016613
107540,13733.841905410558
103244,11370.000820388828
98859,14901.112015917566
96719,12678.96838742625
76235,26651.5135579554
76348,6668.996007181412
94323,21601.698861824716
96314,9288.973171969847
77439,11616.369708654986
88588,10818.10629148465
89516,12695.137446819417
92199,10366.66030204349
81669,16885.28142609393
93600,16994.526802315733
105605,8712.45727193977
102501,9597.896939824725
105250,13238.03291674433
103132,11314.668169009074
76914,21354.854761353472
103063,7476.344259258739
85636,13727.328849257103
95703,16620.94281610334
95014,11529.732320110785
91855,18882.521619084127
89326,11007.39005108892
86878,10101.838585198464
94159,16686.421520004467
98939,15214.02628385765
106603,18688.032738382753
97683,10973.85074672459
105057,11463.70818909346
82551,7687.2017321869425
95156,13122.444783769042
96663,8750.645475841551
103966,10688.60241954423
103721,8806.326843261037
104581,8426.596172296171
99601,14890.889612540686
76271,9584.070234257346
106578,9140.352486080394
105436,7091.639191751503
96180,10299.27913446316
93214,13374.962202080864
83950,8648.036372672115
87436,7670.501212723698
78008,20315.640481583807
96396,6637.73677861691
86423,12643.856742553373
97519,14394.569121174929
86137,11995.04139390761
94515,13282.758607474281
86264,10119.529603554736
93856,11864.047261906391
89370,13649.995346514292
95869,16994.526802315733
108411,11961.820528525865
90193,9838.559599077726
84817,7234.488456167429
100719,8075.801882156311
82801,13847.144984319348
83103,13759.28879427359
103950,7564.445919236805
83927,10429.048063007436
96442,11826.560749338636
92599,11527.668131261698
105284,9262.672438743508
89963,11789.847259698
79117,9706.906684654667
94001,8829.364769066779
90520,6541.9269304492045
83344,12143.524020305285
104811,16291.572448008666
81567,6767.033301890692
102778,7771.433865352952
90439,12095.40651795573
104220,6739.528554916871
102961,4708.211860276134
97588,7675.905877602376
78049,8830.306876385548
80076,12893.431874376936
83466,7231.22360431783
81941,14859.555451822738
105786,11595.838918004956
91443,13480.499123687916
99961,9737.962807547987
96323,7944.723896822986
107235,12290.533133318746
108199,5504.47350610487
93938,15760.560820762239
82727,12150.917771113685
78548,18667.65039986637
90362,13049.821501067474
92257,14352.22481271089
80015,13194.924923561397
93724,16691.622593343312
88826,10717.444618266349
80051,5609.670749703692
90219,14118.694471039598
83727,11225.127138110272
90139,12553.509050883538
101189,7501.4505891355
85435,11007.39005108892
91933,16994.526802315733
95135,8472.900977021274
80576,13051.130700918698
97289,10617.173277471122
90225,13497.054162782677
77958,11360.915220498724
96218,17405.92689520175
83747,11311.982769215385
85699,10075.169409813876
92682,27280.654688109007
92129,19909.538735335285
91533,16862.697495236564
86503,8356.969506078314
107555,14801.630206722439
98751,16405.204305896626
88145,11007.39005108892
104214,11767.538023784917
80027,12683.823543363766
94594,13154.164169206391
105978,8109.872656429295
81202,15313.315587283108
88343,11627.392235641128
96928,13409.012240951944
89639,8194.407083594733
83427,6304.978039247866
77241,11140.890101286954
76837,14716.935573157736
105316,15351.638635727622
80915,7785.805433630205
78226,14300.78594073917
98367,11521.062808115128
99268,8642.017672946607
102336,10950.185500755104
99355,7684.964992207758
92728,16268.875802088163
105261,14005.391165692788
86321,8679.043534583581
83913,12560.072920257295
76582,9152.005214059409
80624,11157.674892626004
105804,12883.473709153115
101229,8116.049301250674
104782,8460.819476424598
91859,21065.561706850414
81892,15820.214111277799
104257,11244.745961209366
89995,15847.187788790807
94721,17453.444187842877
100123,8995.028091705724
83121,7055.79834248176
89621,7689.571486360574
86608,9730.504313761581
106922,7714.3155299398795
96146,12906.539896911225
108383,14193.534059975917
81554,25342.994423909517
101538,8860.173191252281
105248,10209.69766394676
81033,14527.992996276687
107312,10352.462556786288
85588,11680.511684726083
108227,9160.77726225679
84017,10864.028483954668
101028,8992.217432538615
93019,16590.902748037493
84359,7523.925873248292
90602,7739.859023077838
102834,6931.520443811285
85284,8286.904411717407
78749,30348.48499195913
96892,14865.944315898669
89640,8553.279764924944
102773,10520.865088282193
105779,12003.605336449464
108453,13015.306518179766
83162,9151.014332579907
89704,10606.676955461184
96488,7489.522303127494
81546,14552.259147651388
82108,14888.307681135377
96784,8591.928707700055
86526,7999.839460543151
81220,16324.234805783906
97126,8292.46873595829
79954,15539.927331620049
100182,11330.474710415516
87058,12862.871611489432
95026,15128.374351828177
96334,9956.665262671051
92636,14664.915382517062
89131,8488.910397073834
78145,10809.473934469457
106255,9845.487458251147
84691,8140.472303600784
83425,8901.027297742805
91526,16590.902748037493
81170,8354.567418162136
93766,16211.979641213371
89183,9454.230553730826
87644,13722.04641302632
105559,24326.203067782
91968,11309.030020220958
107198,7846.446206480883
97030,7815.350495442643
96512,12557.22498844497
106506,9073.838075360385
97240,9063.792604822425
98164,4896.168777823037
79782,7867.674913711109
102498,8096.927126950489
86052,8230.31522175395
101070,10155.070967219604
88461,6544.912414423834
94238,14766.353293812717
97040,7840.38386478394
102861,10950.185500755104
81516,20864.185287212462
98512,7500.18973223568
91654,17324.63182949758
87837,7888.19662782758
97950,13060.232853364838
91492,16466.259488741365
86374,10119.529603554736
103671,6353.77323635742
99254,15545.258975950885
96920,11498.194617801111
100733,8975.690996364025
101602,6242.9142712054345
101809,8860.173191252281
93626,20229.22595011816
94707,15760.560820762239
84718,6844.712669471286
77357,13061.365381276768
101735,7601.845233336537
85009,8967.584203281447
98213,12862.502482100743
89068,6544.912414423834
76270,14095.463387603093
84608,10860.633886739315
106582,9376.262239424514
102112,9106.139390275132
79840,6835.236574306564
102362,8828.687165785275
102074,10164.753363971577
78050,14939.91938690764
91002,19421.877875518658
91648,14660.333261486123
90182,11249.20389266016
101732,9184.60017861272
108023,14612.59800392573
94586,17276.801401426008
91189,14843.037108771981
95199,15128.374351828177
78510,10652.434461911926
92551,11323.029062454969
92368,14639.083504312524
83335,7846.643538478685
82609,6057.877416197431
83471,11007.39005108892
89455,9465.39135096466
84982,8378.801752448186
106978,16445.26093483016
96399,12852.395324270676
82526,11846.353930825582
86743,8970.387163800977
92104,15694.444666385485
97862,8142.068974379094
99211,7738.510720578875
99118,14945.185184826567
97657,17651.55047833154
80627,10925.045184413075
76293,13879.609850601306
83108,7463.8564495408245
93728,16590.902748037493
108295,10972.537770397903
87957,9186.180798902706
78627,15094.435875021743
103227,5240.334785199723
88115,10025.306415598076
89694,12170.141960453935
95755,20311.003168254094
100889,8164.607714693553
76859,8839.528124673703
80975,13600.421107644359
104878,9782.14946260263
105859,12249.641181585335
93283,15963.716732662055
76217,10809.473934469457
90731,12691.080095285952
99826,10295.524053220423
84180,9609.772152761147
92500,16216.709054753554
81956,9326.744043471177
100508,9597.896939824725
78336,9956.12389879348
98694,11521.062808115128
92486,14856.550288834927
77134,12737.071264947486
94264,16033.335285074052
108210,8133.341795131955
98310,13000.569239293554
76260,21495.242069111096
89623,6784.291388684929
101737,10423.412715057624
97665,7347.205028055803
86041,11691.145878756077
86653,9719.374588822875
88423,11543.22110797527
103407,10055.273663020296
84654,13567.283592974298
77143,17112.2532327408
106392,14664.071258712758
86347,10269.669244482775
107230,8735.519678965697
103693,8161.930795150397
82765,10892.785577887082
103894,9501.871090152039
105668,9548.661552327952
94216,9303.45547068255
76250,16910.43116420248
102466,6395.874500734013
91919,13460.527510696407
99138,14201.696217355433
102850,10940.715333898577
79094,16624.19916133991
84552,9705.944586698706
93668,15447.650818853906
93389,11492.563763024948
84312,9189.052077633167
79379,16527.56812153911
98739,6932.263837229764
91448,23518.071689255572
89834,7346.152897767581
105359,8426.596172296171
100267,8742.172770601781
89101,12018.487926252496
76904,15885.439461014192
76664,17564.710857873182
102621,4361.698290933295
82337,14037.27782977092
94266,16949.859697627733
84994,10864.028483954668
86246,11059.70874742759
96923,9221.06188131729
107661,14612.188982212489
92401,13374.962202080864
96296,10573.87582208969
85114,8970.387163800977
83081,8134.3476512841435
84948,8015.628040388142
80292,8779.550475285192
78938,11043.486689169895
79942,14205.160746449923
80899,16115.869442615149
102476,8834.233617893371
90589,10603.362763445237
89944,10702.353613780211
106241,13264.897650071403
99835,13243.320482622179
98665,10295.524053220423
96516,6319.899525661224
79065,14324.44762257227
97070,10435.542703933557
88721,11425.195040982071
100311,10248.804775343573
97912,4693.558734602971
101514,8075.801882156311
91763,14633.246129183011
88488,11829.040929527338
79955,8343.28514873675
105677,7157.351217863152
99297,5895.555394123033
77377,9388.087835855626
95552,11387.055477789223
99704,10597.739702902141
82097,25269.363306570984
77067,11785.409708226007
93326,14178.214215864109
98258,5895.555394123033
98900,13003.42646942253
101474,8455.083980491494
91945,11751.150778474363
78816,18965.200594276328
95208,8028.174944199977
80788,14128.706200535864
92446,11413.815413629467
81929,15713.471087438758
101068,10950.185500755104
105116,8559.433615470405
96828,8506.076457184194
102272,9301.019737125922
89347,15265.973261855119
105201,10420.590213608675
94146,13374.962202080864
105641,8426.596172296171
94416,17500.254593533857
89152,11423.736725589659
99500,7007.740893644725
101711,6204.529754841344
88178,11007.39005108892
94259,15894.563926182565
90380,9676.392376165597
80659,20320.448412514557
94687,14766.624822559663
100447,8341.868424260058
80895,10693.01251032896
91806,12608.68403892573
82758,8482.697357149298
81850,14734.972664435381
85521,9151.014332579907
92432,14541.2997646399
78318,25079.647694166826
98804,11064.131247650215
84403,13364.010201762176
100979,9556.105212556224
80559,12110.392460233259
104553,14088.728768131283
90570,10335.499730866808
108278,14653.78597367706
107134,8460.819476424598
84351,11691.145878756077
105418,9160.77726225679
93910,17049.159751050167
98231,16405.204305896626
100789,11457.949829089132
101332,11573.020228817633
105715,8793.185885971388
82170,9670.383020185418
101526,9193.407670094242
89070,6536.780554261872
90429,11805.020743989226
91152,13666.669775403674
82374,20278.605664348874
81668,15957.842494952145
78914,13303.604289845905
105239,9897.863352083628
107483,13209.184172228133
83354,10852.150833890068
105252,11080.12740018639
93977,13180.465849192526
89807,7981.077646541215
81551,17213.659324791057
86311,9098.950951936804
85966,10229.10928346982
83878,11736.497883020265
103342,8268.553282577373
102398,8964.148186826067
77021,26210.90711051128
82755,7055.79834248176
88635,7055.79834248176
105457,11970.936038881375
106552,10633.964607697771
102641,11548.363788616194
77582,11885.38454081812
95453,25411.387927735457
78388,9307.855372629761
99772,11521.062808115128
77990,11324.886680314328
78944,17563.13512202307
88290,9730.504313761581
90011,5497.278559629974
89540,9415.028313527877
78904,15876.849726491097
91379,13811.15254015094
105750,9380.46164519385
95603,12052.727280538811
92481,8215.499664773413
93463,11657.0746588818
88974,10842.279719297314
77787,13123.0139016023
101389,8896.086001202822
90559,18330.14458691394
90421,10606.676955461184
107190,16211.290380054697
87506,9357.18674175974
101147,10248.804775343573
78096,17440.909276690905
99840,5901.200622670653
89677,8116.9747939018425
97991,7749.56534522586
103556,8779.423067605447
101327,8779.423067605447
108008,14638.918292246455
107752,12964.08429395902
94554,13712.016315612658
96408,14816.939990488005
93573,16882.67836002394
83674,7740.261793604098
104503,18689.470093358595
93082,14766.353293812717
101841,5586.47392900969
85143,18858.193868657567
76781,14754.92165587186
102153,7348.984654859494
97411,5785.671937822155
101676,7734.0918469611515
103176,10245.84687945897
80879,15860.640498180022
79695,12960.412836026857
106987,15264.59369916779
89095,13847.144984319348
88707,7846.643538478685
79935,9772.614631883707
104678,8308.81795326631
78644,9259.765987245595
101947,9248.627660461361
85390,10936.560188993024
94121,12577.342977402692
80525,19165.286789755817
92964,17235.653025349755
81982,17925.800855495003
93804,14766.353293812717
95574,16972.96752461706
81710,14147.319386785548
84452,11482.360452963227
94410,14975.58434158766
79137,16610.543425918233
103270,10155.070967219604
82736,4977.268427161113
106741,13676.382051111043
77630,12529.899267582101
100426,11489.559931601547
107231,9091.34747990781
101001,10231.25791761801
95067,13949.445128791385
107197,15448.318679481752
83522,10096.967436191106
80239,9287.320246621663
106389,14884.843033822894
99072,10597.739702902141
92779,15139.69132440907
107906,14942.236657458734
81289,5548.415239739218
101206,6940.4481358163275
85646,7707.28444656348
95202,16019.741665255728
96423,7188.985483285073
106597,6729.418489568757
97601,8309.001108441666
76974,23880.75675542574
80171,16895.897511272917
78391,15402.267018225337
101424,9655.718303386328
79548,17483.21995156293
99083,9734.76421082849
96204,16128.764205231137
93318,8707.77335941429
85745,11505.991316084644
79531,23980.19937515764
106411,12402.536026543034
88431,10592.879934741806
79827,12288.304148198964
80860,14340.527291657498
93114,16725.87372033563
89031,8442.352788642742
105755,13263.067611272836
81286,10123.333541329035
94641,14641.263124471978
92196,8659.819711709517
103591,6325.093916179856
80497,10147.27443611371
89672,6300.346124341108
80800,14394.050079998928
102146,9184.60017861272
106675,14945.435613236827
76780,14237.23437226141
79880,19484.576173635098
90306,12170.141960453935
102271,8120.158928578178
82996,7622.7513199858095
77929,16571.81381623397
86610,9347.670162308354
85316,10098.848277855932
91134,8859.33407628876
87377,8286.904411717407
102946,9718.153939174894
105420,9934.49137072919
78375,15946.631290562995
81157,12198.481171550664
93430,14540.226686522852
90671,8116.9747939018425
98881,7502.534086505249
107152,13191.53432334802
106056,5488.103004085182
86256,10102.00479345911
88692,8645.80598092658
98622,9384.378929045743
84068,5103.154026256141
85863,8303.689196794052
104131,8679.177504910083
94296,14430.536746157064
104177,9090.638441156385
105126,8426.596172296171
93360,14907.847940351468
91059,15433.510924144108
100015,8061.619967706563
97027,8986.660609640818
106300,17549.258467112693
83539,11072.760814645324
87099,10402.348499482807
90692,6037.129057325315
107313,10349.402664017396
81341,25667.42004165035
82901,8970.387163800977
85576,10564.90047345869
98646,10269.807378840595
102552,8382.876610500009
84874,10730.936810270225
104768,9076.674243507978
87768,7888.19662782758
93342,13400.4696218642
87241,11423.736725589659
103615,7618.832480292732
98526,11229.773786670374
107464,10201.861559110472
83357,13430.1147525783
103171,8195.859856019137
100341,8530.197820198906
104547,8367.74683582454
102882,10767.945600003779
107531,12654.275826010948
85433,9788.293706036584
78435,11971.780574227854
106094,14664.071258712758
92625,25188.083463741918
100319,8860.173191252281
95937,16019.741665255728
88915,9634.084711230536
87681,6441.856342240366
92428,7697.354613831114
85427,10208.122161795556
105372,8426.596172296171
82482,13727.328849257103
95178,13143.92788569455
106881,8797.53028002118
76562,17153.89581134478
103710,7874.55628964662
89109,6844.712669471286
92522,17150.907408707986
84821,11409.19869142934
80597,15875.10613606351
104040,9160.77726225679
96115,7869.535079083653
82818,8378.801752448186
90316,13059.819291402011
94385,13592.899292103619
86823,9088.43683247935
84842,9098.950951936804
102995,6888.149382342062
85397,13950.589397798945
81427,10499.025693052095
102461,9647.987633675408
77422,19924.845756020626
102354,10747.52599307381
91822,14146.398899192893
87427,8286.904411717407
105450,13209.184172228133
94789,16821.28810322998
106631,16210.751223750334
97004,9038.598979323235
100826,10793.513449297561
97915,13153.257971003088
93253,16994.526802315733
85776,7740.261793604098
105562,12684.30366382819
77560,14047.784918576514
82659,8488.910397073834
89531,12695.137446819417
94076,13374.962202080864
98457,8669.908455663834
96163,14350.027377539502
84779,8123.908529337034
104551,12591.076963967056
79934,12761.939876656266
84896,10128.933001251711
99393,8903.309957994441
82051,12701.590046280415
93247,13085.962098995655
86929,7925.6314443195115
106943,9844.627447915891
79979,14498.305068177195
80912,14540.484518325447
105006,7738.027642169572
94368,17611.510721538027
81871,14504.91018083015
90338,9305.891524638162
104271,8747.542777862573
89984,6300.346124341108
105122,8426.596172296171
104308,15957.519593504669
92941,16734.28106034369
87433,14853.562869487607
96289,13269.116728603181
89130,9409.31716572255
77233,26210.90711051128
96895,10454.014408689993
90364,9838.559599077726
76283,13099.199847448828
77689,15880.476007560217
98366,8073.520790655384
78025,13038.014600841185
96644,10517.82404114821
80641,17222.667963603373
80271,14721.006661096642
99003,7749.56534522586
79756,5249.572483859261
76981,10309.958869874872
83320,10128.933001251711
96797,4717.194641007083
86350,8970.387163800977
107535,13825.569877810896
104370,7674.152686942737
100740,9270.753009540524
85851,9202.727919751816
89132,5070.293291321831
78746,16616.71893505576
88999,10564.90047345869
96416,11691.354468121988
88921,7941.322132410181
101078,9487.335303029437
92447,14511.033277189317
77960,12792.177102474736
106799,11508.060528325985
99888,14753.93220679589
83252,12051.50118128068
78645,12412.745152104204
92233,14052.162595652182
104026,6872.020682866446
85148,11939.720901182718
107726,12704.1886735994
93331,17163.416981590854
106236,14103.942006325477
95282,12223.913882519973
76222,16049.64542754955
84158,6195.079933413149
81857,19433.639236454386
94698,12499.459982160866
104680,6598.355209208677
104366,11490.695557729172
82562,12022.24438873962
89753,9838.559599077726
101937,10950.185500755104
76600,13228.230486173843
102683,6357.2707406410655
89245,12550.348844652075
99902,10020.836015811246
106525,8426.596172296171
80738,20861.638631575184
107909,11235.164346973177
105939,11663.176141733747
92485,18138.297978542192
105128,13094.671035953392
103147,6353.77323635742
96539,7347.205028055803
99656,6930.097654402915
89755,13497.054162782677
88400,9522.33660707705
82968,14212.865046653415
103521,10055.273663020296
94755,16268.875802088163
82278,17022.938053850754
106205,8426.596172296171
102677,6940.4481358163275
103577,9967.125621754378
88365,10208.122161795556
93543,11816.351392844694
103285,9184.60017861272
91445,26374.46746959544
86676,9368.472707539786
108086,9262.672438743508
97671,10419.463821239235
85193,9672.753299576909
80220,20058.796847634647
107824,9637.531680569102
87246,8218.478766960023
85080,8031.733807405854
85470,8760.004208086626
93453,15940.3378422989
87214,8113.152291361041
99010,7528.6695848278505
77246,20010.79219802787
81671,11431.545681654665
83651,8940.430175947058
101085,7113.77319172871
86961,9368.472707539786
99154,6499.710226183909
85563,9151.014332579907
98972,15214.02628385765
79331,12847.700220326024
100112,9163.565248968438
92540,13274.062289858135
102135,5419.57104741195
104980,14199.431039786698
103442,6325.093916179856
104320,10527.364314136159
91208,25098.423252882094
82486,15265.973261855119
92052,8706.543178593636
80540,12503.227169802716
89228,10208.122161795556
98960,9540.530862447951
86821,14037.385492479987
95220,11387.055477789223
104196,10558.83903567029
77934,26190.96209354236
80965,14960.408099470593
80864,12543.194835614731
90303,11324.18404522357
100396,9460.243433999838
98226,10269.807378840595
107713,7089.423214749199
82199,14952.495481199629
104715,16609.345655298566
103412,9887.38424902015
77224,10554.643499433249
79149,12703.225074336682
79332,17496.50394963532
100094,10520.865088282193
76280,17563.13512202307
104668,15829.639410118978
106239,10558.83903567029
106918,14088.728768131283
103738,10946.76398521462
99768,12195.370860442861
99895,6928.713581615815
88553,11413.149038770502
106781,10384.649491820332
104339,16620.20393929706
88198,8863.362296009316
77024,10033.42825188768
90492,12173.945819526838
87383,8595.026262767145
85194,6424.871765531134
100821,8164.607714693553
86207,10116.470150202482
80736,5670.337497166792
85035,6688.246394099118
77847,10309.958869874872
102444,8455.083980491494
101635,13570.695032628651
99639,7702.634239438014
101365,6940.4481358163275
106612,15357.142419662776
89655,8644.291689758667
96679,10807.04194903469
107353,19887.66670215204
101805,8201.390923273797
81804,12697.239331133223
106783,10201.861559110472
101047,10950.185500755104
76164,18976.099584175816
106524,7016.9252807311495
104745,9073.838075360385
88874,9246.382097140639
89206,5875.788617014089
88602,12221.67240925148
80458,15874.76132429648
85756,9189.052077633167
100972,6940.4481358163275
79897,18621.516050135626
85913,10313.06654309986
107705,16581.94998838074
102659,6940.4481358163275
101994,9470.800648463044
104004,9073.838075360385
91171,19560.784016535716
100207,10185.121501980664
101431,7945.389369406111
92034,13828.214897306807
95470,16734.28106034369
79276,15818.76940732119
101893,10295.23668873397
91522,16019.741665255728
94047,14843.037108771981
100620,10320.020267970904
97405,9013.0975122242
89277,9307.519115278817
102728,9887.38424902015
95665,23054.287312508415
93861,11191.757602395577
77779,9584.070234257346
79844,13375.873529631835
102549,8975.690996364025
79764,13621.63861378012
106543,11516.387116363108
90127,8961.627502389754
78759,13014.805051449686
85232,10864.028483954668
103173,10245.84687945897
77690,11674.34011472685
78669,22672.309898772663
77821,12222.65841014331
96869,7337.087648939884
99426,8548.006640340636
86596,9430.342897106566
102352,6958.18720195653
88825,7844.191672941261
82595,13289.571431412707
79408,14532.149083355387
105771,13176.261192930937
92499,14843.037108771981
82744,8356.969506078314
104310,7380.6144146131755
82965,9612.775816917696
108492,14015.995095693925
102748,7766.343858205973
105549,13316.157263369074
103794,10365.40127906223
87574,9371.345465271661
77090,13557.25280728932
77729,17235.79064175882
92854,14706.934582732943
82724,9612.775816917696
76843,7450.4469202294895
95714,10248.420714393429
85077,10892.785577887082
100035,5248.880947795406
76694,9259.765987245595
86970,9310.881123944462
93243,14907.847940351468
95700,16725.87372033563
103907,9184.563361352868
105698,10527.364314136159
84320,8970.387163800977
91561,16448.281163168518
100459,6940.4481358163275
106398,16203.703767640965
86911,4584.387286256227
102905,9629.231596658106
103009,6066.027391897661
76287,11874.759320231915
106832,9339.539654189928
107240,14838.627876807277
104164,9123.833684997317
96561,10346.546130597108
81823,7080.983043238231
82102,13738.237904431237
81420,19053.98767134896
79102,14716.935573157736
92252,14055.514709602674
91605,15854.351192960568
94353,16972.96752461706
76883,11207.137519676091
79941,14717.537037496844
102977,8149.665090785931
104975,18154.38464953283
86138,13141.176052889565
76309,12114.794045764162
104976,12740.614775991038
105819,11843.564622857135
103115,8315.774908858206
78958,15078.834165785755
86851,6424.871765531134
91889,12979.913602399509
96977,14922.26202256486
98888,9351.862668237327
87642,9719.374588822875
96835,14657.128808416688
95915,18347.754709536577
89880,9401.744780894984
86974,9101.794968636646
80793,10641.638671262335
95773,16620.94281610334
92664,9687.29284684751
108423,10201.861559110472
88073,11939.720901182718
97731,12224.27851758942
92705,16994.526802315733
98275,8642.017672946607
106563,7138.701267421925
83216,9612.775816917696
108252,14299.121805026769
90052,15112.773885012288
96839,11100.231046262757
87847,7246.50782568957
101778,12545.686498076895
90493,7961.831471107376
84236,7055.79834248176
94651,16620.94281610334
82828,5830.453177117107
84570,9730.504313761581
103560,7068.6968780813195
105414,9760.937633544028
82874,7707.28444656348
94023,12058.841588142293
99936,7361.800330877626
97927,5895.555394123033
85922,13827.819369241073
92409,12772.945321285037
102547,7564.445919236805
98620,7504.032768552335
77418,18511.996727250473
106846,12311.535144287693
90794,11249.20389266016
102848,8195.859856019137
77668,14517.342841841475
87057,7055.79834248176
92125,20644.972086748763
89356,10655.267961159261
93931,14013.667660038298
98496,7749.56534522586
96762,9224.194017003278
77603,12382.124908760848
76242,10068.620647623842
77854,13118.387525394945
90496,6786.412002534898
89873,7107.851012303379
81047,19931.113677477726
81482,9575.605926766655
106630,13580.756475811224
102807,8781.166695125945
101397,8198.095829562735
103459,8781.166695125945
78508,20010.79219802787
87042,12170.693372697973
106348,15069.39483874018
90653,6581.64620285752
76159,13888.092022236426
87944,9281.259001915178
81531,15175.220429065099
107875,6369.404232037378
99542,10295.524053220423
107359,13015.306518179766
104564,10981.242612588747
82560,11072.276834403168
93591,15690.220487479228
103234,6940.4481358163275
108458,8704.872624924205
79888,10883.149665458226
76419,16347.086974069556
106649,10094.409014912759
90004,6787.474297797596
93201,17742.81235856315
97558,12319.167565698697
83097,9867.521693590565
96492,5211.877364088716
78413,8295.571916836814
79076,10652.434461911926
87061,8298.79921063288
83665,10208.122161795556
97131,9221.172296459745
102075,6325.093916179856
99331,7094.505758855379
82067,26167.859095488657
85459,15270.934190976426
94510,23066.68480723437
97875,14487.714556130235
105176,11090.697220791697
89196,6544.912414423834
97424,12906.539896911225
92886,17163.416981590854
76660,9032.742150987162
81181,4386.857068058383
93133,11000.79430788715
84390,6232.19412110312
107413,15636.714246249061
98681,9354.7857276868
86318,5584.868855845185
80893,16700.774279643334
106409,15320.2959098247
101539,11368.607843514521
107735,12217.175648297549
103362,6138.100189621949
95493,16994.526802315733
95573,14559.77048920966
81435,15957.842494952145
89730,11044.566781042546
104812,9073.838075360385
95540,11492.563763024948
105693,8504.430809515587
99879,9597.399075691528
105045,8426.596172296171
95556,18384.009602032787
105209,9348.592818652864
77262,19554.96286026792
88746,10852.150833890068
106257,16193.425882617037
86665,11244.965816117176
99714,10663.901759373317
86308,4241.804827043355
107814,10179.527663531753
104110,10750.486326674014
107020,8709.734897319666
99899,7009.14075056934
87878,8895.93480259631
107898,8448.897653078917
91803,14511.033277189317
91708,15496.8148008225
88131,9430.342897106566
94236,16556.962617915466
94787,18994.001367121033
88426,7231.22360431783
82052,14086.767790298734
81430,15508.920337960306
103458,8099.4579801501
87322,9390.185586696132
88030,9189.052077633167
94505,20091.946309694107
80104,7660.097470964428
92324,17453.444187842877
93393,12594.253582000225
101185,5056.243381598129
99944,8826.230386375972
91381,14567.956218623336
102720,7792.080377335647
80107,16614.127238466113
93006,16626.578874960862
85248,9186.393770168632
99068,10150.76817440744
76834,22404.41668381631
89377,10736.49370476776
101452,10946.76398521462
92548,19909.538735335285
100658,10950.185500755104
98383,27105.62558978077
77915,18259.08837642245
86268,6053.7726488871685
80304,6393.619928895606
106680,10374.877782708083
101132,7659.259205219061
90092,16859.64456375735
100329,10950.185500755104
79943,13554.102167072919
104189,10054.017857741348
107250,15204.303459792181
105088,7154.179638510873
88824,12198.770753619803
89166,10208.122161795556
78748,12116.993812950415
80118,13861.342062636048
106238,16032.582192288983
105638,8444.46287620455
94974,13165.490202071098
78384,11285.241325943052
93451,13358.736500416995
98422,7009.14075056934
91430,18994.001367121033
77519,14716.935573157736
96946,10982.325214006798
98391,6184.057263345279
102809,6188.026230594417
82926,8057.333659702987
79108,14486.424542986342
96213,14256.651441106498
89205,6195.079933413149
91600,21253.091919614802
107292,14716.077341877392
90688,10255.566077889367
98776,7094.505758855379
79778,12421.15412363661
106834,7404.759493709837
107835,13281.459368802907
99788,8686.0360252056
91133,16258.480532180245
82747,9480.803901249934
95651,13143.92788569455
90035,8842.253321415003
92821,12434.883010737669
93614,16268.875802088163
85993,8851.969527440895
94616,12386.34276613173
97987,10352.875569352487
79300,14761.142133375197
98588,7502.534086505249
83355,7707.28444656348
105664,14470.213572344628
106502,15564.811933897096
77235,15562.719720389096
101503,8374.84135457433
99569,14425.078695206317
93332,16985.315466746022
103565,3622.10829714574
98223,3364.221379426568
89090,9307.519115278817
101490,6107.294823012446
89428,9612.775816917696
82555,8940.430175947058
94744,14550.857724253283
97092,4799.763919958072
80994,15869.8012070485
99486,7705.041863890281
88556,9101.794968636646
105789,16210.751223750334
90968,10499.086602593781
87386,10025.306415598076
96239,8506.076457184194
98412,7705.041863890281
107073,10117.89793530825
85775,10075.169409813876
103494,10625.968894464777
96232,8810.799743047013
95146,14313.941899706706
101493,12131.796941018883
108369,15320.2959098247
94214,15519.21030905713
95377,14102.969456371378
80081,11914.815987699536
81186,11720.112250495393
100638,9671.167313156202
79228,17443.27439697279
83296,12866.891970047487
78663,11984.368467473261
90474,8200.185917926268
99746,9453.210181431059
80600,25090.867353487687
104132,12438.115848751397
77292,11479.62410373436
104314,10795.744386426075
92563,25650.491250988718
81135,14601.985549724146
83199,9785.050774041576
103083,6958.18720195653
88165,6844.712669471286
93492,7148.5901157461385
80502,13495.89702670533
87640,9189.052077633167
95862,15128.374351828177
97106,10934.181426099962
88353,6688.246394099118
99443,12864.689635758818
85914,7248.772896501201
102522,7482.326736974034
94035,14417.051973190777
82309,11158.855545034745
103845,10432.643244272855
82955,9641.934759504891
86039,12655.421666071235
76890,11381.222643995368
94862,13326.523855561518
89261,9409.31716572255
95261,18949.140572711232
76543,18543.045976588328
93805,12817.19540534934
79387,17080.83970036956
105256,11302.015807077396
103632,10950.185500755104
101647,7479.988696154315
90779,7346.152897767581
83004,9719.374588822875
82810,5964.611730659933
89851,6037.129057325315
95583,13582.96810262826
95318,9611.64393481651
96740,11504.961040019563
89999,6554.329490474071
101586,8054.1962774467465
90205,14810.427042824098
100202,10245.84687945897
95896,12030.211043641033
78190,15583.960652719688
106867,9345.671694074705
103122,6940.4481358163275
78800,13032.774661999754
98137,9354.7857276868
104071,12768.552126842065
80969,12451.544246081563
93695,7750.967658701541
79235,12006.057193773153
100233,8054.1962774467465
103673,7773.280983291261
82811,8970.387163800977
106273,14638.920632528107
81714,9004.714888836348
76623,12197.059204387484
98396,6932.263837229764
87067,11225.127138110272
94615,16862.697495236564
91380,16994.526802315733
81368,10515.888493342378
100189,11303.819529894292
83055,8689.020577731393
104726,9782.14946260263
79494,14953.014113902944
86895,8184.721489970442
104253,26512.963098305136
80451,17960.65220322161
81633,18363.296148461002
85761,7941.322132410181
76040,10809.473934469457
86749,6424.871765531134
97161,14926.92600445138
89492,7754.146398743542
101063,9718.153939174894
102557,8538.748231754746
99966,5638.785456777048
93615,8666.666363948805
79812,10490.948968644036
106083,19544.866884682615
91688,13140.936677250387
93348,11288.332630236759
95861,14332.654708351323
84278,9430.342897106566
76892,12844.925652812206
86674,8252.035000778844
76138,11692.049134318122
104974,12704.1886735994
102421,9623.099105577021
82617,10864.028483954668
90307,7346.152897767581
92258,15073.872637455574
90255,14810.427042824098
101498,8998.774597123853
80567,10405.548515353536
95321,16448.281163168518
86671,3847.4840036912165
89272,10025.306415598076
78823,7651.362340131464
95185,13943.897127362281
98753,7233.500727741394
88611,3813.1758720685957
108390,10900.198417901913
105366,14444.023962729127
80433,13719.085857305608
104145,11516.387116363108
90881,11624.23984416809
82596,8640.909586232727
85279,9307.519115278817
105968,9685.546093937557
84463,11007.39005108892
85840,7055.79834248176
78708,11653.165359113604
81642,14767.74191312787
88004,9007.43522709732
97345,15327.883220836778
106927,6853.853517758902
78351,11205.15677900635
91596,16734.28106034369
98390,11257.421123797229
80145,11285.243575911334
88364,7221.440612721638
88715,11438.014517047834
100449,8995.028091705724
92076,16604.47040300889
102573,10502.417284895952
89983,9653.164347645792
76338,12130.386984581926
78076,13844.006216513708
96116,10184.88510927431
76662,12605.904398581635
94194,20365.478137442806
105200,6650.083010862322
95232,14109.871524751003
85705,6023.466011961192
81683,6987.7389744562015
92007,20053.61435846809
101156,7744.153194126366
96857,8142.068974379094
91201,15611.564506591003
77066,11261.870217977703
94938,16725.87372033563
82691,10379.308676058849
108279,15636.714246249061
101317,8482.112416912596
91872,13753.213268341351
92517,14159.197993633328
76176,12628.794467638614
98840,15214.02628385765
96297,11017.784483067728
105077,10898.437666696713
108306,10659.45531830823
106837,10941.146308307592
80906,10116.736357801157
85979,11701.839457623819
100004,9244.023866463147
108473,13650.90908881999
77203,12820.990361288294
101523,9597.896939824725
91769,14612.615577673641
95403,16013.157523956528
83930,9221.846086693522
95272,16735.841983807695
107063,10519.44442914168
105033,7091.639191751503
105705,10201.861559110472
80224,12728.71974686708
98468,8639.31730600617
90993,14737.069087328491
89413,7814.040009885382
98561,14046.803248876957
88199,11788.65944123771
95082,13691.50561141777
96647,7344.909203763864
80307,15585.280728187356
86717,7317.039808179396
107754,17276.819491683353
92740,14580.499465884579
89653,8222.038247104676
83458,11007.39005108892
88918,7979.153807154033
80859,11644.844486611513
76830,19610.23022527506
92727,9684.884659809566
82512,11102.285638313468
94918,16734.28106034369
96158,9713.036367689412
97812,17481.248009205225
102820,9939.007095532379
88655,8505.341044404024
86512,13724.993428887801
84814,12669.851058499818
82832,12463.592635660189
86946,8980.212423753015
102885,7545.161491092144
86598,12320.931830836125
76927,26243.39421884995
83377,11047.306299010432
81917,15875.10613606351
92972,14354.566825932325
94932,12657.669714009182
76026,20150.289699522495
82383,18706.51379303174
95697,17768.36724500285
79489,15875.10613606351
102254,9671.167313156202
95248,16994.526802315733
99438,7154.163364157588
96002,14816.939990488005
107266,11011.8656283674
98233,8642.017672946607
87721,9898.287409832647
76462,27966.886143428448
101352,6747.000121523299
89118,9189.052077633167
91908,15866.07599709124
94169,14322.29639702385
105347,11695.490828148351
93347,16755.36743363339
107981,12274.710753382318
104698,10588.89864132543
87678,12550.348844652075
78945,9837.652192278652
106051,9101.085252985069
100768,12418.506600174112
78915,17440.909276690905
101837,5242.868512613351
79136,9334.918903778007
97035,7276.882718032847
78591,22397.416484489084
95969,16734.28106034369
84208,9780.397245932154
100228,7545.161491092144
97687,8886.739901870265
87591,10062.67388436564
96149,14698.340611111122
87736,10707.558861887654
87550,6833.153878698613
102052,8099.4579801501
78827,20321.990061391345
102402,9778.449906153888
79412,16663.792206389848
77865,25149.209486518605
107971,7567.968753254618
107469,13498.299910908894
97612,9112.933364377777
108451,12550.721726110316
91741,17047.648424432107
97524,7634.529439122503
88979,10563.234578696512
87740,11580.698924002802
98817,11120.913189473853
93862,15499.522509562195
99648,12015.760208966218
76643,11324.886680314328
107633,13967.843529129459
91213,16268.875802088163
90869,14805.799459098063
85444,10864.028483954668
104383,13022.754900814452
76870,12248.816190694952
79279,18776.65380182938
83999,5672.400062898574
98596,6495.635076350265
86831,9022.225016549484
78863,17273.316238728385
98360,7007.740893644725
100096,10151.897871974143
104448,8035.21152387042
90367,8635.690980777767
103277,10452.083714257009
103728,8552.39864547923
84370,8689.020577731393
89978,8717.985861293188
92359,11660.774118854199
90135,6849.296153650295
87969,10325.518904645747
102318,10212.343945930363
76607,17564.953057522343
88481,10025.306415598076
98436,14009.061134198491
92888,21065.561706850414
106269,9694.126265210029
100538,9184.60017861272
106326,10117.89793530825
82449,7076.109048639779
91142,13653.506842757875
80150,14749.202828101566
106004,12539.593176001701
108069,13264.897650071403
87037,11311.982769215385
101280,7482.326736974034
95763,11676.602002763415
86504,10025.306415598076
81964,14071.939058255384
98685,9034.831639921911
103215,9463.200365797553
94922,20600.11981563341
78554,15170.228612684206
105764,9436.432286070918
87972,8957.956738095816
84358,9077.76567890176
94964,15633.2195848063
103241,8401.01284573729
86647,10208.122161795556
99158,12862.502482100743
85420,8337.39820506089
78077,15946.631290562995
107422,9091.34747990781
104022,14971.87638566227
79737,17261.911252560694
80207,11340.82831576728
80967,14097.375746365302
104178,9637.531680569102
81030,13324.741562530828
93015,13143.92788569455
80407,15402.594752466093
87649,10539.91572982607
76690,11720.219321550258
79789,15927.326722756106
82746,7846.643538478685
87159,10265.670713327798
105962,10201.861559110472
86711,9730.504313761581
90644,6282.569498272078
85786,9393.7608702345
107631,14054.173361643174
99617,7154.163364157588
96261,14926.92600445138
103524,8099.4579801501
106761,4982.024494621211
85261,9025.045054016613
82784,8970.387163800977
79866,8380.966353919532
85332,11311.982769215385
91102,14321.35064757611
86628,11590.5049566854
79673,17963.43846208635
83347,11007.39005108892
94145,14174.95163200546
106036,13465.747286434442
82287,11697.042225868478
88789,9813.576425801159
79618,18610.279021726106
94133,16590.902748037493
76165,13673.895677552408
101369,6368.8141686584095
89387,8863.362296009316
76789,20010.79219802787
107309,11014.288070423321
91783,16019.741665255728
101897,5336.158465038236
97745,13389.663358507318
82133,21920.20611181917
91614,14497.537565373379
97308,9501.260813110468
95044,21718.657234335893
80363,14337.894599588593
87137,11701.839457623819
80900,9308.36275152891
81525,17143.74011595037
86772,9368.472707539786
104784,13571.768896816819
76211,19487.97640405489
88180,8970.387163800977
107375,14088.728768131283
87142,8977.779651910956
102944,7479.988696154315
99258,10976.868165817416
80209,12189.592995416584
81591,13700.469827859197
101494,8833.367015424199
103703,10950.185500755104
84613,10428.08895827703
81070,16078.787347198955
98675,15214.02628385765
90638,6300.346124341108
78215,12734.53351666683
104188,9292.57262318376
79525,17174.437386117992
95362,14860.819256180863
95717,10091.475411689571
106872,14971.87638566227
84301,9923.283915798065
81601,17448.193833143472
86575,7085.9885215740005
100108,8995.028091705724
98140,8924.72150481762
80480,13561.049663927015
105961,15559.948655174583
88147,9916.389075549581
90426,9838.559599077726
92503,14254.761938257281
91066,15306.31734395006
103976,8552.39864547923
78267,14716.935573157736
99535,7749.56534522586
87776,9367.25746164485
108501,14390.966579072916
102285,8075.801882156311
105946,13756.756771910555
107799,11276.878265103262
90291,10429.119291942276
103617,8995.028091705724
97086,9962.00307264042
108058,12327.569422720104
84663,10208.122161795556
83054,9119.876782098734
80706,9385.25059021787
84885,8689.020577731393
96741,8088.672343101689
89018,12681.380653073407
102962,9942.113655812269
107208,15463.859929026366
87254,8674.560104119899
90928,16734.28106034369
107211,11976.812795177968
104636,10349.227789825813
96902,14387.345650331656
92953,13809.818294999515
107082,16920.188222568442
87483,8286.904411717407
81493,13771.949359290596
97521,5775.718797615838
107168,23106.052751910756
94004,16268.875802088163
87794,9814.448966301481
99172,8308.344647199772
78673,17015.62808258918
77673,24597.66462061147
89569,15570.254329129568
95130,9779.855551997529
82941,11258.445585931395
106278,14931.608410171912
92295,15128.374351828177
100500,5715.6662105478
82192,26305.504967677312
103583,12418.506600174112
76059,11016.857584221492
105499,6583.715126413661
107083,9978.854721216338
99563,8642.017672946607
94951,13796.326737880541
103148,10950.185500755104
91319,10571.524435226323
93386,16258.480532180245
76109,8499.009618081687
82945,8184.721489970442
101785,9962.206981558045
99381,4401.048293032145
87060,11311.982769215385
95211,17831.59043114507
91694,15533.579486966915
77173,26178.657642364607
82094,11111.757143506664
102120,10212.876943091642
91721,10499.086602593781
88100,8689.020577731393
101115,11516.784115749242
104595,9782.14946260263
90098,13497.054162782677
89595,6282.569498272078
82269,19283.31449145186
79900,13600.421107644359
90360,10784.345919279744
102462,10209.685787331659
106639,12770.870616034203
100825,8075.801882156311
79579,18239.5041643557
97198,8427.006622712286
78303,10222.232529144096
87680,6566.47641396691
78160,23393.91712739012
76168,17440.909276690905
88329,14212.865046653415
97416,11317.64599531538
93159,19604.656575075653
91927,13212.173653629423
90611,10695.74573418596
78641,21554.97649311619
92598,13669.86401376834
94425,16994.526802315733
91168,14322.29639702385
78734,14282.453185580898
78005,14716.935573157736
93001,16734.28106034369
101473,10950.185500755104
81076,21281.689992349722
89625,7346.152897767581
77610,6019.120599089145
99909,11489.559931601547
84285,6833.153878698613
87146,10283.79687785446
106204,13976.467385260015
79047,10517.694319297156
101371,8928.619716960924
83269,10864.80463288901
79251,10073.073778196334
83976,12773.901812335394
102684,7545.161491092144
97327,9013.0975122242
103469,8756.547065844705
84299,10640.687765734894
99272,10295.524053220423
89489,6594.57125484687
83325,9393.7608702345
89423,9409.31716572255
86724,8940.430175947058
83802,8206.720898503638
92419,21601.698861824716
104989,9345.671694074705
83670,13722.04641302632
90400,7452.554984956886
107433,13264.897650071403
81641,17940.480243733917
103722,10950.185500755104
86632,10025.306415598076
93036,13177.100866780707
94398,14574.035465822757
84906,7055.79834248176
81280,17951.018863464615
104075,10969.109271262998
95998,16851.67061762336
100993,8995.028091705724
105404,15204.303459792181
95615,16366.417617119581
88828,8530.435304402754
94230,16371.967373249523
97101,17579.509683452867
102266,6296.942790338342
95269,9573.11333797348
87008,10864.028483954668
96384,14487.714556130235
81461,18107.76909432916
92651,18114.10058402458
83997,8970.387163800977
100143,10520.865088282193
86721,12669.851058499818
107348,10972.537770397903
99221,8308.344647199772
92846,14540.226686522852
101042,9647.987633675408
76663,25141.200887887462
87986,6844.712669471286
92959,11651.050341926757
86076,8616.53003427582
76987,10211.061742692484
76842,15885.439461014192
77966,10248.032221791935
86599,11829.040929527338
87922,9368.472707539786
90812,6300.346124341108
90897,12594.253582000225
86531,7983.466285682362
83583,9037.50573352186
81256,16687.1831238259
80343,11249.64101415301
102122,8682.26877229802
77334,19496.18968406808
102222,8995.028091705724
93883,13885.764315852875
101876,9635.894480558169
77602,10809.473934469457
88598,10405.599868311378
77524,16652.705098627113
96783,18414.497078641612
108041,10201.861559110472
93694,17566.13393306269
96258,14389.454673321892
97398,8883.963075544754
84225,12692.98513918135
86415,9346.408627402705
90604,9223.543367563647
103848,9253.070952392256
81012,10638.593747106737
94703,17056.643999156895
107406,9076.674243507978
97842,6581.304790728674
106706,8088.461813964372
81667,20506.1654027751
81092,14120.640877091204
97523,12852.395324270676
77107,18265.558888967516
100699,5721.586046219393
86969,4523.677277945479
100917,9253.070952392256
86251,8507.681086789415
86424,12579.012823655994
79990,9558.220057604547
86382,10405.599868311378
101613,7564.445919236805
78397,11479.832980303798
80111,9412.913015733006
88021,10072.021278479431
76832,16165.374971084058
78935,11264.588109996765
100446,10242.645422791415
100621,8995.028091705724
78399,9259.765987245595
108515,13176.261192930937
106023,9782.14946260263
93721,23276.07112394141
83647,8334.79301140039
94136,16994.526802315733
95847,16994.526802315733
107172,8460.819476424598
94458,21109.261912312744
94175,13206.619661070481
92726,15783.105776094282
80910,24524.597477084953
86869,10025.306415598076
81258,13120.242184108181
84340,11007.39005108892
100324,6395.874500734013
99428,5901.200622670653
88878,10127.823306648199
78066,26618.52125155142
105935,14570.409401058922
87309,8378.801752448186
87656,9719.374588822875
83790,9151.014332579907
77893,6184.838543051333
76055,13673.895677552408
99688,10352.875569352487
99661,8642.017672946607
93173,18824.15864859768
89291,8153.014621535623
107766,6583.715126413661
80369,10507.527386977968
84448,15315.810797464042
98481,5901.200622670653
96477,18420.252492215146
94818,11323.029062454969
106708,12203.943660638091
77786,15196.887683993587
77244,23856.679744999215
91199,12877.46027455359
101108,6325.093916179856
78967,13254.688405504592
106914,10304.654368526919
91647,13457.382184433338
91411,15772.942810456405
98766,13243.320482622179
105906,8426.596172296171
104682,12462.385457593708
78615,21836.34691855666
85253,9719.374588822875
103137,8099.4579801501
94662,15447.650818853906
104640,6583.715126413661
97535,18414.497078641612
80168,18554.676647981083
89005,8660.61316586105
99876,14549.458814358903
88741,7740.261793604098
88333,9785.050774041576
79822,10756.032289584246
108292,11465.233772499158
106845,10972.537770397903
92167,13226.272881943612
91226,11496.20924345521
95206,13374.962202080864
92166,17970.9038343693
102963,9184.60017861272
79527,24458.43637796692
94552,16009.50557398123
89210,7941.322132410181
78573,15634.937558792766
104073,8516.637910868489
98520,11218.011927174255
77491,26643.186423936368
103333,10950.185500755104
80090,14935.617423028976
98666,7702.634239438014
86798,9814.448966301481
81728,12107.348190938863
81606,9766.455970360857
84372,10025.306415598076
105528,7984.043796705992
107436,9073.838075360385
89038,8265.311589315172
102983,12545.686498076895
83135,9719.374588822875
98165,9351.862668237327
96159,7300.3734056669955
90229,7961.831471107376
87710,11007.39005108892
91414,14593.73363065717
77961,13417.846792529534
101890,10950.185500755104
83710,7707.28444656348
92874,15854.351192960568
86534,7055.79834248176
98517,14758.649002338148
76174,20010.79219802787
107068,15069.39483874018
98050,10051.093039588786
98718,10093.482294716021
101964,10946.76398521462
96813,11432.410681017185
95118,12814.1755486772
91139,16994.526802315733
98838,3053.958260215827
98268,8641.733274869988
99553,10745.007939020361
98904,9138.367319083096
80828,16020.325490579733
100001,6940.4481358163275
106691,13753.455256336818
108038,14634.494959563304
98715,7009.14075056934
85714,7597.319667437456
88475,10631.96817455962
91923,16303.417122258476
94795,14344.867586833656
79738,11096.252365994587
104213,10878.056942495861
89425,4383.233409970144
82405,12753.93337930536
101000,7144.431542780741
83819,11225.127138110272
103491,8995.028091705724
88226,8031.733807405854
102022,8759.84846207243
106889,6583.715126413661
98697,10973.438313722576
97178,8067.317464598718
92375,15518.81126366555
95917,17554.24286519042
96308,9744.176611878755
92406,12594.253582000225
108375,8888.152895108171
76860,12338.009547441798
82234,15308.181468334873
99593,8679.35726977702
82962,11147.375752471253
82016,11629.765694695512
86781,14910.93239844019
101065,10637.818932790291
95525,14766.353293812717
95306,16734.28106034369
77397,20321.990061391345
92496,22973.394337243037
102473,10950.185500755104
102927,9724.85938988297
91897,16620.94281610334
95554,11215.760958511666
97488,14209.126004980517
76085,14943.660631811072
84133,9720.619053362767
106369,14642.142760162018
92172,16559.469564083323
80532,11110.150014288725
96952,6261.875114447249
104627,15962.507125467
87415,9430.342897106566
97047,8506.076457184194
87227,9151.014332579907
100308,6353.77323635742
105075,12469.527647198622
84539,11623.509532878292
92284,14804.593065453422
95634,17981.301678558037
86731,9709.744232460487
96425,9713.036367689412
96765,10314.83794887267
93239,12647.736564753131
95450,10799.187407648153
102086,9106.139390275132
103024,8961.139478642637
92808,16994.526802315733
99619,6391.537179441208
79704,15303.119651636187
99613,14890.889612540686
106854,7091.639191751503
80959,24882.40828451626
96020,11975.307984658954
78736,9895.798058122633
101207,10164.753363971577
89767,6594.57125484687
105747,13263.067611272836
77828,11842.169408240256
91572,16994.526802315733
88785,9814.448966301481
76972,15876.849726491097
76362,14839.8433529775
87572,14783.019609116913
82399,16404.012015211454
93833,14766.353293812717
94597,15290.453808647813
86551,9221.846086693522
107163,11757.600587079083
84085,10208.122161795556
93349,20818.161231056914
99389,14894.592136520138
80970,13582.48542138339
96279,8740.039900176407
95329,16019.741665255728
99228,9242.470679784612
90184,12640.64518780671
107226,10555.497377745802
80769,15599.368816864464
80742,11975.832880423457
93650,16268.875802088163
107530,15673.033834263428
87038,8601.457929797964
80146,18160.635194333998
94892,18440.655691564873
107150,13209.184172228133
77880,18873.610513300246
100591,6940.4481358163275
80919,12761.939876656266
84533,5611.23187186278
82006,11003.573436202592
83592,12669.851058499818
77124,15172.261505188768
93924,13374.962202080864
95528,14511.033277189317
105644,10446.124620581215
85662,10842.279719297314
83079,10181.52391080575
106655,8741.546578411975
96517,9713.036367689412
80260,17307.601989696814
78203,13728.544781178609
104045,12654.275826010948
76147,18729.284782414557
94260,14688.523686731622
101648,10290.003078934931
84725,9025.045054016613
100099,9270.753009540524
79381,7829.820229246451
77511,9388.087835855626
78265,11889.433028757394
85496,8616.53003427582
77336,11626.68003756235
80330,16093.012927639806
97617,9804.187495154014
94477,22833.851296632238
94881,9427.467406151594
76653,42592.48499151865
89023,10539.91572982607
104965,13078.070351571816
79637,12651.775435470143
94018,14567.956218623336
76481,11448.629998043934
76139,13464.49743921654
89662,11805.020743989226
105654,13396.004536308583
101555,5115.24244081715
107636,12704.1886735994
99722,9999.22022211451
77887,20010.79219802787
83236,11007.39005108892
107964,14612.59800392573
108137,9936.713393121356
99718,14201.696217355433
86701,10208.122161795556
77077,15227.428504514717
88040,22176.57029680394
78583,11671.38778812698
85917,10208.122161795556
81283,13772.728227052055
104304,9091.093781429028
87081,11764.498848857345
87129,8715.455577010463
98111,6930.097654402915
76125,16295.804940906055
89395,8402.663171958136
105028,11953.7454978052
98036,10349.640673353095
78805,10215.315159081196
103101,10699.510330012608
108365,8458.1757218432
103367,10520.865088282193
79524,17080.83970036956
96079,17351.897003399306
104361,21477.347526797963
106133,17667.686086941336
88514,11007.39005108892
80511,26628.530993959565
90340,8479.103691232787
105563,13032.0570296683
85987,10489.101220445347
88251,11684.933365645806
104270,11587.906131737302
100820,6958.18720195653
91061,16019.741665255728
94348,16686.421520004467
106956,16519.75100300776
100858,8971.590365199721
81114,15326.619941458075
103100,8995.028091705724
87787,8284.314994001783
96168,14527.21964548947
107880,8111.289527199854
79423,8441.575737878522
96948,7475.124403811758
99709,9132.365742580789
92562,15087.595957256191
101684,9184.60017861272
99037,12005.442535799317
89129,9757.504262237577
78722,12310.837085317246
100854,10950.185500755104
94206,14322.29639702385
107045,6603.202098416422
102537,8034.21889680566
95597,21910.185239391154
88680,9729.008939729676
96439,12595.79047108248
95466,16274.963277471645
89104,7516.861479614891
88224,10025.306415598076
86152,9635.008419927119
98291,10150.76817440744
106901,13657.158138941659
81783,21281.689992349722
100932,5546.016969961557
81607,10212.63732147414
96664,10070.798193470482
87553,12150.917771113685
95513,16229.570074358813
89899,11067.250726709419
98891,14549.458814358903
107167,8345.943391289182
77353,9259.765987245595
106280,14519.527577006858
90874,6784.291388684929
101248,8056.165337316451
79805,16901.17831541693
106429,8426.596172296171
80749,18037.201434095045
100354,8382.343357620246
80249,10888.551505405198
108135,21444.742071019253
80931,12772.47568284601
107899,8109.872656429295
106399,9348.592818652864
92635,14336.807202238602
99128,7502.534086505249
83388,10050.298036679276
79225,18360.30434800352
103533,7476.349634538707
103029,10534.014851958971
107588,16609.345655298566
92646,20004.17483161228
95432,15638.303025187248
105377,9339.539654189928
104914,12269.538723971287
103692,6957.255415480893
90273,11724.1373388532
91496,12330.567787883194
90243,16767.19851509369
88300,9150.154201792555
87519,10414.973787198585
91612,12877.46027455359
101939,7472.019049094889
91015,17145.231787491237
90181,14118.088089464296
78441,11363.102670440647
108389,11101.100837658963
92627,15019.83717979972
96927,8309.001108441666
87730,8970.387163800977
89842,12220.015720527483
92971,13370.238661296276
85556,8134.3476512841435
82669,12184.96228227775
96673,9288.973171969847
79153,21899.51997966021
104675,10130.550004797271
91062,16590.902748037493
93779,16590.902748037493
84248,13727.328849257103
85038,11556.399664498742
87003,11570.910655025533
104951,10443.901722202725
80530,9350.493578425934
83785,11303.597390662955
88812,8378.801752448186
82270,21367.938771554767
108300,10792.371123439867
103880,8779.423067605447
90507,12818.469841276641
108049,8712.45727193977
77105,14306.142829441527
86615,8970.387163800977
86494,8442.352788642742
103184,8646.967118288127
98599,14945.185184826567
104375,16193.425882617037
107205,16450.400901077825
78844,8368.85235166934
99780,15681.80052788433
88969,8128.485339852881
95137,19909.538735335285
102509,9665.362367654963
77745,17602.53949624516
86566,7384.963676235023
97877,11492.204167146576
101765,7511.105392870348
77886,9259.765987245595
90185,8389.928673799002
104203,10527.364314136159
85229,10564.90047345869
96143,12842.80118904113
88575,10842.279719297314
104096,11887.99667273246
90161,10695.74573418596
100702,7741.733349990284
91390,16751.95327653399
94518,15412.592145165483
95365,11104.025917457166
77078,9241.083836033058
103981,8995.028091705724
93049,15611.564506591003
104932,6848.49417708679
80929,13651.832799975462
84280,11594.127661230408
107619,7714.3155299398795
96726,7188.985483285073
95122,10499.086602593781
96286,14924.174797034775
104463,10795.744386426075
79669,11395.627027039078
83751,10130.729210264875
103686,7482.326736974034
76601,15995.532751125957
78424,17415.22375693399
103522,10498.23009894792
96181,12228.09929601426
106896,14159.898629644427
103201,9929.857020505955
108472,14838.627876807277
96100,7483.543198125618
78149,20513.381717058077
99046,7193.155846564248
101215,8291.915833892674
95675,16259.532865387942
103753,7066.559696662921
102010,10203.41140065679
99789,7802.698137718838
78760,18259.08837642245
88270,10075.169409813876
77169,17712.143599242987
94033,16072.19458359443
96304,10592.254903243924
83591,9427.841278943417
80417,14119.419499801708
87101,14212.865046653415
91487,16590.902748037493
107256,19729.573568801097
81695,18178.926782492425
104760,6063.188983936962
86668,9101.794968636646
106007,16535.857430050335
94726,12942.644833361303
80940,19048.434137164455
94574,12434.883010737669
100505,9184.60017861272
86383,8184.721489970442
95683,12011.81736691525
79982,9847.017115201857
91488,17391.436244334905
79556,19633.358033297412
108183,10453.238445833163
93993,17500.254593533857
95976,20385.019020475134
98574,16115.448276229776
94825,18057.68949794041
88397,10627.28678602498
84250,10040.869932602842
98593,9351.862668237327
98330,6446.0938593137325
103350,6243.430845031547
79640,9954.4346808228
88447,11043.58320948342
97515,11504.961040019563
99951,9967.125621754378
99333,10192.236075267645
88755,6844.712669471286
86184,11007.39005108892
79396,12022.999975891727
86690,9730.504313761581
84172,11709.668061865008
94766,16972.96752461706
95569,20132.253463833535
106158,10535.845269691017
81339,10499.025693052095
93286,16971.673533196943
98950,5943.260345303532
78868,11110.044634007947
100793,6888.829955768872
90095,13593.507288230456
77269,15912.667779966328
79615,14586.505534866346
104050,9816.562370767473
103961,10245.84687945897
105844,11976.812795177968
101832,6181.521079442658
102550,9546.446094088908
101434,10520.865088282193
101418,6940.4481358163275
108042,10352.462556786288
107747,9431.034304267521
84521,8442.352788642742
97615,10070.798193470482
81424,10786.963449268262
99517,8424.766007031974
86658,12606.519072427398
91422,14766.353293812717
83839,11038.20605568295
95100,12577.342977402692
108425,12026.784531840967
102439,6107.294823012446
88840,10388.194892569056
90580,9838.559599077726
85770,9043.312075509144
87728,13842.818362031036
89952,12559.201528751566
97315,13185.510347364137
85711,9098.950951936804
90358,11850.401366442351
102929,7760.490638566984
82447,7438.29452874029
100245,9915.578484051519
84784,8940.430175947058
76465,11733.757329274866
87664,10128.917337806559
105387,11976.812795177968
77089,12525.984196781998
81610,11115.230224522615
81058,12422.330582874209
77730,30189.05390333473
87459,14667.192045803034
104036,9348.592818652864
107145,13465.747286434442
82326,17208.943613870415
98946,10352.875569352487
107053,4241.441186596257
108371,13435.569134450425
99914,6940.4481358163275
103049,10079.37300007049
108509,9600.261240005813
97598,13455.629808282469
79617,16276.762551794702
95140,14766.353293812717
90323,5252.0031067152195
87974,13710.499192091338
103944,7482.326736974034
103018,10520.865088282193
87158,9310.881123944462
77669,13135.020117621278
98042,12015.760208966218
78268,22425.89947575224
90767,6383.490945983762
90669,8641.59061233956
81912,6065.4587160895735
100120,8912.882069477388
102601,8491.00533703265
106911,10884.786320468918
85941,9037.50573352186
87006,12150.917771113685
79286,18517.669603735296
97138,9013.0975122242
90797,5497.278559629974
100707,8995.028091705724
107334,8519.299936695828
85757,8974.974381731623
85888,12692.98513918135
99962,14931.955825047347
76188,22694.387742083487
99064,16399.961314594955
77045,16919.408563148183
84655,8689.020577731393
107154,13898.180372121373
95840,13374.962202080864
82979,10986.351230673263
97459,8165.433137531531
89352,5166.210259730872
98956,14549.458814358903
96121,13787.907147183709
84625,9814.448966301481
98767,7705.041863890281
104355,12400.508078588975
89678,13593.507288230456
91357,17591.990378669736
75998,12593.16475786711
107603,10352.462556786288
86574,9130.342317000299
83632,9730.504313761581
89374,11007.39005108892
81663,11348.20711980799
85717,7463.8564495408245
107272,10880.659575048154
106265,4922.438375888808
99040,14201.696217355433
88694,10564.90047345869
85144,12051.50118128068
86820,10128.602336095712
102396,8760.454535894585
87881,10025.306415598076
76603,12017.611515609271
100941,6959.270604008877
97580,15488.058405114314
106362,11218.69154919925
84680,6408.13017430133
105064,9073.838075360385
105522,13032.0570296683
82587,9973.351050199683
81216,17668.816458255555
77075,14337.879944242051
95633,12821.411437593248
97702,8427.006622712286
106735,10150.558515288632
78177,12934.630187325523
108495,9160.77726225679
100743,8759.84846207243
88876,4527.39817068561
101192,10950.185500755104
87450,10025.306415598076
87281,8265.311589315172
89740,13689.112718980603
91037,12849.1258944268
88485,12115.035648731951
103760,8102.835950279094
108527,11690.478505956868
94564,16734.28106034369
96909,10973.85074672459
96759,11397.705083241504
99752,7125.209590275464
96075,12705.90238536955
93329,12693.851189055968
96936,15827.105156271196
98873,7504.032768552335
90863,8975.54454133093
76692,20213.46269087815
89812,12517.02336716351
82128,11171.408806792331
96066,8165.433137531531
95160,17874.636690961415
94923,14676.031555729565
79998,13539.897808040294
98555,14201.696217355433
84197,8284.314994001783
93881,19909.538735335285
96420,8969.083213113905
91466,9340.728591198487
102246,8058.353398017858
95149,17235.61090006689
92066,18260.93949436923
94579,14144.069298416958
81791,18505.559652742013
87929,8286.904411717407
79839,13000.900004733856
103708,7777.453781035342
78718,14310.614254985318
87840,11313.002264780343
86316,10459.995632452208
106118,14716.077341877392
87923,9788.293706036584
105417,13264.897650071403
95584,17213.457843554694
80187,9339.734446123397
96280,12837.257685652496
88069,6424.871765531134
102826,8280.948815989515
91166,13143.92788569455
95616,16994.526802315733
77374,17260.44010094606
101288,5586.47392900969
88801,11007.39005108892
100060,7313.246746804406
97336,9267.527211871846
79226,12456.510234378697
106287,9774.92233957887
95018,15984.179992679527
78131,11256.388840121166
84551,12692.98513918135
100445,6409.620713121846
93031,15306.31734395006
104415,12448.883208871854
82984,12150.917771113685
104242,6760.4821375725805
86170,11736.497883020265
79814,14539.498179979562
94172,18632.4812546461
95530,25098.423252882094
96105,10982.33377947832
87822,9590.144828859204
78073,12431.47775200305
106610,13182.000070556092
99065,8482.527532405302
77646,28155.27379921183
86266,10889.38199599662
80186,12856.794029985698
102645,8116.049301250674
83453,10864.028483954668
93905,17208.07947287248
90535,4938.274673226529
103695,10164.203104562532
87488,12377.216905948639
84520,8966.42358740336
97541,9759.46832137466
93818,18590.774905706658
90796,15575.120828694588
92896,16994.526802315733
95577,13818.776262521833
101488,10950.185500755104
92336,18342.021946687943
98826,9299.83125929852
99527,11064.131247650215
90582,8197.623593959912
99787,14829.656689893955
107806,11877.497989871568
94108,13791.268512345987
96333,8744.144356700828
100710,9678.129124321289
94129,12975.309849782629
85361,9958.64885930596
86043,20761.183514050015
86833,10529.095162133242
94373,14540.226686522852
77978,17059.552862965906
96250,13570.091915357056
95594,17582.15128892386
96781,15896.361485771948
91860,18347.754709536577
91206,13459.256053715215
102627,6940.4481358163275
89384,11939.720901182718
100945,8937.205605798988
103337,8749.19402774781
78230,14215.532706517082
103814,10245.84687945897
96429,9378.75034189359
81547,14767.489359582445
85056,16154.074389563079
107758,8426.596172296171
81328,13653.11874799581
100775,6280.819571807059
82066,12380.405452054192
83908,13141.894744437166
105323,9782.14946260263
77492,12780.201910974385
107451,8088.461813964372
77351,9956.12389879348
98029,7504.032768552335
101572,7460.790013266155
94944,17504.367341686946
91179,18839.708313548315
97780,17231.992478365293
97978,8350.602741118975
104953,10356.408569209378
89173,12573.870351081023
103406,8552.39864547923
105570,8352.624165026524
81815,13504.605314814859
83095,10128.933001251711
92184,14737.069087328491
88793,10299.810567181805
81805,10401.379305644141
85794,11939.720901182718
97245,16642.217401205125
88691,8614.624995855595
98261,14945.185184826567
76495,15691.815652478714
100400,9163.80314005035
95964,18463.927324781114
101477,8161.930795150397
91345,13608.67063805772
76207,21428.116971231986
88153,5518.631139450684
96153,11645.989389000903
82291,11018.009750563968
99451,7749.56534522586
87965,13847.144984319348
102559,8779.423067605447
106147,8987.93008103292
77921,15152.525343460462
82334,13737.750779383676
108164,9339.539654189928
106096,8735.519678965697
87657,11701.839457623819
98448,13587.613689506168
91900,6600.455600274476
103220,9942.113655812269
107077,8908.06677070443
78197,9358.188917662828
101655,10212.876943091642
107006,10201.861559110472
101367,8552.177440548418
91219,16303.417122258476
92182,15412.592145165483
81544,14000.869233534711
80496,14622.472395607063
81766,16023.20708676057
96589,7675.905877602376
81711,15271.563818613367
94981,14026.398086696585
80701,12323.094026550196
83791,10566.536229411067
84832,10517.052731277823
108407,8747.542777862573
98308,11977.602226245028
101437,7051.681044615518
91248,18070.97078145912
104100,14020.375841078609
78410,18053.17988278339
98413,10294.25530228243
90060,10335.499730866808
101366,7338.419604643473
98709,7749.56534522586
102890,8491.00533703265
87962,10128.933001251711
79140,12185.916934331623
94166,18509.47389209997
105551,8735.519678965697
99518,9337.253939127064
101813,10950.185500755104
97443,17231.992478365293
89725,8194.407083594733
100115,10520.865088282193
91893,12132.935330662434
90000,5497.278559629974
82989,8604.077911597824
89359,10978.709434192368
91971,19289.387396595004
88614,7055.79834248176
104765,8947.579148404042
80918,19675.1111817263
91622,13691.50561141777
88210,9430.342897106566
82019,25261.468002381207
85200,10561.165062428943
81558,14898.317004886085
99276,8548.006640340636
81563,18026.22876954446
99583,8424.766007031974
77201,9259.765987245595
94664,14823.630319517568
99203,9025.074823711717
89314,9246.382097140639
89306,9275.23841183666
90716,13492.836920541542
84217,11425.195040982071
104655,15204.303459792181
92210,14717.192503007249
82528,7941.322132410181
91346,19554.67226288059
88118,12859.630455455312
76132,13046.312183797065
101208,10044.117733192548
102136,7986.333313911784
77562,17627.563574813852
108283,16448.851089225063
100008,10520.865088282193
91342,20628.691345581516
107698,9140.352486080394
81538,9385.25059021787
99044,12056.51301699552
83163,7814.040009885382
105124,6729.418489568757
86549,8845.656810107479
91034,10091.475411689571
101853,3709.2758090237653
99837,12299.242997414161
89337,8378.801752448186
107369,7714.3155299398795
77529,12218.768142789742
78801,10900.921917161872
76409,13481.763547254608
98146,8308.344647199772
91565,25350.475523689962
107994,14240.08017097505
93945,16430.89367167195
99755,9337.253939127064
78753,17313.05099947894
79674,14621.934565945923
101599,8995.028091705724
81659,18645.83592983893
96322,6720.318532724689
80700,17141.99545245206
101522,10520.865088282193
93595,16621.383864839107
78924,13639.761391000988
102891,8995.028091705724
107611,12540.109309018855
78528,20286.042104950655
86323,11007.39005108892
103910,9140.658529497472
93854,14541.2997646399
88710,7910.515677290869
82438,15634.073506309123
83328,9886.552758477774
91690,16556.962617915466
83796,6195.079933413149
99904,8995.028091705724
100270,8800.788932575493
88422,8286.904411717407
102971,7545.161491092144
106161,8426.596172296171
91244,12587.363677895935
81158,12732.69817880978
98004,14894.592136520138
84522,8601.733979162847
81215,15259.025832150337
94487,18483.305218331603
78065,14716.935573157736
97766,12852.395324270676
86180,8957.956738095816
87921,9367.25746164485
76160,17440.909276690905
104197,4503.637302546732
100295,7849.636169462194
96012,11492.204167146576
95783,10677.572530391726
104527,14264.560319834978
77354,17751.499370350717
106062,7674.152686942737
84578,8640.909586232727
99784,10937.357562351812
91716,14737.069087328491
97394,10982.33377947832
97254,13728.737612815272
87501,11225.127138110272
95532,11170.892508215968
91011,14883.707459409383
106069,15512.702520690687
105103,12250.054274803311
84421,9307.519115278817
87363,5883.098318347501
108379,10443.901722202725
83268,9430.342897106566
94592,16580.110948138317
84041,12866.891970047487
88908,15393.110750263397
85932,12936.599424002863
96593,8330.989930209267
106195,9339.539654189928
107153,15594.50497572411
104500,11222.198050531108
85737,9144.425824081287
75997,9572.081382084616
79336,20506.1654027751
77061,21697.34775536245
88839,11736.497883020265
86859,8414.651964312807
101090,10450.29114692004
87563,9144.425824081287
107188,8088.461813964372
95198,12244.457280552851
86476,11680.511684726083
99894,16115.448276229776
88279,10069.091492599446
108121,11883.462901955636
99827,10295.524053220423
107457,16445.26093483016
96509,16994.725444542684
101858,8488.438189342412
93052,17235.61090006689
91879,16336.837540667595
107229,5011.130062298111
87917,9430.342897106566
82310,8677.41600803494
93584,14300.19354352649
94356,6379.4671287394285
76249,19980.870549466516
88386,13346.795998090325
104406,11244.745961209366
98286,6250.551880355392
95310,14270.699452820698
95994,15398.630356853751
79879,15417.130460260736
97135,10110.52939086281
81818,18506.08047364402
108055,13447.36198090379
96474,17381.24399413913
104358,16210.751223750334
77110,10066.529758003458
95124,11002.444091819092
100539,10203.41140065679
102883,8075.801882156311
94081,6193.110929326161
100018,7476.344259258739
101491,10155.070967219604
89297,11669.982791930697
99337,16399.961314594955
78463,10846.429899002924
97799,10132.160302794427
92138,13312.799061389751
83715,10950.809581737196
90455,10476.496027839567
89100,8970.387163800977
79908,15381.691497051515
91045,13374.962202080864
78357,10577.103057195436
83989,10619.210394430285
83057,7055.79834248176
92472,13374.962202080864
77836,7450.4469202294895
91661,15760.560820762239
103107,9338.677680564802
95476,16994.526802315733
96615,10346.546130597108
76337,28602.060800602598
85067,10860.633886739315
95176,14247.058877436752
104450,13358.033325745499
104227,16198.640877804386
94327,11816.351392844694
97056,14926.92600445138
79775,10754.226551799899
91282,15589.927873985453
98425,11090.281488370503
79509,12892.941794405893
79798,13554.102167072919
82615,6513.866608017691
106314,13898.180372121373
88964,8970.387163800977
94303,12132.935330662434
96851,7300.3734056669955
104465,10212.093685290441
89500,10273.299960457933
100482,7501.4505891355
102159,7472.019049094889
83242,8286.904411717407
104780,13264.897650071403
83902,7248.772896501201
88955,10025.306415598076
83139,6513.866608017691
88842,14385.70627668622
99320,7502.534086505249
81840,17080.83970036956
103216,7545.161491092144
80734,15209.3730623369
102743,13625.755439881319
76855,16929.683940260682
89866,11249.20389266016
106171,16872.477590152394
76530,10274.223912185358
77933,9956.12389879348
89304,9839.826307295594
77180,18228.5145718899
101525,10245.84687945897
83657,11543.22110797527
92832,14532.921578443278
102059,9942.113655812269
98895,4078.0909679104275
87994,12150.917771113685
86458,9390.185586696132
95568,16994.526802315733
79603,15776.357600632917
77681,13923.528007586023
105596,13123.462711174907
100815,7479.988696154315
77113,26210.90711051128
95519,10816.613876291303
82180,5341.190879511563
105893,13275.371269945905
96087,6440.709522189167
102458,8511.493886729475
104637,11512.865741489362
78633,14712.337199284519
101205,8995.028091705724
90825,8590.557292189846
77280,17295.73411424846
94924,14693.769473438597
92185,18949.140572711232
101547,10520.865088282193
88425,11225.127138110272
95191,14540.226686522852
82878,10075.169409813876
87900,9788.538433558328
90045,7501.750517887031
85402,12150.917771113685
78124,14575.645513401649
100374,8765.398409288116
96192,8659.276353777668
108050,26958.34648778124
98773,5373.503067120568
105534,8304.89424572378
89256,12185.94687983791
102735,11134.197618096825
101683,8511.493886729475
80977,16093.012927639806
98983,8482.527532405302
91969,23412.81372932733
101852,10164.753363971577
77600,13648.851827182865
95813,11529.732320110785
85687,12002.575274490719
97288,9523.187917060972
76331,10601.18973755659
76111,13896.954987859363
84464,10208.122161795556
102105,8313.129155960229
92739,20053.61435846809
87154,12859.630455455312
76313,10312.447052041509
80830,12100.122921834602
107419,21477.347526797963
103729,10520.865088282193
93796,17279.82401136219
85542,8940.430175947058
89838,12695.137446819417
93303,13691.50561141777
86555,10874.461899767244
81471,14706.898941453042
97273,16344.509105913765
84529,9720.619053362767
86886,4636.647251249482
77905,26178.657642364607
78325,10512.017889947578
91821,16725.87372033563
79209,11549.203521680778
107729,9076.674243507978
88328,9221.846086693522
85466,8125.726772486711
105634,8109.872656429295
79780,10755.131482503803
107271,10201.861559110472
77909,15946.631290562995
81592,14401.812470203036
90946,13499.884317424207
96511,8296.78848685641
101345,9470.800648463044
94773,16274.963277471645
106754,21148.458134108863
82112,16722.48413565007
76758,18007.419820926316
99146,15681.80052788433
103707,8120.158928578178
84009,11220.328204366759
84288,10128.933001251711
107688,11080.12740018639
98025,12238.213240898995
94529,17768.36724500285
78142,13717.717137330408
98985,14046.803248876957
96366,11870.144204679824
96697,8659.276353777668
93267,15154.28821815363
98625,5852.238250958817
90111,10355.664078505695
94666,19987.475665250902
102390,7365.7316682689425
87799,7740.261793604098
101806,8075.801882156311
92319,11149.628709541515
82564,8286.904411717407
80431,19393.87779143115
90298,9673.368836074513
83570,4847.956407811039
85343,11528.384097145416
104567,14103.942006325477
107481,11305.548349822242
80625,13044.78741158088
98575,9354.7857276868
76415,13202.926057683148
95772,16556.962617915466
85564,11263.024184505211
106489,8816.461962049372
104520,8395.483775916937
85622,8284.314994001783
104842,15591.843051058926
81717,17261.911252560694
91720,10647.768236760983
93411,16734.28106034369
91818,18537.17661769764
103824,10007.896357990994
106453,13022.754900814452
96056,14933.169155275253
87924,10128.933001251711
76902,16846.64519727187
107200,17906.507166874508
98825,5577.483321201127
84740,9811.382292727856
94186,18193.11105876192
87093,9221.846086693522
90703,7259.29464423943
87711,8598.77023507385
89763,10610.21934369771
107087,9817.791266536997
97903,10150.76817440744
105393,8976.593667487296
77984,13430.885837418231
93270,19778.08943635471
83584,10498.47362783463
95630,14463.588853258376
92001,7832.773550698664
104596,11444.55657508771
108196,9637.531680569102
94963,13140.936677250387
103813,5742.014650199383
97285,9012.537472466693
102140,8373.912546578835
82537,3871.6841104197247
105396,14785.448162498038
92363,15644.449162780578
87145,10025.306415598076
83808,7246.50782568957
98940,8308.344647199772
79334,14030.640754538656
88939,8286.904411717407
86108,9510.737887879743
107513,14370.29070878458
93992,12079.94148273307
77114,12475.149508786968
106247,8999.461790233865
106460,16661.080797699982
90980,16284.965387410193
91407,16795.976580981536
92716,12267.808873101842
94427,15212.217089008054
79107,28215.87609489918
97517,14816.939990488005
82963,9189.052077633167
95600,13413.382478976015
105627,13795.802843429015
94599,17235.61090006689
93831,16556.962617915466
77796,14740.301170132625
86054,9378.695438696226
103984,5845.616487729794
79232,13928.891794797966
86186,9186.180798902706
79993,16691.60032603877
106645,14900.304237308561
100923,8315.72757899448
79473,7046.155976067072
78631,12402.509527266337
98920,8696.363745423912
93487,16755.36743363339
89722,7747.404386065538
86489,9392.41665883149
77792,20010.79219802787
83434,15051.030358628046
81597,13554.24307333447
93788,20091.946309694107
105929,10150.558515288632
83037,10602.869368889798
96675,14329.388251844195
85315,13785.43658603749
88309,12959.732726872284
80642,13118.207037893779
85401,9731.690333077673
81449,10684.386564424429
108274,17824.051701199714
106544,6623.037043045729
91643,21253.091919614802
77829,17602.53949624516
78255,13645.437131270235
106408,9282.507138385896
96365,11830.916703742578
89365,10208.122161795556
98758,11090.281488370503
82412,11132.304346069646
103970,7430.015351339988
82004,14608.977792899677
76359,13826.966304986761
77601,14456.216302704815
87750,10208.122161795556
103263,8099.4579801501
103050,13630.01422327918
106203,16445.26093483016
107465,15250.020073200376
89824,10335.499730866808
83691,9052.153719257334
83517,10473.45774839717
87354,8970.387163800977
80631,25269.363306570984
88470,10842.279719297314
85074,8537.423080538045
106338,11036.471978014546
86031,5815.080373728075
77815,25992.73975008632
94854,17854.9575833424
92558,9837.952817915753
105202,8088.461813964372
79841,13254.824192673348
81027,19886.85704470755
81862,14864.199835962514
90349,11789.847259698
95059,17760.65684049929
100279,7806.98790418129
106984,15150.275109184957
92688,18172.594820109756
79781,12654.065628309496
105426,14543.875180432698
76908,14290.562676295947
86624,8153.014621535623
77747,15644.686661966321
104911,17026.06641196664
100968,8511.493886729475
103235,4752.54619882416
79717,7090.845857963742
93346,12746.467991967796
81416,26289.23229023487
105745,11197.149497201848
89942,10233.989358075878
99350,12439.135963519464
77848,12046.112680978124
98163,7788.873705824776
79733,11122.356141066224
106417,9091.34747990781
98931,6499.710226183909
79025,15720.095490710431
96098,15637.083059658236
89627,9838.559599077726
100722,8075.801882156311
89119,7707.28444656348
106445,13264.897650071403
80588,11987.255412891887
91785,18260.93949436923
79294,15777.762857291027
105542,11750.778880079388
98603,10597.739702902141
103921,7479.988696154315
98405,12760.669639519125
79284,14722.096294650279
104738,12063.410995339756
104623,11797.287035913012
105041,11090.697220791697
107556,12422.704302066728
103553,11963.93098006359
88716,13870.662495582474
88844,7707.28444656348
87568,5138.965371102047
84183,11543.22110797527
104240,13281.459368802907
87404,10075.169409813876
95985,12244.457280552851
95986,12304.117495483724
102723,8195.859856019137
93713,8100.557771598815
97359,8067.317464598718
91991,8535.119543173247
77490,14509.104668792064
106975,9076.674243507978
98180,10269.807378840595
80465,5582.850687597299
98027,3875.6785241712846
79085,10897.550944871049
92539,16862.697495236564
92267,16994.526802315733
87807,4387.637041844592
78839,11048.11473121943
102361,8995.028091705724
76828,12934.630187325523
105914,15768.344252783674
80885,18548.879235818637
89833,13735.038364279806
81436,10319.16536146892
94157,16590.902748037493
98733,12136.649610915829
102978,6395.874500734013
81455,14084.707396272042
88578,6942.504207427254
105743,11034.924845043979
94325,19327.732384011953
79801,15840.606941610153
105405,13793.57064641161
80670,15927.326722756106
91173,11415.72414644104
80960,11316.422054353798
80623,18554.676647981083
93516,14678.846583337876
101762,9653.750373501798
104665,12250.054274803311
93682,18128.895702723763
86261,7425.069413147775
97450,6876.1163723633645
97153,9083.992382299184
82769,8442.352788642742
81781,10377.499934354115
108329,9782.14946260263
93812,18018.741492708905
81383,12720.512162126275
84306,7308.637940972016
78773,6737.642876101153
85809,9612.775816917696
86305,10510.759491893554
88701,10630.244832319138
99973,6353.77323635742
106851,10201.861559110472
89751,9259.165834770345
83788,7055.79834248176
80351,13392.392678223392
84894,9025.045054016613
97232,7673.507356203825
82689,12729.85826391698
102485,9718.153939174894
96093,8014.854056087695
78234,20399.240472985497
83402,10388.194892569056
96362,17481.248009205225
85275,9638.0199711993
106895,13026.298531375382
87163,11829.040929527338
94751,11469.042385903602
93542,17015.9410839831
77980,15172.261505188768
76166,11140.890101286954
89776,9401.744780894984
106767,13156.11339075681
84743,12681.380653073407
92273,15739.405289539125
97882,9945.217868839329
76744,13724.5827408794
86560,10852.150833890068
93835,13027.735161911482
94203,11059.51765559828
88439,8286.904411717407
96097,17112.86901143842
105131,14444.023962729127
100343,8364.232645517006
90841,9351.903279183729
90540,6794.577739943381
92762,15073.872637455574
107805,12591.076963967056
102622,8392.7854917916
108073,16495.797025598167
86061,12115.035648731951
92883,15340.79981686092
82290,4981.302520599787
87824,8461.552583688943
82554,11088.810980915994
102928,9626.222791167216
77420,12796.235702168437
76315,16002.15344098437
99825,7094.505758855379
89292,9719.374588822875
87301,7076.109048639779
103076,9967.125621754378
93084,19339.069118624284
96934,7347.205028055803
85141,5909.607431013888
101607,8768.138180480844
106992,15826.03551887979
95873,15319.612625232689
83341,4579.103658011842
78017,15661.312690375484
83129,15482.681515187829
92261,11433.00972223741
83824,12479.183573235485
86151,10112.398571489257
88105,9659.556699574157
101848,8092.98214245742
89588,7167.541430899345
93705,15586.377519955771
93017,13753.821362642018
77465,14095.463387603093
105484,9782.14946260263
76751,11261.870217977703
97511,9323.428918605086
102864,8779.423067605447
85858,10637.575417701431
94836,14115.671104562003
85250,8298.79921063288
78497,15880.476007560217
99540,10150.76817440744
97147,16064.305389277639
81347,17156.522361659463
95555,15447.650818853906
98074,13809.658921861466
104435,9076.674243507978
107097,8735.519678965697
92205,11804.037684068528
90822,9468.123251108795
93344,11093.20788471636
84232,9393.7608702345
105217,17676.26833934676
76013,12706.18818068771
102818,8511.493886729475
106541,9345.671694074705
87213,7707.28444656348
94119,14824.984828938203
105753,14005.79725051741
90397,11443.782144918594
87612,5902.482123906626
82789,12724.182890683554
102916,9181.73029080397
104561,9120.459375080261
105428,10443.901722202725
86677,7615.610069600183
95080,18172.594820109756
90113,8908.360716670311
77433,14490.866037079448
106180,14103.942006325477
101692,7644.7117923558635
80466,6206.885826492781
99512,12015.760208966218
104554,10201.861559110472
89047,10208.122161795556
93888,16725.87372033563
89659,9477.551746051447
89920,8272.32803592022
86975,10513.766540858234
91405,16303.417122258476
83203,17767.628778091814
104338,13856.634290634829
91659,16862.697495236564
86385,10718.795781391356
81048,10510.757329982307
102880,7344.465713857302
100237,9491.307078100184
97751,6600.1907959354985
85614,7055.79834248176
106145,8527.132505145406
105955,8735.519678965697
100146,8511.493886729475
107491,12561.903340232893
80061,13250.048424359238
94324,18122.14639222132
97114,14659.914356008881
106600,7643.019780292387
90922,14736.70590581905
80222,10400.9588969143
99356,7158.483484460836
92780,15128.374351828177
107380,8240.72589034328
86069,9368.472707539786
107753,12540.109309018855
97983,9834.29520796824
88082,10508.844426943122
82115,10638.593747106737
81634,12422.330582874209
89943,9838.559599077726
104167,11021.096169195167
91010,15300.485344426083
85004,10025.306415598076
96953,12568.503493489583
78632,10105.644728692752
76114,11773.289877319587
78570,10248.032221791935
82674,10464.498603791475
91196,11942.039252129374
93734,10840.073483724207
96031,17237.378322602843
102015,8075.801882156311
108372,17276.819491683353
98719,8285.821812868375
83391,8901.604395336593
97098,12322.744976425614
104357,13922.782730865969
93495,14567.956218623336
86422,12150.917771113685
99731,10182.60692138197
94144,13582.96810262826
88103,7055.79834248176
105199,16203.703767640965
97003,6722.419153074513
99925,8195.859856019137
92816,12218.556604979274
98472,9811.998983933143
91986,11387.055477789223
84152,8153.014621535623
87538,10128.933001251711
93305,18236.427897100333
104249,12220.538700755744
85501,9151.014332579907
82343,16700.774279643334
80601,17775.108470838815
99715,14201.696217355433
90451,18330.14458691394
98282,9351.862668237327
98397,15676.78871739968
76414,13430.885837418231
99016,10597.739702902141
85767,10208.122161795556
102787,8915.97313835096
101188,10076.223555394274
85019,9811.382292727856
79803,9686.938400403826
107582,8460.819476424598
98501,7658.666891902413
107021,8109.872656429295
82317,15252.226744703634
105678,5027.725920536729
77931,14295.029232559016
101619,8075.801882156311
76128,12730.554511303379
86460,11554.850248622117
106084,7157.351217863152
80551,14243.697426698798
77062,17379.305489086113
98406,14133.217989916146
103489,6107.294823012446
107191,7714.3155299398795
88549,10208.122161795556
85095,12549.354037138663
83923,9892.426226071593
87074,12116.721358773286
94031,16972.96752461706
99120,5901.200622670653
105824,10443.901722202725
82389,19192.197891112704
91994,12197.179386344513
85060,8378.801752448186
87412,14274.811421680182
94683,14225.413601719007
83069,13727.328849257103
77071,17226.096531633688
81406,19323.958844070432
89203,8970.387163800977
82423,8598.77023507385
88301,9720.619053362767
86758,8977.779651910956
94072,12574.823101075945
102247,8511.493886729475
101529,7476.349634538707
100738,9239.14995510431
101790,9230.79751582608
96188,8142.068974379094
98656,13000.569239293554
79321,9680.762931584874
80052,13556.812427357261
85150,11543.22110797527
102370,8099.4579801501
107503,14474.206727211753
76560,15885.439461014192
85319,8286.904411717407
89242,12150.917771113685
89510,7346.152897767581
104922,15618.05052007035
86937,9731.690333077673
107780,18914.340097043998
102448,8212.311263050506
89648,8194.407083594733
95347,14098.562905987023
97926,8285.821812868375
104963,10527.364314136159
92272,12643.111923405559
76618,11753.553328341031
87722,10473.45774839717
85560,9788.538433558328
92621,16308.372654940415
87712,10253.998143853874
91009,20055.663779432976
76199,13697.833523461828
99145,17428.165978569803
103618,10950.185500755104
106072,10623.300862596994
102488,7033.691824962943
79837,15471.018594759387
102792,11171.68944278326
86565,5887.101536158043
98631,11931.866520063595
106374,24326.203067782
108222,10150.558515288632
92127,13499.884317424207
96068,9355.535168131897
84411,10025.306415598076
102143,8574.03532630338
77502,13802.543789082329
105514,11120.469540148857
76896,19520.768856874583
104868,11408.359223522732
99686,10352.875569352487
96721,13993.045261078596
93026,15984.179992679527
95961,15438.673380161299
97465,10184.88510927431
86075,10128.933001251711
106946,10634.421354712576
97605,11592.616796934346
83156,14212.865046653415
88123,11007.39005108892
106817,7919.403116518073
103245,7203.899163148131
78564,21099.981426458868
81879,14706.898941453042
102330,7476.214583901815
98866,10352.875569352487
87178,12692.98513918135
83106,8842.373720702246
78280,11593.699395793108
101161,9184.60017861272
96047,11133.191756971837
93044,9611.64393481651
90176,18079.973739251993
76585,14421.237645831516
99524,16405.204305896626
97467,14651.04899790363
95557,11514.250960111467
102816,7606.639760121596
87141,10618.122342398854
82602,10009.454201323977
80108,16445.026653211233
77871,12450.368410882531
89910,7107.851012303379
76255,10908.769368568634
76231,26210.90711051128
87089,10744.411107776727
107635,11695.490828148351
80916,15842.377181508742
95179,17981.301678558037
90694,7368.277502282303
87504,12692.98513918135
95882,16276.893527553533
82944,9973.351050199683
90862,5397.181015402528
89494,9388.087639123209
81196,15896.415366167179
78258,16565.1255564244
98420,8744.55183085113
84051,11827.674414258814
97011,9221.172296459745
97357,6272.395856612434
82683,9719.374588822875
107472,8816.461962049372
101033,8220.940481018913
86376,13141.176052889565
97773,18076.33312306739
76448,14286.917207376788
94912,16550.561950149786
100444,9626.222791167216
92364,14134.745741037505
104206,16581.94998838074
82384,17368.424260209034
78524,17260.44010094606
82825,10536.622396243321
81519,18491.692475632397
89462,5252.0031067152195
94783,17201.47210638289
99101,7749.56534522586
102363,7476.349634538707
107901,11686.124897613483
107950,16450.400901077825
94631,14384.347228039933
85176,8378.801752448186
93934,11523.494909853596
99621,3953.476631452702
101616,6397.808871564337
86156,10325.518904645747
96327,6612.602568674591
89538,10695.74573418596
98236,14549.458814358903
92253,14463.588853258376
105896,13032.0570296683
97333,12595.79047108248
83166,12333.69762224208
96224,11830.916703742578
94462,17446.47005261548
82796,9367.25746164485
103597,8779.423067605447
99905,8615.696022540305
107349,11850.973498705407
76754,13196.628633864468
90912,15398.824598477877
108289,14969.372389976614
94106,17911.59738496544
86956,11179.62519311898
82492,8153.014621535623
81747,13177.414243621539
89144,8966.42358740336
85256,9430.342897106566
85342,8488.910397073834
108054,10199.224358130483
94681,16686.421520004467
86244,8085.097071047819
81028,16209.982794422378
86773,10012.38543654716
108431,14020.375841078609
102839,8828.687165785275
77700,10989.463575913574
92967,16590.902748037493
91982,14442.130711547268
80639,10137.913986350086
97770,9207.633779795344
100460,10950.185500755104
100531,6957.09598336749
84508,4072.700758812892
103706,6685.246718997697
79723,23919.94511076099
88897,10064.844386978943
88695,8660.61316586105
87380,6424.871765531134
76070,13893.517442508868
99342,16326.101875436854
79110,12904.063397451664
89341,10563.234578696512
90330,12087.506886358098
93894,16795.358889912728
104137,6434.967537473449
89113,9409.31716572255
91150,13582.96810262826
79621,17080.83970036956
86822,8153.014621535623
104869,11064.67854840268
93874,12335.622970973855
77606,18242.275509633942
96981,7843.334791479881
88437,7505.710527099797
87834,7650.2705623590455
98923,8308.344647199772
108118,15955.567584249915
94447,13413.382478976015
99454,14758.649002338148
82144,12641.294525789397
83494,10128.933001251711
76545,13283.309265871965
85852,10520.98957437447
107056,13872.800768695892
95419,8668.183514834478
76570,11796.038735927475
91325,15214.992549712208
98990,8639.31730600617
107639,11201.492734322932
100232,8511.493886729475
83318,10579.596109066682
82277,18091.66973751748
105198,13032.0570296683
107660,13923.819405102575
92349,17768.36724500285
105445,11120.469540148857
98333,10192.236075267645
100919,10203.41140065679
94295,16725.87372033563
105853,6583.715126413661
100457,8742.172770601781
77726,11463.037905053076
96027,8306.404786981124
104201,9345.671694074705
105205,16900.641864360554
94718,43651.07620037248
96617,10346.546130597108
81405,8877.03090075067
98642,11930.415729009379
89156,10208.122161795556
104916,10036.067879200886
107696,17548.293009639856
87902,9257.075546102567
106870,8735.519678965697
106153,9998.607470108203
85108,9814.448966301481
106590,11695.490828148351
97948,7492.015892107367
77144,16627.40292023556
91535,11731.823105802368
83900,4964.2983371747505
107374,5158.425745874714
106805,10349.227789825813
101971,6958.18720195653
103690,8099.4579801501
107830,11838.72293970307
105302,12615.58171420375
90504,9440.84828379732
91865,13810.420781724972
107204,14647.922280867368
93231,16862.697495236564
94654,13839.06494473917
107435,8709.734897319666
78616,18387.52997169503
102268,10946.76398521462
81320,12544.873418813346
85005,10229.10928346982
98032,6932.263837229764
92938,17594.593731886285
76177,8241.565129740527
83869,15245.5860587628
85806,6240.492223503508
77987,9422.338409844457
103802,8692.663333109149
104020,15101.487171990719
93262,15921.372730146035
92988,15854.351192960568
84434,13759.28879427359
95648,20072.85601973091
77947,19891.482888287912
76135,12874.29564338243
80971,20506.1654027751
105584,8680.392972472035
85530,9546.840315236872
106515,10352.462556786288
80686,15324.35488962073
85040,12146.001110565048
77404,9611.057175254151
91234,18502.706488983364
99225,9354.7857276868
88808,9430.342897106566
89948,12502.010216534023
107161,5107.858086618765
83683,9818.85815855411
83709,11701.839457623819
80256,14162.432817231644
83504,10208.122161795556
90112,8272.32803592022
93042,17831.6311004106
89466,7107.851012303379
103405,10634.748774926014
86026,15887.158166685773
86824,11007.39005108892
79357,15341.248555033353
78812,11389.975232989545
105364,12246.226636910986
105744,7089.423214749199
99819,15160.666244647737
91051,14737.069087328491
95688,14102.969456371378
102174,13479.312223056384
91914,21917.24426095483
86568,7670.463136216213
98761,4911.131928860961
101252,8488.438189342412
91406,14328.786528848717
78069,10897.550944871049
86168,13637.273995584537
105858,9345.671694074705
83972,12115.035648731951
107196,14757.286386695489
80990,9760.209018262221
101095,10921.653921255072
93806,14826.494909093886
104535,7404.759493709837
99257,8308.344647199772
94967,11383.497469499574
94257,12063.318720777745
100543,8097.630052302551
96277,12721.89647218634
78730,10539.843297255147
82370,13286.867270116813
86050,10025.306415598076
104245,16524.914249710342
89903,9249.513255802978
106353,10791.867540034316
90055,8116.9747939018425
78070,15871.88895675663
84302,9390.185586696132
101048,8095.511762727115
97981,8669.908455663834
85001,10892.785577887082
79444,15163.935385088964
88862,8970.387163800977
90445,9249.513255802978
92203,20927.636463841114
100623,9326.33355276116
94528,14766.353293812717
94482,14446.644637518779
77706,19382.53239909329
100947,8203.463207329993
94367,16972.96752461706
108205,13271.22328883297
77256,15995.532751125957
88458,12606.519072427398
102997,8020.365442700259
88421,7992.6438162243585
86001,9091.123989473395
97594,9870.16402769895
76992,17153.89581134478
92157,10669.83928205292
106018,7021.567876255253
85491,9976.609102368819
103359,8760.454535894585
101024,6216.427392462113
95167,18138.297978542192
93493,14843.037108771981
77624,12222.893507814813
76803,17528.867997100228
77142,15642.176732361244
86693,12150.917771113685
101755,8313.129155960229
82229,17417.935604612412
105220,8537.36432690404
81442,19490.66602008994
92017,10052.468588924565
106471,9514.503788982005
86231,9307.519115278817
92036,16851.67061762336
93224,17047.648424432107
87139,7839.370589707935
107623,8738.392972876196
81066,16605.4315864403
97790,10982.33377947832
76514,14517.342841841475
85297,8606.767265135348
93020,9567.067738586084
88666,12479.183573235485
98711,11090.281488370503
107486,14551.340564251077
79363,18428.259569950293
88053,7846.643538478685
87127,10208.122161795556
104704,15911.170641043482
103808,8873.055213778525
90199,13495.118303546318
92950,24714.085767878292
92002,17588.964316472335
108435,10795.744386426075
86748,7983.466285682362
86978,8153.014621535623
79932,17141.99545245206
107382,7151.944121787461
82616,11413.149038770502
99198,15572.159724826393
96788,7344.909203763864
92073,14824.984828938203
92060,11878.58260677578
79559,7823.390485928941
105276,14435.868866871073
78536,12706.453294621071
86795,11007.39005108892
103739,12541.766494819525
105087,6061.4750912542195
106499,11423.526806998314
81009,24882.40828451626
77053,17112.2532327408
104832,7091.639191751503
81864,11179.77180332965
102634,8315.72757899448
90510,6786.412002534898
103001,7769.271256970338
97323,16895.09375083273
77996,18747.07952481197
89082,11007.39005108892
106910,13018.623984793574
83882,7846.643538478685
106459,14164.324349343355
99678,7007.740893644725
92583,19990.467505059205
76986,15208.358057860572
90844,7921.358414544485
94286,10582.654485309606
85208,10618.122342398854
81224,14549.149774273305
85569,6844.712669471286
78152,15128.390946575671
93054,15843.758789739115
93481,15110.262016034994
99735,11090.281488370503
88060,11556.399664498742
97546,9038.598979323235
81083,16901.17831541693
100259,9942.113655812269
77751,10309.958869874872
105093,7089.423214749199
94991,14654.957595425032
91352,17548.751199004586
99901,10352.875569352487
83577,10655.267961159261
95846,18820.37434829669
89917,10111.640987530249
93394,12577.342977402692
102805,5721.586046219393
105448,16210.751223750334
108444,10349.227789825813
100862,7015.121852922492
95006,25350.475523689962
86446,8715.884412377378
90906,14541.2997646399
95336,16268.875802088163
94904,10571.524435226323
81105,11441.631559591926
78132,9358.188917662828
87302,9307.519115278817
101471,8116.049301250674
90015,8034.410798019934
90539,10432.379027473175
82418,8998.674497570617
79940,15081.49934287291
77401,19672.29288879686
79054,9953.012961246497
78493,22425.89947575224
87727,7271.865352219656
100390,7564.445919236805
86020,9151.014332579907
106293,17245.594088052603
105435,10553.1838456294
81992,18107.76909432916
92805,14318.619312527468
92871,14843.037108771981
101833,10699.510330012608
98352,9405.373027993219
98629,9810.12717143687
79700,11683.6651242327
99710,11229.773786670374
84526,13858.717482056507
98636,5265.375892512499
106829,7180.626654542362
99652,13377.668363996538
85469,7489.411928165337
82224,13305.3247816657
81899,13434.369797281735
94817,14599.447377170507
92379,15981.076379966386
94423,15170.229492040704
94010,16019.741665255728
84867,10438.804229112737
84679,10127.291473974832
103292,8961.347175570998
77349,10710.574466385387
77697,9956.12389879348
103017,4544.938807791816
79727,16614.127238466113
86490,8971.00896541581
101009,7203.899163148131
96540,9908.357588236033
106974,12406.399922997778
80055,14162.432817231644
102035,8341.868424260058
87843,7670.501212723698
107868,14971.87638566227
100831,11446.056504123522
98936,8405.98205497965
96915,14924.174797034775
88473,11225.127138110272
89030,9101.794968636646
95894,14688.523686731622
92113,14354.566825932325
105809,9123.833684997317
99360,10541.198092783465
86746,8378.801752448186
101917,8789.47658534189
96687,10973.85074672459
101210,7478.681161078979
101146,9597.896939824725
104900,8460.819476424598
85924,14132.417741202884
90544,7167.541430899345
93003,14736.70590581905
98738,10295.524053220423
99884,8212.533116027762
108053,16920.188222568442
90188,6786.412002534898
91970,15817.342221946656
103257,6325.093916179856
83138,7554.507858808292
104017,15500.450974954389
105104,8234.928122309757
100054,8315.72757899448
87155,12669.851058499818
107600,9606.521660346829
80848,14347.927700683544
86709,12320.931830836125
106214,18231.612323926693
91963,16734.28106034369
97698,6705.273786453476
106109,9782.14946260263
88231,10025.306415598076
104537,9160.77726225679
99388,9851.710958220514
94517,14225.413601719007
76658,20441.359293159658
107430,14052.914982483688
87408,6942.504207427254
105971,12510.06824902789
90264,11805.020743989226
78434,12007.332182949878
88248,14286.855251732064
103386,6940.4481358163275
87862,20192.05265678684
83101,11007.39005108892
92350,16994.526802315733
98624,5901.200622670653
97298,9212.262266653728
81919,12668.058123650384
80556,14944.749939322513
98141,10295.524053220423
88205,10517.052731277823
102779,10520.865088282193
99926,8828.687165785275
101484,7698.299167423711
102869,11220.979339507498
89043,10208.122161795556
92878,16866.84493114867
101071,11516.784115749242
106583,15591.843051058926
106819,8426.596172296171
79956,12250.034388464428
90659,11568.042123562818
82276,9385.25059021787
85881,12866.891970047487
76753,18729.284782414557
102970,11333.345317513322
93126,18063.6809734343
97964,9942.549061208181
81951,9509.514919275636
101200,10534.014851958971
96104,16064.305389277639
78169,14095.463387603093
90062,10070.260014958034
100918,9629.231596658106
108353,9782.14946260263
96642,12103.161469905659
104763,8609.399418444404
100926,10950.185500755104
107597,9782.14946260263
102765,6957.255415480893
85805,10025.306415598076
102162,9715.1173513789
82952,10892.785577887082
94184,21910.185239391154
87797,10208.122161795556
101511,7476.349634538707
107686,6663.38622755957
95366,13717.511790811268
78349,10309.958869874872
100908,4685.709749785285
96196,6850.277132835952
107677,15320.2959098247
93603,15041.74585535379
99861,11931.866520063595
87456,11528.384097145416
82484,9727.463867296718
89252,10269.669244482775
104243,13316.157263369074
107181,17718.83883638878
90446,4938.274673226529
81412,12818.72591495628
86732,9730.504313761581
103972,7417.449819295425
102586,8116.049301250674
82466,10125.768072378425
84937,11220.328204366759
103038,10520.865088282193
104111,13264.897650071403
101111,10234.455815337276
107812,10493.491437944118
81483,12370.835223352762
81303,13358.902991560984
105370,11797.287035913012
80504,15095.209322194423
85839,9430.342897106566
91560,14540.226686522852
92722,20406.395309874955
86115,11611.063970961815
88062,12333.69762224208
104876,12026.784531840967
98777,11521.062808115128
92504,16067.187730102776
94025,11625.516705848591
87253,9892.426226071593
106668,18558.466665670872
100007,8768.138180480844
100956,10950.185500755104
104055,12522.134079993917
83761,9641.934759504891
79429,15896.415366167179
104731,14749.940984015439
104125,9782.14946260263
95628,14643.51481803929
80913,16209.982794422378
85196,10566.536229411067
102697,9856.170915250006
98587,5901.200622670653
106771,13032.0570296683
90889,10858.942605457318
99697,7705.041863890281
101404,8099.4579801501
96283,8309.001108441666
83072,8337.39820506089
84053,7277.7036587991415
92435,17605.16572905767
99445,9337.253939127064
94604,17971.806978314995
105585,13015.306518179766
106189,10856.31926337885
108456,17566.153062978487
107914,8583.622271414977
105646,9040.225579166558
99808,14050.381653652785
101337,10950.185500755104
94636,9115.949228076774
100480,7482.326736974034
104644,16210.751223750334
96254,15456.029501305567
105238,13358.50803188298
99534,6091.317485827577
85285,9144.425824081287
82145,13333.474686794012
79604,13754.670815746038
92928,15139.69132440907
82245,16209.982794422378
100973,10537.23409035846
76365,12063.11758345151
79164,13442.656456870352
75989,13558.78646910229
96557,12838.944685179344
95029,6477.282424748462
107817,6603.202098416422
98521,9132.365742580789
103150,9068.409632447507
95850,11569.326501787707
102008,8448.510033869856
106002,12704.1886735994
106077,13502.24030164523
83367,10208.122161795556
97196,12402.874049177182
76566,9458.117302167526
104384,15273.837052790028
80692,11675.945597799975
101094,9694.703106271116
81800,13286.867270116813
86722,9892.426226071593
100318,11431.215292860492
104827,14164.324349343355
98244,7007.740893644725
94712,16019.741665255728
98393,6930.097654402915
80771,6941.254951924284
86607,12022.24438873962
80768,9412.414944000013
96949,12841.270039064893
87207,8286.904411717407
84629,8970.387163800977
76136,14731.99914163383
76644,8751.672786369372
107649,12237.193378920589
90281,11235.97745709345
108187,12052.131894267215
92025,19644.12159031241
99737,16405.204305896626
90801,12378.560588849965
100790,10245.84687945897
102558,10545.589995897535
98713,7524.078074744664
103633,7482.326736974034
101449,10717.248492715162
81515,14142.953292664699
98364,8924.72150481762
83966,9814.448966301481
99995,8995.028091705724
99150,25225.859495044504
86873,10208.122161795556
83731,13727.328849257103
80810,19976.84995737967
94650,13460.527510696407
82521,11428.950523874482
100255,7479.988696154315
80454,9308.36275152891
105154,12126.65118388702
79689,15156.67851482213
86810,7826.482064373896
82113,15192.090473716982
85929,8296.029166702261
77522,17987.14066132777
103578,5056.243381598129
102688,9910.101454765887
90791,13980.748299786843
94401,21349.773638895935
76740,13724.5827408794
81666,12135.93529018351
100227,3176.3816295916026
85673,8970.387163800977
108395,16524.914249710342
100214,6447.219269507779
95659,16258.480532180245
80490,16619.31998066723
88384,9307.519115278817
107062,8824.27509443587
105277,8735.519678965697
79265,17523.69840304166
84984,8640.909586232727
77376,11335.285075395339
77355,15912.378525510692
86313,11701.839457623819
99285,15540.290800554265
98028,7926.832802869233
77611,11743.468014513692
90056,11727.885582135998
84773,7740.261793604098
99264,13987.10321841794
100948,13630.01422327918
82379,17975.654114134693
85047,12350.98594891638
104114,13264.897650071403
107632,11987.65006127582
93536,18236.427897100333
81421,18645.83592983893
104793,21090.874318621045
88141,9892.426226071593
102679,8511.493886729475
81051,18421.27135916199
101005,11548.363788616194
97532,8088.672343101689
102499,10541.295834788149
89537,10695.74573418596
93046,13582.96810262826
79823,13961.637090515846
98882,14622.537752490533
97094,10766.287791805173
82461,10040.869932602842
86118,9189.052077633167
89801,6786.412002534898
83127,9307.519115278817
107519,9160.77726225679
82583,8840.267603882292
103259,7303.642215902164
81152,14111.444430074234
106206,17519.87316728238
96706,8123.9152519702375
88303,11007.39005108892
94241,16067.187730102776
95076,16186.158354032357
107546,8088.461813964372
78467,12583.653656543345
98304,11295.552815113171
95393,13809.818294999515
98134,8400.583458136109
104152,13308.79914675099
76818,13835.994108183584
84707,8303.689196794052
87889,10864.028483954668
104736,10464.886000481969
87844,12681.380653073407
88388,7707.28444656348
83940,9773.536378683923
99536,14201.696217355433
83313,11594.127661230408
89864,12173.945819526838
106944,11987.65006127582
105635,7110.406792021846
83110,9609.772152761147
78937,21836.34691855666
91724,14871.394038570268
94886,13653.506842757875
91449,14541.2997646399
81745,15729.545911791642
93405,10267.813876763426
99402,3483.0352371435765
94317,11180.51102913152
78503,16196.330485143299
87111,11007.39005108892
108538,11222.198050531108
90689,7107.851012303379
84402,12692.98513918135
80890,14317.867276811257
101682,7080.34004433565
81874,9004.523212466547
84259,6195.079933413149
96616,12053.352697965393
106173,7404.759493709837
102534,7771.498312634081
81629,23388.027650712746
104910,11238.069383429924
92100,16268.875802088163
98454,8639.31730600617
81880,15458.181013765014
83346,10098.848277855932
95335,15854.351192960568
106693,15591.843051058926
107432,8460.819476424598
82694,9393.7608702345
100199,9597.896939824725
107361,13858.566927505599
88659,9189.052077633167
84237,6942.504207427254
83666,8672.258953693206
104468,16450.400901077825
95495,12330.567787883194
84298,11701.839457623819
108427,11090.79113306301
88238,11425.195040982071
103836,10950.185500755104
87394,8970.387163800977
77799,13082.26281289409
97905,8424.766007031974
101142,10520.865088282193
103274,6051.373599106597
88302,9101.794968636646
76533,9307.855372629761
80080,17913.365052482266
105134,10201.861559110472
100792,7028.094410729504
81408,13347.454392976742
80410,13675.423522691437
86355,10595.592278845508
100954,7491.38739728547
93799,13592.899292103619
100810,7904.186404230726
80379,11882.594520006678
107796,14428.117297985764
94046,13195.258247964177
99931,13448.108833657046
85890,5189.493209538039
106923,10511.43144228844
98319,10295.524053220423
94853,14892.98098934255
91069,25934.918256253393
78790,7718.226025925586
92697,16972.96752461706
94765,17594.593731886285
102150,8380.90652029267
105768,7052.217441998715
81755,15087.810233532155
96933,8309.001108441666
92136,19909.538735335285
96082,9798.087174104528
108457,10420.590213608675
95142,14836.260370802098
85688,12170.693372697973
86672,10676.898452319268
107583,9160.77726225679
93369,16255.731680897476
97637,9401.874097310529
80868,12960.412836026857
102315,8193.657617626679
108428,13123.462711174907
99478,8296.278867568379
98906,7007.740893644725
96394,9083.992382299184
106032,13281.459368802907
76121,13349.739639555071
92642,13014.382257320422
94725,12837.755565520787
84528,10530.01986190959
104492,12122.862101235407
98456,16399.961314594955
102089,8511.493886729475
105274,4936.281470041964
91436,16139.419997860838
99127,4896.168777823037
80416,12772.47568284601
83419,8442.352788642742
76209,14262.78649613115
91874,12018.285919083071
107892,8775.780287810288
86727,7419.762112371528
83096,7099.590950319276
107036,12619.469672240642
86096,8851.969527440895
89684,8034.410798019934
105301,9782.14946260263
79056,11324.886680314328
103508,10520.865088282193
102651,9250.496092089581
76605,13862.290380039341
99170,6499.710226183909
94850,12753.357790082135
78638,12263.220381461626
106031,11987.65006127582
104955,10212.093685290441
101565,8530.647447270268
105886,16210.751223750334
86499,10102.00479345911
91809,14782.33042729891
86033,9977.650561488088
90761,13457.680865442975
104168,17473.249267605635
88048,11701.839457623819
106343,18237.310580346377
96568,7673.507356203825
90082,18361.14597707589
85659,7308.637940972016
102950,8918.20577649824
96231,8309.001108441666
101781,10960.62592828512
103210,7482.326736974034
95174,6399.563313952511
105594,11490.695557729172
107809,15559.948655174583
81222,18554.676647981083
84506,13430.1147525783
83399,12175.125216719369
88318,13649.995346514292
106235,12910.69280716662
83952,4369.837527899665
103610,10181.939017946044
107273,12651.895655899296
102134,10520.865088282193
77708,17235.79064175882
99754,9470.409772900412
103372,9942.113655812269
90457,7739.859023077838
80228,9412.913015733006
105630,12290.533133318746
78448,16620.788255121286
86729,9246.382097140639
108510,11509.268425877928
79686,17981.75436650124
82677,11007.39005108892
94161,15223.990485844683
93064,14310.071329914908
103595,4605.428604843059
107257,6585.995895746182
81162,18061.650574496452
106410,8426.596172296171
97829,14389.454673321892
92429,16206.91416571794
90183,12517.02336716351
83816,11829.040929527338
88613,8318.544084816296
90025,5886.507521622426
89004,6566.47641396691
107997,12704.1886735994
97458,11223.265389747248
82737,9021.847100723777
101739,9491.307078100184
86766,9814.448966301481
77098,9565.240566680503
93598,13219.717512888996
108115,11090.697220791697
107653,16254.198803044445
94706,14956.335945182886
105344,9827.694449181914
87516,7085.9885215740005
98959,6930.879331877022
104557,8426.596172296171
99137,5901.200622670653
102126,7630.010194420953
104455,11090.697220791697
104278,9282.507138385896
80331,15714.281763147841
90087,13497.054162782677
93700,16719.251058878857
108517,11976.812795177968
97373,13993.045261078596
83394,12811.816927157946
100989,9184.60017861272
82625,14645.231067238008
93457,10586.025702836496
103186,8995.028091705724
85133,9077.76567890176
101198,6330.089252726463
102095,7482.326736974034
99684,9441.411372757359
83595,10101.838585198464
76960,21836.34691855666
103015,8834.233617893371
91987,22956.514174724525
78825,21592.689945851078
87668,12669.851058499818
84826,12022.24438873962
92309,9803.054412842737
90969,14318.619312527468
92987,10924.464278000321
105317,10915.691946230465
93606,15575.53747164578
95536,19258.816398061124
92839,11090.963821508485
102133,8841.052264372236
105225,10783.782373946176
85627,8286.904411717407
79013,21782.020793048127
92008,17769.832722951953
80983,14178.766210511221
106475,15390.072522408504
99357,10745.839559321224
79246,14498.71933986841
83200,8863.362296009316
79656,13975.142965890087
99031,16399.961314594955
82780,11804.5325626279
88310,8970.387163800977
98056,15933.002774416585
77289,15805.45892496277
105503,12738.720230583098
79198,18554.676647981083
93429,16674.12974983725
97172,10991.408530961664
105958,14612.59800392573
103180,5128.637314460557
85825,8125.726772486711
81725,20781.335398124214
86590,10405.599868311378
92366,17186.171226480164
80589,29749.471574504725
95454,13400.4696218642
104525,7714.3155299398795
107646,11401.953144684316
99226,7919.506795322473
77273,14811.595949809796
99642,10193.376328617138
91195,16972.96752461706
98641,13175.113481302787
107724,15722.642531464979
89646,15463.564290394368
85873,9788.538433558328
81468,18554.676647981083
97648,6850.277132835952
85573,8970.387163800977
102394,4986.948228181894
77771,14279.651860244816
88122,9814.448966301481
85640,11070.295506079232
97560,6319.899525661224
100584,5799.308728060843
97404,9965.116819875835
82414,8970.387163800977
84609,9101.794968636646
100462,8455.083980491494
91573,12326.199936047624
94716,14800.687824118677
107560,15289.713801813763
79627,14383.145785610477
83025,9446.438861535176
91918,8989.522257395003
87344,10852.150833890068
91683,16390.415219449154
77259,10105.644728692752
95887,14388.84309488201
96802,11592.616796934346
103965,5721.586046219393
78110,10159.031836088785
99144,8308.344647199772
86801,9659.556699574157
88181,9221.846086693522
88262,13430.1147525783
85846,13862.908565250478
97896,12136.649610915829
92462,25441.475356951283
99668,14622.537752490533
89440,7905.7381361168345
82867,16597.369144944467
85857,8970.387163800977
79583,18590.756798395712
103090,8828.687165785275
104184,16445.26093483016
100921,8963.94042498598
83124,10325.518904645747
93320,16274.963277471645
81985,14347.927700683544
89618,11145.01385298177
90086,7107.851012303379
80855,19343.846299731034
105114,8092.458069015867
92497,14497.739612892434
89049,7707.28444656348
88584,12951.56885319119
88019,10842.279719297314
80119,14496.647377185416
84879,13722.04641302632
99293,10352.875569352487
82515,10864.028483954668
97600,13515.190946274335
103737,9966.708787482858
102387,11457.949829089132
80404,18542.901939847776
105785,21148.458134108863
76379,13417.846792529534
100569,10625.968894464777
101553,8876.865440114972
105803,10760.71401348827
89151,9305.704394837447
102960,6940.4481358163275
103094,7773.280983291261
92146,11595.22662965926
97802,8375.810979075499
102939,8995.028091705724
101492,9491.307078100184
84207,7983.466285682362
86995,8405.673601746053
90024,14810.427042824098
87536,8974.974381731623
103571,7023.908495839573
87529,8970.387163800977
96756,14408.826822166062
92326,14592.40876079841
97609,6415.108568914074
75984,13140.837351996648
80733,20864.185287212462
77150,8155.754686056958
102496,7472.019049094889
86666,11939.720901182718
78836,11413.118648812031
82444,8689.020577731393
104414,14729.145237714507
98585,7272.07609372378
85191,8078.932537985045
88013,10059.519590759564
78962,13679.013097586172
101510,10079.37300007049
103438,9597.896939824725
99474,8249.967454569332
87180,12789.465706806732
82983,11205.044376972759
87503,9189.052077633167
90410,13497.054162782677
98416,7452.0437314653045
104117,9160.77726225679
84900,7246.50782568957
88565,11827.674414258814
93797,8112.091296023407
108131,21148.458134108863
78848,12111.697454886873
88151,8957.956738095816
85081,10025.306415598076
78163,9422.338409844457
106580,10201.861559110472
104638,9091.34747990781
103696,9163.565248968438
99589,7215.373209233076
79699,11071.833415775702
95129,16268.875802088163
102173,9647.987633675408
92811,14599.447377170507
84986,7055.79834248176
84162,10517.052731277823
77340,15633.718529026344
79685,16992.672058463013
81423,15508.777075481003
93745,13815.051394937305
101399,8915.97313835096
91611,15128.374351828177
76973,10554.643499433249
83734,15049.746554994188
79526,15362.431522296247
80087,7072.125012392333
102186,10950.185500755104
77640,18543.045976588328
105138,13159.00786441094
79146,17187.50592974585
91713,12244.457280552851
104230,16490.642876087342
101896,5721.586046219393
107587,18181.061614664002
76461,19924.845756020626
95587,16908.531504157865
96185,9821.41937064122
103181,9274.921564506181
107643,14773.570461915519
88948,8286.904411717407
97565,14816.939990488005
83821,8970.387163800977
103781,7476.349634538707
81677,25261.468002381207
107975,12591.076963967056
84106,9189.052077633167
93060,22030.280967145696
81078,17685.667234122837
106748,14020.375841078609
79264,21262.555766228797
84098,9719.374588822875
87838,16573.769753446137
102957,10245.84687945897
89353,9705.944586698706
85492,9307.519115278817
107957,16714.547267204485
89938,10695.74573418596
90260,7687.168695370139
89571,8842.253321415003
106963,9091.34747990781
97266,9171.077210072657
80413,11866.055696350915
86028,8414.651964312807
93343,16308.372654940415
105232,8680.980868679439
107755,8712.45727193977
107326,11238.069383429924
107571,8426.596172296171
100062,8116.049301250674
91477,16686.421520004467
104598,8240.72589034328
98614,8402.814008076071
104034,17280.518339801514
98446,8482.527532405302
103023,5721.586046219393
91550,14511.033277189317
81211,14998.812173358461
90619,10273.59858325529
91525,18886.7630921267
104422,14778.36121609406
93555,14737.069087328491
88346,8378.801752448186
102067,6121.826200181315
107051,12803.509490971974
89642,12844.746895075374
83492,10744.411107776727
99169,11064.131247650215
85964,8600.03917753266
85179,10101.838585198464
100677,3565.3677795053654
85529,10208.122161795556
86198,9078.079077941304
99532,6928.713581615815
80443,18562.319440059196
93248,14231.2106331621
86958,11556.413941919085
77942,16882.73305004931
88568,12146.001110565048
81730,25659.40037126251
98884,7705.041863890281
82267,12445.506231057794
88088,9150.154201792555
89578,10082.56549188324
83568,13649.995346514292
85083,8206.720898503638
79222,12188.172666323098
82543,8970.387163800977
82611,4661.621030273931
99708,14051.293992366263
97699,6870.552975162854
91371,16018.77286048896
101757,5721.586046219393
104417,10201.861559110472
99830,8642.017672946607
88477,11157.207850681107
104614,11787.614544142181
76098,17429.23863066976
92143,13457.382184433338
81343,16952.521841237918
77212,16655.90138500686
78262,26210.90711051128
95097,16516.33855393646
84440,9221.846086693522
96942,13975.13993292424
101584,8407.944514678651
77202,9611.057175254151
85173,15311.025314999986
82953,12120.07566599672
81151,15764.921860021319
104377,13083.884304824265
86697,4536.628863811518
96650,9856.632535326018
77031,14288.1623114354
82235,20703.99366066539
91333,12386.34276613173
103393,9523.261277136899
76254,13442.656456870352
101592,10155.070967219604
101865,8992.217432538615
90819,11249.20389266016
76941,9259.765987245595
91974,12222.375595129066
102930,10050.935422143071
96310,13993.045261078596
77912,18617.549888622743
108119,10443.901722202725
93631,13699.880310427594
76592,13639.761391000988
94282,20072.85601973091
77715,14139.88752254528
93747,13765.567715652947
94560,14781.486954047903
90108,12517.02336716351
102128,7331.965122045813
85820,11277.041440064246
79541,11204.421348745722
102901,10950.185500755104
102761,8658.096071986705
91536,14029.901001193366
82089,12761.939876656266
108489,8088.461813964372
98409,7009.14075056934
79151,11281.050777876957
95549,15984.179992679527
85472,7670.501212723698
82072,15630.84950944508
99386,10349.640673353095
92932,18384.279481010504
86525,11661.472907048817
99013,7110.537948319316
99472,5750.884072971053
89967,7815.755915268584
106604,14971.87638566227
91608,14532.618854706348
82249,14933.073142040326
85445,11701.839457623819
106905,14838.627876807277
89122,11981.36266736386
87056,11528.384097145416
98254,6584.79278805103
81697,14721.006661096642
102542,9253.070952392256
86804,11410.232729736128
92626,22402.927374755487
76602,22117.57208487071
87943,9101.794968636646
95438,14417.051973190777
95823,12979.942615530277
82403,29712.132554853208
79347,14857.299792869713
99419,12133.272421318783
88561,8486.25786595206
104572,5754.711441487261
108507,14070.488037908837
97900,7009.14075056934
89733,11887.50578852512
86211,7055.79834248176
96713,11276.503046274673
107123,10527.364314136159
78086,11984.368467473261
100576,10950.185500755104
102589,10660.921270076096
104477,18263.209101604953
103487,10231.25791761801
79189,9924.611632503953
89098,10537.372693080271
79787,19753.54862270074
84294,11007.39005108892
79128,13714.557915939471
90269,7921.358414544485
78251,16362.25841468241
80572,8591.946727166749
75986,20533.907907655466
77619,18873.610513300246
105025,11695.490828148351
93882,16949.859697627733
78338,15318.86265642307
80621,15871.860911735414
103601,6629.279287781368
88170,10864.028483954668
102889,10155.070967219604
76347,15880.476007560217
106080,6434.967537473449
98834,17147.411228265297
76498,18991.807696141346
85104,7707.28444656348
87534,9788.293706036584
89883,5238.317239030581
88738,5680.552341933577
99252,15210.151538721539
102696,9523.061262183593
95948,15128.374351828177
105438,17549.258467112693
103463,8995.028091705724
100261,8178.691806622188
95315,14736.70590581905
104172,16148.878113129551
76502,19014.61130939077
91569,18821.078790445918
96071,10070.798193470482
105936,11473.01501501584
97089,12479.432546552569
85434,11438.014517047834
88446,9365.545371821403
93751,16908.531504157865
105399,10972.537770397903
88174,19140.073334384026
88555,9892.47652815959
102346,10245.84687945897
87144,9719.374588822875
101990,8768.138180480844
102931,8512.625368827996
108317,9782.14946260263
87976,5154.771210691643
97988,9354.7857276868
101822,9181.73029080397
82536,10566.536229411067
80676,20781.335398124214
91255,8900.956393703616
94069,13253.144506566496
91894,16972.96752461706
108147,10443.901722202725
76928,15587.552409881258
82648,10852.150833890068
79426,9500.333486317919
101936,10155.070967219604
107567,14638.920632528107
88776,9968.431202929696
91113,15695.370336432577
84568,12228.457097043165
78044,17737.477166716162
76929,20127.586237690935
102526,5721.586046219393
92515,9762.584944236072
90009,7327.011054449591
82978,8298.79921063288
104437,12040.129208790662
101451,9491.307078100184
76325,17407.67682236446
89491,6848.562277148047
98435,10305.885802689045
92282,12437.366977996944
82209,11142.762227163357
88705,11206.072253511273
104679,7901.6127954742915
84919,6844.712669471286
89998,13497.054162782677
103520,5793.782112967638
106857,9091.34747990781
108499,10201.861559110472
78893,20437.41246604368
100860,8915.97313835096
91684,10241.649470992852
80617,13554.102167072919
76634,21428.116971231986
92055,17145.231787491237
83030,3871.6841104197247
86154,7055.79834248176
96022,14295.25582990117
100336,11370.000820388828
92663,10573.46208913924
102884,8779.423067605447
80763,16556.336885995785
78329,10331.386337240128
87867,9705.150420435233
104353,17392.002364972006
94284,11180.51102913152
107996,14192.11302900272
95784,15984.179992679527
101298,12541.766494819525
95995,15804.96616466755
102718,6181.521079442658
93623,18240.856051303403
89585,12695.137446819417
77533,15637.289282295802
107550,12126.65118388702
87760,11007.39005108892
86299,4959.762885894561
83152,10683.710418363571
91322,18359.751113291764
91286,7207.515224746382
89231,11687.49286248464
80082,7829.820229246451
105518,8279.731978317095
100224,10231.25791761801
97261,9010.281207567557
99651,15398.82551201746
76487,9010.281304525493
76867,14442.591643834217
84574,8957.956738095816
92378,23402.51494265541
103934,8940.790913021827
108445,8088.461813964372
76872,14310.614254985318
76180,21625.361549345813
106906,8426.596172296171
76431,10727.376805339582
102603,8768.138180480844
78403,11389.975232989545
100799,6583.437934017862
104755,11040.009316536265
89602,13913.776302818986
101656,7476.349634538707
79362,13260.664935200813
102262,11051.735511351084
79884,12395.452916328804
97740,17106.031695524816
101264,7545.161491092144
76525,10196.81421939591
101988,11946.012247267523
102819,13655.61026400464
95501,13956.22058948788
82890,10208.122161795556
94413,14318.619312527468
77898,15664.532083078808
92991,15019.83717979972
82055,8815.835117022069
100865,10185.121501980664
107388,10542.964597557957
94252,16590.902748037493
105973,8504.430809515587
100976,10520.865088282193
106212,17942.446953148905
76078,7444.396394396531
79014,13467.411016074198
104787,7985.6081974684475
92342,15611.564506591003
86334,8307.84270691453
94066,11350.519346647365
76062,9458.117302167526
99371,11038.061482793124
91498,13457.382184433338
86406,12102.227182542425
95531,16734.28106034369
93274,10043.582432080095
100190,10944.134959048064
90424,14118.694471039598
99089,10352.875569352487
94306,11323.029062454969
88209,7055.79834248176
90029,7695.830223264315
103397,7637.177987072764
82341,17214.523342875433
92358,16268.875802088163
100389,9491.307078100184
104886,15586.971326914005
98404,8639.31730600617
85100,11939.720901182718
84878,14212.865046653415
78693,19763.065596645312
91992,27289.181050717078
105754,8680.980868679439
89594,13497.054162782677
84756,5808.862900221541
91795,19909.538735335285
108235,9782.14946260263
95474,13999.817592907648
103485,8075.801882156311
107700,8426.596172296171
86613,10128.933001251711
85741,8863.362296009316
89372,9281.259001915178
79735,16517.48200327589
76186,11615.245266689843
93135,17438.98464140918
108107,6742.63337640849
95853,16604.47040300889
106625,17942.446953148905
94400,12434.883010737669
84893,10101.838585198464
97777,16895.09375083273
82127,15880.067911266218
102116,11457.949829089132
84330,13847.144984319348
105251,15229.223727182121
104115,8426.596172296171
93746,11387.055477789223
104982,13678.94391626358
105988,8793.185885971388
102562,4408.287082707343
100822,9526.237903963669
104409,8776.054599670082
80140,11167.155409967489
103317,8915.97313835096
96145,9086.831723982401
105732,18016.796652081997
100943,9679.216503613734
92940,9819.262960778147
108400,4211.0963908437025
108512,10036.97891229371
92473,25732.580894401355
99001,8285.821812868375
81082,15680.199649843302
108460,10352.462556786288
108169,9262.672438743508
106864,13524.175612754738
84685,15270.934190976426
77736,17712.143599242987
94232,18633.09113540407
89520,5337.147923700701
104514,13271.22328883297
87509,8606.767265135348
102802,8491.00533703265
91042,14184.891161404275
79197,16952.521841237918
76499,11737.305839141083
100082,8243.403871804834
91224,16268.875802088163
95303,10780.235656463881
96830,10645.455127711037
88064,9776.591224236481
81628,9161.522515776918
84857,7055.79834248176
82032,14722.096294650279
93316,16221.777591455371
104993,14054.173361643174
82315,13560.231447546503
95990,23412.81372932733
89970,10521.081368659685
93407,13865.844314219674
84755,10208.122161795556
84684,11007.39005108892
79353,21281.689992349722
79649,27152.37106481739
81749,16636.344453813457
107002,6603.202098416422
82546,11563.918392411353
97536,10453.097759860031
77580,16264.322573009205
95967,13127.033594120105
108150,6623.037043045729
98992,7501.687946044518
108536,9752.163361533028
102358,6353.77323635742
91856,18054.447888621442
93148,16268.875802088163
84957,11570.910655025533
95413,12244.457280552851
102404,9501.871090152039
91495,14592.795409738394
77953,11806.90881182518
87398,6808.463767021222
95955,13154.164169206391
93290,12222.375595129066
88128,8284.314994001783
88830,13430.1147525783
83397,10674.327976840597
81599,17483.21995156293
106055,7859.036088273142
77655,13547.127518447873
92106,14446.826871370797
96536,9155.012883640367
104575,10527.364314136159
105513,8409.728668798078
92308,13582.96810262826
82419,9216.4675987207
96473,9956.665262671051
76961,19229.61314486642
104060,21116.351952705703
91056,14011.11132602029
87618,13928.074843340259
95253,16994.526802315733
96135,8088.672343101689
98015,6932.263837229764
87695,9393.7608702345
79066,11737.305839141083
95512,18052.047361136672
89234,12866.891970047487
89971,8972.739969474676
103750,8995.028091705724
94180,16734.28106034369
107947,14706.414510068225
93455,25098.423252882094
86369,11691.145878756077
78817,12908.4342777409
85051,7818.11395562249
79315,26220.76357771529
92395,16545.36106575684
82513,9973.351050199683
107728,6742.63337640849
90261,8961.627502389754
101064,10219.150342691697
79329,15247.461128018029
88998,8970.387163800977
102002,8746.46017534013
87718,8378.801752448186
87774,13727.328849257103
105214,10896.507433064755
103055,7601.845233336537
103543,10248.804775343573
104548,5784.269243862902
90387,8194.407083594733
83786,10842.279719297314
108102,11973.070527035683
101455,8995.028091705724
100577,11134.197618096825
97483,6785.263059029057
103056,10151.897871974143
78401,9259.765987245595
97400,9769.632447360533
97703,10713.697763059405
101311,8341.868424260058
87912,10025.306415598076
97168,7763.392440621386
100833,11457.949829089132
93043,18054.447888621442
80772,10319.16536146892
99794,5373.503067120568
78326,9837.652192278652
98710,7941.293912021231
92351,17049.159751050167
87356,6809.48565760467
96926,18676.472713236504
100570,7564.445919236805
95109,14499.807230411237
85050,7707.28444656348
84046,13988.218105169653
101466,10055.273663020296
90832,10376.829172746131
93397,16795.976580981536
107778,11376.68623756582
106710,14220.087922715456
83464,7170.490426894381
93622,12359.723879360039
88744,11007.39005108892
107378,13839.621799121449
83032,8679.05404135047
89480,19366.792512103657
92634,16019.741665255728
81057,8521.55726808818
102633,12496.45535897233
101794,8341.868424260058
78355,11060.495171482773
76544,26210.90711051128
77408,10248.032221791935
104451,17906.507166874508
89254,10864.028483954668
85412,11701.839457623819
97709,7858.175884228969
105230,16203.703767640965
87691,9754.443212836504
90722,8116.9747939018425
86679,9814.448966301481
81418,17940.480243733917
76980,11971.780574227854
105319,11208.787768065284
80516,12100.122921834602
88960,9430.342897106566
82982,9962.983403450207
105004,16926.31743643691
78037,20651.83571404308
105901,14699.306676315575
77109,10759.776614198807
85855,9430.342897106566
107355,15114.6302796773
106193,9983.304297222923
97700,13588.207841894402
86150,9641.934759504891
76267,16163.926545186363
102096,11634.730074076322
102561,10944.134959048064
101137,9739.906574525008
92050,21393.162000053133
103878,8059.04321135799
94760,15632.839852085983
102678,9510.8206269108
79971,13816.857617712454
85739,11007.39005108892
79714,15652.984567844278
87673,10864.028483954668
107304,14020.375841078609
78692,17440.909276690905
107274,9160.77726225679
88686,7153.531176230074
90843,8641.59061233956
97507,7489.522303127494
92343,22059.864946002963
78781,11848.419073674395
84990,13017.85563786206
92913,21904.07244719543
92079,24901.467461435474
98507,6932.263837229764
97152,13983.73613945159
78442,16950.98751841271
79711,10477.275651234566
96643,8624.393269603424
105000,8329.579226950973
89454,5252.0031067152195
102265,10520.865088282193
94961,16019.741665255728
76335,12751.352474619132
82897,8660.61316586105
94061,16366.85191225148
90661,6848.562277148047
78112,17134.960602709212
95596,13374.962202080864
94740,17500.254593533857
83287,4387.637041844592
96668,11399.187800586895
101834,10629.355705194408
77285,19021.77043391167
102545,11368.607843514521
96287,13012.060751941899
82156,29712.132554853208
87276,9719.374588822875
77564,13578.816120139047
105991,7091.639191751503
107570,6086.074928217104
94519,16604.47040300889
78369,15979.652646595876
92674,10078.70431570873
90532,14118.694471039598
85489,6424.871765531134
103660,8134.311240454917
81206,12980.90662685838
106764,16581.94998838074
97425,10419.463821239235
96393,14329.388251844195
84960,9430.342897106566
78993,20010.79219802787
85876,10566.536229411067
103936,8781.166695125945
84201,5903.920521882933
105098,17012.25111404062
85078,10591.175476199953
89886,11891.221315034805
81268,23029.880773257024
79945,14256.30537556224
97727,8067.317464598718
90636,6849.296153650295
80106,9618.398768402014
76947,10310.896560871368
83264,11007.39005108892
101532,6940.4481358163275
91558,16604.47040300889
93311,11387.055477789223
101967,6353.77323635742
85725,5752.185276815613
104684,14159.898629644427
89747,11044.566781042546
105165,13264.897650071403
104814,12776.18833785387
101904,4506.366836865889
99238,10352.875569352487
80989,15599.368816864464
93575,14540.226686522852
101536,8853.943293068342
86847,9221.846086693522
99847,8683.127590027765
89212,6844.712669471286
93997,14070.247423416515
93647,16994.526802315733
87846,9144.970411213779
93737,15019.83717979972
77906,16470.076009606066
80648,15739.787563623033
102925,7472.019049094889
103709,10269.462942909797
86195,10208.122161795556
76865,9381.808080860026
83260,11225.127138110272
97233,15465.587564924183
104618,15638.459116549519
83879,7255.048497873582
104804,8891.511844409108
100551,9015.80764769652
90524,15133.788119281797
99669,15041.659917543802
102658,7478.681161078979
101398,5846.4242241046695
103286,9942.113655812269
94823,16456.647409963432
83630,8679.043534583581
86079,8442.352788642742
102145,7482.326736974034
94270,17836.711254042482
105688,17725.0471320792
87335,11701.839457623819
89805,10432.379027473175
95093,17894.309791156502
76699,12820.990361288294
83187,11007.39005108892
84218,7076.109048639779
94153,11716.80032474854
91849,13563.81824854307
96202,11365.292215169855
90172,9501.857428847126
98759,7738.510720578875
86718,8153.014621535623
103349,8116.049301250674
93293,21010.67611660173
94622,23082.551841834407
93181,15739.405289539125
104870,10795.744386426075
83247,8863.362296009316
87566,8131.8058973878005
77362,14517.342841841475
79537,15146.142460605537
85049,10127.823306648199
81402,12615.52237174505
108341,11976.812795177968
92193,15694.460192940964
100184,10520.865088282193
106252,8404.639405134512
98047,10352.875569352487
105416,10117.89793530825
90872,18772.52887278839
100235,8075.801882156311
91485,14322.29639702385
90534,13884.454983225529
77841,11335.285075395339
105730,9395.87135876787
84175,9727.463867296718
103964,8341.868424260058
105970,27791.942070626916
99843,7009.14075056934
102012,8504.8629513601
76779,17260.44010094606
80778,13301.167442076843
106638,11305.548349822242
88233,13732.357600736701
102657,15353.268639724705
107180,18530.714926132692
108468,11444.55657508771
86399,7946.336972193201
85128,15456.44711974788
99868,5882.816942101179
100413,9597.896939824725
91125,17257.37112489332
80467,18057.05806990053
78605,10248.032221791935
90259,11477.878043255296
106759,9282.507138385896
101253,7777.453781035342
100980,6940.4481358163275
83805,9580.030891531387
96745,6856.440944151781
90242,12853.174561237687
76118,16882.73305004931
98824,7158.483484460836
78006,14936.21918426593
100924,10320.020267970904
77138,24441.5333108279
87665,9737.090974854711
78023,11565.141705486958
96117,14483.18779854659
86789,8153.014621535623
88649,11007.39005108892
96792,7784.921173060441
79403,15322.452161596691
100547,6919.16210737856
106529,10795.744386426075
83042,9430.342897106566
80334,12955.946053026488
86589,7673.250254029098
101811,9243.055034688956
94128,7939.719737434578
95868,7266.377124618698
76244,19391.01708864312
88957,12150.917771113685
108503,13032.0570296683
84409,8674.560104119899
104962,16581.94998838074
105121,7491.460966505524
94389,11387.055477789223
105602,11980.22052877088
88289,7999.839460543151
108168,12373.483688179344
84978,15051.030358628046
108011,9842.411087217593
79783,8466.9320216194
89892,14460.54735287496
91748,16556.962617915466
105942,10972.537770397903
106893,11913.06675916714
85969,8967.584203281447
105403,10350.222407213101
80319,16064.778279977072
103010,5799.308728060843
76518,17129.759462690494
95598,12447.854213350098
101287,10248.804775343573
84475,14379.839532159152
87686,12643.983256807467
91202,16019.741665255728
85296,11007.39005108892
89710,9249.513255802978
108409,11147.826390907127
104660,10443.901722202725
91493,12244.457280552851
103318,7706.2692056807455
83537,8249.473950918511
93277,14574.035465822757
91290,12577.342977402692
107127,10443.901722202725
87752,9307.519115278817
82613,11438.014517047834
104508,8426.596172296171
100051,8454.541984287538
84203,11132.304346069646
88624,9150.154201792555
99483,6446.0938593137325
96635,18402.759290957943
78956,12737.071264947486
105839,13817.207811802431
92487,14674.948535736814
89382,8970.387163800977
100337,6940.4481358163275
78640,22439.01183813735
99495,6446.0938593137325
95580,21253.091919614802
85347,11701.839457623819
100050,10380.92524267764
97749,9355.535168131897
76587,17153.89581134478
95918,16994.526802315733
93823,19489.938174940027
80470,15588.577895702989
95399,25464.159585382
101483,7482.326736974034
94776,16013.157523956528
97442,5785.671937822155
79267,16536.030846570087
82710,10072.021278479431
77473,13528.383850547967
105371,11011.8656283674
84991,10042.293965695555
93878,16556.962617915466
107126,13264.897650071403
90996,8453.180724043043
87095,8674.560104119899
80205,11910.503783880062
100043,8779.423067605447
84793,10864.028483954668
80403,10165.177510946787
88018,10883.226147371637
92747,16430.89367167195
104894,11973.070527035683
108319,21527.841465607864
99481,17897.57067220238
98270,9684.56875991562
88155,11594.127661230408
84565,14212.865046653415
80779,24882.40828451626
105684,14126.596309007684
106855,10527.364314136159
103908,8108.9904787508585
100595,8374.84135457433
89822,13689.112718980603
100401,8742.172770601781
101037,8995.028091705724
96350,12775.419582892659
104191,13551.193445221805
87891,9151.014332579907
97744,12356.169740654548
105757,15591.843051058926
98966,10528.826145227053
91869,8549.347086741393
81292,12497.684533913365
108284,16328.021871058514
83092,9037.50573352186
78394,10362.025821163668
97961,11259.393543913378
77723,20010.79219802787
87317,7707.28444656348
95065,17826.889827013314
88227,8414.651964312807
108087,10878.056942495861
76311,9837.652192278652
100764,7734.0918469611515
87828,10080.17103743201
77314,5891.932816186834
107860,9936.713393121356
100339,6940.4481358163275
106165,6063.188983936962
104443,9998.607470108203
79613,17261.911252560694
92686,16713.051911289233
97493,11645.989389000903
78977,17501.69067633363
82933,9892.426226071593
80063,16090.589147703105
92287,16590.902748037493
103664,9265.366201959081
102185,12640.3298174209
94679,11323.029062454969
99024,8424.766007031974
99366,8308.344647199772
96554,9243.613093047737
95906,16556.962617915466
85623,9430.342897106566
84336,11556.399664498742
96560,10803.18991357329
107448,8111.534585899456
104118,12792.099616814286
88391,7660.659472436008
100327,10950.185500755104
89323,6844.712669471286
106925,16054.218220403101
98542,7749.56534522586
93996,14540.226686522852
85103,9720.619053362767
76033,16824.06472960681
77213,15345.314349145323
98117,14758.649002338148
81109,18278.06671301319
78316,16341.979286537879
91021,17312.76725588995
78093,9956.12389879348
77497,11479.832980303798
83590,11258.445585931395
76126,14716.935573157736
90509,3716.6507140384147
76454,14205.31851013137
82095,16221.177686384213
88625,9814.448966301481
100031,8116.049301250674
99458,7749.56534522586
88085,8337.39820506089
91823,14146.398899192893
77735,16495.384273263313
91799,9071.091686871912
91480,8794.513682932773
84915,10283.631497427188
83688,9307.519115278817
102334,8857.707651145372
97765,9501.260813110468
99836,10574.919864495505
98569,15817.041111060567
105050,15878.86254473762
80826,10670.94259924698
78684,9956.12389879348
99123,8142.107472885239
96507,9870.16402769895
104742,14159.898629644427
93690,13967.718797546537
107606,11958.08294446761
87019,12550.348844652075
100735,8341.868424260058
101685,6987.203750602017
82792,10775.233130406954
100036,7110.056243332996
102607,7545.161491092144
97772,10978.893656948128
96207,11612.984367979381
100697,6940.4481358163275
96481,14926.92600445138
89054,12549.354037138663
97847,14928.503222820225
87528,9430.342897106566
97145,5716.178713229778
95223,21890.965820143094
104325,11034.924845043979
93743,12434.883010737669
81914,5604.234533388387
79040,16362.25841468241
107030,12040.129208790662
106244,16082.545745032852
79602,17931.40353635304
107684,6583.715126413661
105346,13805.509152879304
100000,10520.865088282193
79001,9628.678970990888
78942,12943.365133523423
87637,8674.560104119899
102257,8995.028091705724
103502,8099.4579801501
84619,7153.531176230074
91129,14627.670348503598
98493,10295.524053220423
107108,17988.772803357147
101158,7486.649558712683
80236,13700.074653372913
105375,11686.213826887533
93002,16994.526802315733
91619,17049.159751050167
83965,11680.511684726083
94431,23187.128856940468
104601,8426.596172296171
92698,16626.578874960862
84014,8031.733807405854
91961,16620.94281610334
77595,23880.75675542574
88848,14384.41550215834
106046,10969.109271262998
99498,8308.344647199772
98153,7094.505758855379
83157,8593.721213190229
107475,12122.862101235407
100589,10950.185500755104
81448,12133.485386809312
102638,6888.149382342062
104473,16328.021871058514
102724,5744.377045294926
99338,7702.634239438014
92431,11595.22662965926
84969,8637.62080884813
108426,4730.8508138018715
103206,10944.134959048064
87345,8153.014621535623
102625,10544.405453338217
84606,9174.110663042497
99166,7504.032768552335
94408,14266.240497992147
94898,15739.405289539125
93658,20818.161231056914
98234,11928.053089839139
99725,10150.76817440744
103979,10950.185500755104
77277,14779.492488561313
84401,10195.690382056138
80006,19015.14824850173
78572,10790.219549879805
88781,8967.584203281447
78546,12209.73019424736
103829,12496.45535897233
79159,23856.679744999215
104502,9196.452080023124
95125,16019.741665255728
80804,12767.444944331994
96580,15804.502509575485
92059,13460.527510696407
100530,12651.549237010888
78079,18076.35295730574
95036,12772.945321285037
91490,14384.347228039933
103310,11457.949829089132
88853,11420.167256854986
105948,8088.461813964372
93744,14540.226686522852
108518,21745.16101328272
107733,13870.033842235465
106813,8426.596172296171
98343,10193.376328617138
83056,8313.93716108886
105721,14699.306676315575
89165,6424.871765531134
106402,10443.901722202725
77252,22909.098005684114
89194,7617.470907547702
76777,10932.616952863935
90569,11051.708635462064
93912,9092.422848847324
96848,6132.607386368172
87355,7012.051270934845
80539,20690.51984655235
105351,11802.16886602611
108019,5609.69844006514
91331,11960.814955746418
80814,11890.644779518747
95951,16561.995212719907
98392,8424.766007031974
99209,13401.993590991422
86085,8184.721489970442
84678,6424.871765531134
96534,10913.157567237984
93665,18046.162318291943
89832,8148.312500791675
85079,10130.729210264875
79425,9434.856733234965
96052,4768.266096802516
96599,7914.848242885396
103705,12515.365470381656
78171,17440.909276690905
92005,15611.564506591003
101323,10950.185500755104
80398,12845.269932778132
82123,13286.867270116813
90262,6037.129057325315
93300,11315.547882865023
76795,12067.54628899022
91043,15722.843102857034
97362,11435.144044801831
98969,7502.534086505249
104826,11065.93190014889
84329,6544.912414423834
97976,10352.875569352487
96904,5705.280182464472
88148,10852.150833890068
94895,11323.029062454969
91122,15795.862506977535
108145,11303.89241798271
85476,10892.785577887082
97564,11431.069117202083
107770,21116.351952705703
106947,14164.324349343355
89548,11682.274839674232
79027,13082.312465410849
96032,13993.045261078596
100133,8995.028091705724
83191,9334.010344962046
82695,9301.935702297846
79273,25269.363306570984
95667,12587.363677895935
99578,6016.742512242304
84492,10062.67388436564
92353,11387.055477789223
106435,11976.812795177968
86655,10283.631497427188
106651,9555.487840778771
90268,7687.168695370139
98311,8604.535353034018
86971,7463.8564495408245
88573,10566.536229411067
93189,11999.81843277831
87244,10208.86181848286
108207,7726.961573882316
95819,20186.93116897622
105846,17743.857970454577
102372,8096.927126950489
83616,11495.18479180466
92411,16268.875802088163
90395,10695.74573418596
104613,11987.65006127582
95808,16626.578874960862
98662,11090.281488370503
86066,10852.150833890068
77454,10780.936764156622
80846,11683.6651242327
89060,7248.772896501201
91975,11551.418522960834
84011,9788.293706036584
88315,8957.956738095816
95692,14441.040120231308
98373,7950.6431167166875
97283,15460.755287203381
101495,5909.1545646545055
81770,11254.098303661147
87458,11528.384097145416
102710,11429.168810077797
81205,15846.571709054537
97440,10617.173277471122
82618,6942.482085468421
104838,8088.461813964372
103606,4314.03539687302
91507,21058.26526950733
81463,9870.470569582883
76741,17407.3003044977
94422,14541.2997646399
99543,7002.077263588211
104044,13469.46837625626
83284,9189.052077633167
100834,10050.935422143071
108440,8712.45727193977
96881,6722.419153074513
103925,8873.055213778525
102881,10534.014851958971
78690,13457.782088961654
78052,16048.970578941968
103938,9797.436838065092
101271,8220.940481018913
76924,13597.189032869785
100415,8975.690996364025
78455,13835.994108183584
102811,11538.051114589936
85154,10208.122161795556
103761,9395.86024300686
77732,12922.709186272064
85957,11425.195040982071
96779,13263.800682282852
99061,12367.977949781407
106028,13339.813941395594
85889,13950.589397798945
97539,8142.068974379094
100890,11454.369671040016
96058,12626.085630575328
80216,14322.85310029273
93045,14654.957595425032
95789,12278.371792022523
89368,9043.312075509144
80917,14116.228805565726
93323,17213.457843554694
103669,11516.784115749242
81561,13243.519532157667
92214,16994.526802315733
86368,10208.122161795556
95070,14636.688393195185
80730,5328.309929535762
105647,12540.109309018855
104707,16210.751223750334
80353,14633.718317567032
98677,16351.731449534484
89445,8499.898106379445
98332,7129.557726316531
95929,11189.354113791787
88970,11594.127661230408
81272,12100.122921834602
77963,13207.671623611403
88285,13563.044408717202
88924,10229.10928346982
93562,18395.80124874597
89463,6916.2966535993455
105407,11695.490828148351
80944,18270.54095197026
108099,16203.625599713987
89199,7818.11395562249
82756,11736.497883020265
79573,12258.506111404477
98847,9405.373027993219
100966,8116.049301250674
108500,17942.446953148905
103830,9184.60017861272
84043,8286.904411717407
84550,11043.58320948342
83946,8812.252817306702
86287,8970.387163800977
77598,11540.566423802024
92893,13160.81674322251
106936,12376.19781699656
101123,8455.083980491494
83943,9150.154201792555
89197,10195.690382056138
80185,25485.910986084076
82429,11007.39005108892
95864,15760.017222736822
100750,9885.478599411164
85497,7463.8564495408245
99469,11521.062808115128
87667,8153.014621535623
78681,27538.625027109672
106579,12196.460129744139
97388,7731.901000663602
82487,8970.387163800977
80635,14674.72786071621
96378,7675.905877602376
77827,17702.596316455292
79045,20321.990061391345
95229,15728.097674001741
95387,13293.15064583318
101754,7183.3153574127955
90728,7171.258263086166
77618,18259.08837642245
79390,22239.036269712484
79449,11614.866932246128
107826,16164.088350252729
87026,11043.58320948342
77765,13733.188095311967
89691,11249.20389266016
91087,12079.94148273307
79770,15875.10613606351
79341,20506.1654027751
87532,11570.910655025533
104082,7278.670495235997
83169,6768.132275485069
107978,17850.252800171365
97466,8123.9152519702375
98381,15817.041111060567
87614,4636.176588262774
84768,9609.772152761147
103605,6627.073806128709
107420,8732.790098880574
76099,21300.86108856076
81932,11683.246162832696
96233,8689.190660396327
103484,8341.868424260058
89608,11228.474913078233
91316,14643.590427434352
80424,9317.970664791486
83120,8940.430175947058
95888,14540.226686522852
103279,9967.125621754378
76800,9908.53347572261
102188,10516.381253204147
100147,5579.292724628654
107959,14461.539282549855
93341,12641.305078342932
87446,9814.448966301481
103554,8860.173191252281
83756,6775.998264114281
86353,8378.801752448186
107874,14777.640000389476
78416,11618.988434275121
100911,9024.782792380895
86514,8998.411967287566
92702,14336.807202238602
76787,13118.91352201191
98523,16115.448276229776
88972,11827.674414258814
87370,11264.063979537896
107060,9160.77726225679
108186,9998.607470108203
90126,13059.819291402011
103874,6397.808871564337
88271,9183.523321982084
81752,11122.356141066224
78089,25081.435601617755
102383,10155.070967219604
76766,18873.610513300246
86120,10025.306415598076
82871,13567.283592974298
78647,17226.096531633688
92451,12647.736564753131
91743,14717.192503007249
96582,10038.549085788949
79729,15230.154760849326
78864,15813.8957132155
94728,15611.564506591003
90355,7346.152897767581
103777,10950.185500755104
96076,5268.303445699084
79201,19053.73594254379
106707,11516.387116363108
83836,8282.510829796112
82332,18548.879235818637
106545,17847.05677787466
107268,16238.112908258394
105459,8986.193077425327
99683,8817.163989259405
98385,12195.370860442861
103402,8341.868424260058
89402,10125.768072378425
87077,8442.352788642742
94222,16255.731680897476
89919,6037.129057325315
80585,14347.927700683544
102406,5056.243381598129
95002,10571.524435226323
78216,13639.761391000988
81346,15240.154024727946
78309,14153.966805828946
93307,16590.902748037493
87233,5856.472900499157
77093,9019.724773709942
86762,7516.861479614891
94561,11731.823105802368
76392,28949.82943205425
76895,17751.499370350717
85419,9833.809779467541
101026,10921.653921255072
102584,7476.349634538707
81381,19048.434137164455
81761,25261.468002381207
98099,8285.821812868375
91347,12267.808873101842
100024,8637.649497823311
97924,10352.875569352487
100492,9194.826275399158
93559,16430.89367167195
103175,9273.404303548581
98122,11926.602762419556
84362,8522.394753130651
77943,13798.231101694751
87275,8967.584203281447
79991,12254.59005627431
102700,8742.172770601781
79660,22735.537127306547
105465,14801.703586731173
94354,16951.204965255638
96390,7489.522303127494
88763,21005.32920450098
87219,11829.040929527338
77221,16393.30914521793
78165,9259.765987245595
95069,16291.993220053577
85157,10208.122161795556
94547,12244.457280552851
80643,13561.049663927015
97499,8427.006622712286
81957,18467.228956178504
82538,8971.00896541581
83777,5749.348210188872
87927,9814.448966301481
82916,11007.39005108892
104146,10436.980950158795
105260,5228.1945537801885
85483,10852.150833890068
102412,12018.162991310935
86508,9221.846086693522
102998,8873.055213778525
94493,20600.11981563341
93422,17043.83271257091
90033,9292.159879862274
92957,14766.353293812717
96584,10346.546130597108
103170,10622.925382061594
83550,10864.028483954668
76050,9895.798058122633
99903,8552.39864547923
95255,18905.72009386769
106697,16671.340248169075
91497,16994.526802315733
97177,8427.006622712286
101863,9140.4876813464
99298,7500.18973223568
106496,4622.042592654013
98770,16405.204305896626
101801,9658.736327138919
85037,10128.933001251711
104399,14612.188982212489
83980,3742.506004933237
97825,13028.656154107885
81924,14178.766210511221
104192,8426.596172296171
87130,8779.789701037327
79364,12921.455303097302
81388,11531.568335871107
94917,14569.485257983893
102119,8739.686872301758
84135,9101.794968636646
94992,16268.875802088163
81229,13491.62553977514
79503,14260.745698677312
84540,10891.685688748523
77881,8500.223186147823
104978,5301.852927180836
107373,11444.55657508771
76208,11053.072793217427
88192,11736.497883020265
107010,22261.079219535764
93961,20500.868120916657
83957,12833.737664743461
85283,7246.50782568957
104226,6603.202098416422
79463,11187.689237292956
102587,9718.158070874137
90204,3824.9758814540155
103507,9888.086828463705
94351,16469.74175615148
95181,10750.661620773999
107410,13451.11894165259
86541,11701.839457623819
106281,13000.127584978167
77315,9956.12389879348
84485,8378.801752448186
77592,9259.765987245595
104262,16576.768921811396
81260,13420.763732298692
94417,21058.26526950733
83014,10208.122161795556
78192,15136.66838428782
85838,7790.599330123068
98395,14622.537752490533
92617,13143.92788569455
107538,7714.3155299398795
102588,9253.070952392256
88950,9612.775816917696
101450,7874.983081471851
96101,10187.093837129378
90567,10309.868489127584
94383,19472.583061705784
82961,4454.433526307874
96591,7765.819053894553
77890,15242.127464762603
77801,12331.818185167202
85738,7814.040009885382
88580,13912.374310995767
88914,9857.649735231753
82206,15313.315587283108
107485,9551.646117527931
105203,15653.689676512202
82256,28800.944665930965
80181,18215.868749482594
88792,8940.430175947058
92581,14758.156290233534
101272,13625.755439881319
102359,7756.615516479471
85306,9043.312075509144
106078,12961.62863019805
82442,8916.337340877206
106313,14084.326667012818
107617,9160.77726225679
89719,13589.259910816503
91358,15214.992549712208
89676,18361.14597707589
86927,10852.150833890068
76819,16210.212645511338
96646,7871.994865220931
81533,19945.555371429782
89207,9814.448966301481
90282,6594.57125484687
94908,16013.157523956528
89890,7921.358414544485
103477,10950.185500755104
76090,13644.070367063181
84810,7818.11395562249
98323,9349.270728772219
100552,10234.455815337276
104719,8793.185885971388
90016,10596.392431871112
84632,6655.105755266384
99846,6932.263837229764
92362,17230.204017573335
81315,10620.909485487044
85084,12748.06589162306
86760,10590.49953565562
80297,12847.700220326024
93420,15881.943894817896
78563,12972.771834348816
100791,10077.65346947116
89019,7828.84904108705
101709,8860.173191252281
103419,6957.255415480893
96092,13185.510347364137
89891,6300.346124341108
86562,9130.342317000299
95874,21215.69605491195
99343,10352.875569352487
87586,7248.772896501201
103112,8888.480276390064
82740,8286.904411717407
81595,18215.868749482594
77578,7044.178234157213
94090,12391.790833770889
102873,8341.868424260058
103258,10950.185500755104
107497,8710.275749029162
101861,8075.801882156311
103997,15033.691533621142
79785,11522.096566836344
90250,6786.412002534898
93233,16734.28106034369
86527,11481.30191988416
86140,7325.982979965908
104063,8426.596172296171
77734,14143.005049331674
91652,13143.92788569455
97758,8903.696799211613
95096,12326.199936047624
106186,9091.34747990781
107960,14370.29070878458
78445,16155.408725473582
91886,16971.673533196943
82711,8940.430175947058
99248,7117.959107942043
91701,13541.485650179793
88172,8337.39820506089
83916,9727.463867296718
88883,9098.950951936804
90342,11682.274839674232
102042,11605.342118669038
96563,8659.276353777668
82344,15092.050951912906
102707,10155.070967219604
101718,10242.645422791415
102705,7679.459269980741
92589,15760.017222736822
84231,9864.438438327114
83534,8423.730373968292
85768,8940.430175947058
82141,11911.073001312838
87448,10655.267961159261
79569,7532.96433692427
82261,9824.387013408357
80605,12761.939876656266
91120,9018.295143426416
92482,16774.87588098681
99998,8995.028091705724
82202,14417.963401467065
105899,14862.216352954558
93653,13374.962202080864
94333,12244.457280552851
107717,12463.4602815242
107655,8173.934704174838
86240,11434.440587454967
88745,11680.511684726083
81723,19931.113677477726
84125,10208.122161795556
89476,11786.163405823752
79059,21501.960310973165
77879,12241.104165190776
82855,12514.147745721764
108513,17670.745371232282
83646,7055.79834248176
95702,19804.124480715065
84145,8940.430175947058
107629,16644.115592018417
81843,10053.966496298684
98863,7524.078074744664
95154,18054.447888621442
93275,19073.204949954314
94003,14250.307962839748
81095,13911.300202018794
81099,9330.849294935835
105527,10864.785932199924
89596,8116.9747939018425
91007,16268.875802088163
80594,12494.740730898195
82782,9028.86591663986
92721,14384.347228039933
91718,14294.200245545253
87452,10128.933001251711
78098,11231.505719787916
84123,8863.362296009316
104672,10996.680511197255
105118,9160.77726225679
84690,10379.308676058849
88986,9221.846086693522
76028,15829.965690754856
92995,13374.962202080864
76275,19520.768856874583
103315,5237.926508955432
98168,14054.873541071665
93633,12527.46639367668
90151,10694.178964197616
105269,18689.470093358595
102604,4136.921976176682
89541,8222.828982882666
105694,17632.296632319147
80405,16404.012015211454
96001,10423.493975202686
96500,7300.3734056669955
95235,13758.286997185905
88367,15228.312112060108
98850,12238.213240898995
105724,14612.59800392573
86451,9151.014332579907
86426,10674.327976840597
81213,22024.12748296408
98547,14283.758266244404
86461,6424.871765531134
99294,14622.537752490533
99597,8405.98205497965
92255,8752.207085568785
90097,14118.088089464296
102302,9491.307078100184
105746,9073.838075360385
86133,16578.949882682417
94950,25674.460453850043
103666,7482.326736974034
94750,13460.527510696407
92880,16972.96752461706
82349,12639.81440312167
107337,10856.31926337885
82954,5815.080373728075
89689,11469.857241971773
99034,9351.526165809319
79873,11914.815987699536
107966,14119.108482707123
88864,4133.661829621403
97942,16562.83528352519
97481,7695.7653682082155
100313,8779.423067605447
99927,6627.073806128709
87287,7910.515677290869
99134,14945.185184826567
104705,12052.131894267215
86134,12951.56885319119
93028,16994.526802315733
80161,15358.482114926475
76639,14975.463207425744
79239,15628.806106006721
94244,14025.517279831003
103815,7702.787038310623
84445,9892.426226071593
85884,8378.801752448186
103496,9181.73029080397
88620,12940.642824787337
101448,8149.665090785931
100044,7545.161491092144
98388,12195.370860442861
87610,8286.904411717407
82063,17021.74597467624
82211,20240.55423717268
91156,11703.469322941957
83323,8863.362296009316
100187,7313.246746804406
93117,16590.902748037493
82227,15708.878307363664
94263,13374.962202080864
88207,8286.904411717407
87988,9430.342897106566
104687,14170.740846313676
79791,26549.839034068576
82242,13582.48542138339
80273,10871.670937857132
81542,14623.717962357123
90361,10900.68664148163
83914,13847.144984319348
103142,8995.028091705724
80137,21380.701292015747
103580,11457.949829089132
98328,8464.006128743671
95936,20385.019020475134
95189,16019.741665255728
97806,14209.126004980517
95829,10499.086602593781
98684,14201.696217355433
92494,13794.46229941902
83016,13983.847406934035
80865,13530.533336891813
94537,13650.958075464581
86293,9101.794968636646
100087,6370.013038274844
95534,13457.382184433338
80827,5877.383214596085
80610,8744.444639587813
97472,5705.280182464472
85523,6844.712669471286
100005,8099.4579801501
96618,17579.509683452867
104893,8712.45727193977
93688,20600.11981563341
86182,10405.599868311378
105091,11926.843597912148
103031,8261.594746985456
99359,6504.411661637792
101907,11468.468634017701
82914,9814.448966301481
83990,11007.39005108892
98598,14133.217989916146
85494,8286.904411717407
82922,9043.312075509144
82854,8970.387163800977
89024,12150.917771113685
91754,16994.526802315733
102699,5799.308728060843
96887,10803.18991357329
102671,10185.121501980664
80646,13305.3247816657
88146,9659.556699574157
82969,10864.028483954668
77225,12648.279329961822
87443,7049.601074187609
91227,11170.892508215968
95731,12485.820298209424
95171,14676.031555729565
97076,12972.373916513148
98901,8696.363745423912
86013,8184.721489970442
80831,14527.608442943674
100258,7973.968624862494
103586,10520.865088282193
84553,9814.448966301481
84400,10641.873879283581
93434,19909.538735335285
86149,6844.712669471286
80336,14933.084517337442
104511,14054.173361643174
93127,14766.353293812717
86330,9612.775816917696
105082,10634.421354712576
101222,10571.71866754571
92606,20039.94942951065
90462,8675.543409340642
102123,9240.111780082118
83212,8971.00896541581
90403,10432.379027473175
79392,19048.434137164455
102630,10950.185500755104
85988,7846.643538478685
107908,15199.552815938885
80949,13083.395443843889
80517,10638.593747106737
97922,10221.137157747884
100296,8095.511762727115
93073,14762.688119678176
97137,7489.522303127494
88311,8689.020577731393
78021,11005.152586971944
81970,13242.605101030813
98957,6446.0938593137325
99602,12781.310960420713
91417,10750.661620773999
89429,9730.504313761581
96535,11647.865604718014
80782,31964.130725885625
86889,13567.283592974298
79609,13146.532084228202
99497,10269.807378840595
99547,14581.073324958967
93817,6490.385364786406
91079,17742.81235856315
81962,12848.343416572447
85833,8863.362296009316
103305,8099.4579801501
94357,19071.154665791717
88736,9189.052077633167
105162,10519.44442914168
91131,16221.777591455371
84148,7818.11395562249
76377,14404.812186733787
76357,16352.37195124513
84675,9892.426226071593
83239,18061.501170155774
86317,7597.319667437456
93990,15772.942810456405
96357,8142.068974379094
89745,14118.694471039598
97141,14286.42948348946
82911,11352.21295975002
82943,6424.871765531134
96282,4552.804963602544
105885,13263.067611272836
80131,22028.82790571525
99806,14758.649002338148
105497,16242.687579117726
106447,15364.687819098735
107746,13498.021439081374
89523,8714.814969416964
84388,10208.122161795556
78166,18673.484931698593
103685,7482.326736974034
105018,8460.819476424598
102373,4544.938807791816
76988,15374.386783279722
81097,16624.2194057955
105521,13760.585806848609
99775,10710.042791223204
99766,8290.34046669887
101346,8096.927126950489
95228,5818.753701695156
75982,17493.822169056
107142,6045.030442259675
86109,9785.050774041576
94195,15185.3109892612
80777,18306.068621392395
92612,16232.272005247287
99383,8308.344647199772
81686,14178.766210511221
88650,8760.004208086626
95681,12330.567787883194
100071,8455.083980491494
77554,21354.854761353472
103505,4243.875979641349
93281,14641.263124471978
107444,13015.306518179766
78752,15917.825701309477
103057,10950.185500755104
100248,10245.84687945897
98489,9349.270728772219
89189,10860.633886739315
81293,13582.136409671417
83285,8013.1233784571805
99459,11229.773786670374
90810,7947.936796940916
82015,12387.482296102873
96132,11635.902987252632
80808,25090.867353487687
104685,13111.494284082637
80937,13361.312304685996
103328,9238.876925948156
76512,14266.75636838199
83456,10208.122161795556
95102,20428.6522488888
79692,14498.869728096157
107807,4813.398014784919
99176,10349.640673353095
89632,9246.623086984268
85310,11701.839457623819
105676,10417.33416129635
96825,5785.671937822155
76640,8303.692327282522
99932,10185.121501980664
103568,10950.185500755104
100906,9597.896939824725
97420,11576.903836396974
86996,11007.39005108892
86948,10025.306415598076
77326,15328.539085452358
89296,10075.169409813876
83087,7650.2705623590455
100477,9336.457256959715
84635,8970.387163800977
95060,15736.349201213001
79303,16064.778279977072
84026,8184.721489970442
87802,8970.387163800977
85561,10284.117305627426
95941,11039.572090945123
107662,14576.02757397531
105811,8139.937620964688
81618,11816.766128041516
95733,16707.77096026566
93613,11136.662217122368
82163,7379.327912879377
91734,18122.14639222132
87677,4920.933140492656
89816,7636.835790965874
106327,8088.461813964372
101799,8995.028091705724
106344,6476.727827344383
97705,14816.939990488005
86976,13567.283592974298
104847,13264.897650071403
103833,6161.082363707823
103482,8075.801882156311
96532,11365.292215169855
105817,9282.507138385896
80883,11522.096566836344
77825,24178.26688713764
98673,7661.0607751959315
107364,6603.202098416422
88945,8220.841826750468
108307,10110.028732164637
78078,18259.08837642245
92490,8777.596943020379
89401,9430.342897106566
81002,13046.439941915454
93285,15215.775946816568
76796,17429.23863066976
99933,4534.602344399179
103989,7599.469850952961
77504,12501.142326328547
77187,10897.550944871049
76477,8544.641212170493
104834,10649.371721620753
90656,15133.788119281797
86161,7825.856978298685
82503,11465.257674026709
95429,17299.267655209886
86123,15270.934190976426
85549,8378.801752448186
101443,9265.366201959081
89089,9031.688029594066
101004,7898.291464424837
98976,10305.885802689045
106328,26138.931739599626
101630,5586.47392900969
79682,10440.730614254278
107885,15591.843051058926
97206,6303.559489298189
80721,16482.042289046032
96625,15886.441346237001
87687,11528.384097145416
91458,13691.50561141777
104683,10794.143454206862
104151,8287.54668438712
108346,19711.482989488737
101262,8347.045606638607
96543,10982.33377947832
102763,8509.125363438663
81274,10197.423561470701
95280,10052.468588924565
82561,11543.22110797527
77783,13277.477213919847
95843,17831.59043114507
99776,6653.762378120589
79114,7460.488412178981
102376,9718.153939174894
101704,10155.070967219604
77297,13680.522244715965
80285,19490.66602008994
83467,5500.115638157953
101059,8120.158928578178
102229,10222.10053224701
84664,10075.169409813876
107750,12386.634835028635
102405,8779.423067605447
85553,7740.261793604098
89780,18959.93584657678
104268,9329.08985319095
102935,6958.18720195653
97898,10710.042791223204
103785,6672.341912390411
98529,14201.696217355433
93897,11636.853670521883
101766,9184.60017861272
95038,12583.320955461482
108350,13218.874141894228
103542,9597.896939824725
106061,21116.351952705703
82286,14239.302616334859
93548,16734.28106034369
89937,8972.739969474676
97650,12293.836192065153
77515,20264.191980884607
87466,10513.766540858234
87489,10520.98957437447
83029,6844.712669471286
78512,24771.834191622467
93310,15014.416317782525
99598,9354.7857276868
91341,13235.196959393641
82704,9131.992802228166
80819,6703.337722668911
82774,9304.61082349528
100367,3489.1446974876985
80303,10757.46747570276
84897,9430.342897106566
81307,18277.54565742006
99687,8642.017672946607
85321,9973.351050199683
80702,10008.374868498993
103843,7865.729874881268
98898,7007.740893644725
87147,9430.342897106566
97662,8067.317464598718
97518,10982.33377947832
100217,6637.941160292419
94513,18128.895702723763
77035,10577.696510453057
103165,6889.785615439065
77140,11735.3570558955
103771,9718.153939174894
95993,16024.273321119805
83624,11073.755629048499
97945,7856.152579601689
87103,7231.22360431783
107640,10150.558515288632
99549,9405.373027993219
80464,12324.673424814853
99623,10349.640673353095
103689,9103.294016233112
97337,10756.987689759617
84308,14037.385492479987
81459,15891.44848347442
104126,16445.26093483016
97303,15901.443488368694
95139,12747.058867817415
93074,21087.593366829
102368,8889.154599454287
78475,10267.969684325719
80333,17080.83970036956
80144,9156.600712297826
100439,7501.4505891355
108154,13275.371269945905
107137,17221.983631417497
92752,15447.650818853906
89896,9112.571451388974
90485,19427.267935802305
83159,9148.154938109463
76671,12595.393084365944
96849,10373.933574310415
93722,22666.487347394937
107787,7157.351217863152
90164,12695.137446819417
84760,9010.250642296862
90370,8610.561487578376
88117,8184.721489970442
89557,8411.371928262593
98274,3981.2625718542745
97325,7696.322328053491
78887,17977.900062017536
90525,12455.890564883533
86491,15285.10033299787
81617,12150.883849970582
96123,7763.392440621386
79413,9509.514919275636
88016,10655.267961159261
104681,13924.959540467742
83330,7055.79834248176
99163,6446.0938593137325
102236,7777.453781035342
78116,11176.980361146898
81077,13651.832799975462
81046,18171.748683995324
93928,15139.69132440907
96436,7717.0282077745915
93479,13253.144506566496
92021,17516.45471908435
95143,13457.382184433338
90500,10695.74573418596
78940,12525.984196781998
94861,13459.256053715215
81961,12162.081306619712
87630,9378.695438696226
101224,10248.804775343573
103357,6940.4481358163275
99521,15140.667112161278
103897,11634.730074076322
76701,8934.066697090497
83560,8286.904411717407
83516,11556.399664498742
76385,10846.429899002924
87311,12839.088626605579
102065,8571.35619931506
81718,13533.773779770405
100025,12045.380935145018
93182,18122.14639222132
79240,14633.718317567032
96331,11346.972468247024
84781,9430.342897106566
100663,4718.10005828675
76390,15195.452124464366
87234,8286.904411717407
85790,11225.127138110272
91278,15958.72882277807
92254,14540.226686522852
99105,5901.200622670653
101324,10155.070967219604
104734,9160.77726225679
103445,12545.686498076895
103323,8377.459064583243
78055,15485.663255109734
101302,10212.876943091642
103095,8857.510812816869
88134,6951.724256614875
79346,12761.939876656266
81699,11683.6651242327
96464,14209.126004980517
86609,9393.7608702345
96737,14451.623671978037
100080,9550.276660014433
93423,16274.963277471645
79886,15061.516768380936
89452,8073.84840128558
81509,12536.243146786785
83975,13229.126376680195
81360,8160.350206898409
98089,8308.344647199772
104047,16163.46217796402
78711,13733.188095311967
81025,15821.44100444013
79973,12676.51144561501
102117,10517.577706755146
78400,26210.90711051128
87911,9357.18674175974
82806,11007.39005108892
102480,9597.896939824725
94044,12736.237752199773
76824,9395.627016781202
104095,11441.924724789093
98660,9011.290211574656
101444,8828.687165785275
92320,22348.11687742131
105141,10791.867540034316
106950,9076.674243507978
81851,15636.887435018034
100884,9163.565248968438
95196,15652.28466719775
103636,3815.9948885949684
80584,12757.541491727345
92337,13293.15064583318
85513,7309.646584551336
85180,10101.838585198464
103365,10245.84687945897
85796,10561.599333808863
78462,17602.53949624516
87895,9143.336889417491
99262,9617.607516451588
83363,8940.430175947058
103800,10506.26531027242
78822,8830.306876385548
107816,16203.703767640965
90042,9006.943122866744
99022,9533.04962312139
81854,14347.927700683544
102619,9718.153939174894
80425,12324.01822346932
102306,11946.012247267523
99778,11040.806090154203
105957,15084.824715998622
102184,10185.121501980664
105195,8712.45727193977
98841,8285.821812868375
78452,20995.361717772066
98974,10295.524053220423
86430,10655.267961159261
87124,8851.969527440895
105872,14054.173361643174
108077,10527.364314136159
103608,8995.028091705724
89218,10640.687765734894
106418,14175.530634530613
94498,9205.191797821684
89269,11308.448216143352
87283,8689.020577731393
97545,9798.087174104528
85408,11007.39005108892
104594,8426.596172296171
103905,8075.801882156311
95101,14736.70590581905
83226,10589.155792773387
89257,9487.201031620027
79479,11531.568335871107
77652,13020.152102400387
96606,9086.831723982401
95504,5324.780752406224
84103,8977.779651910956
102843,7447.807996857095
99361,7705.041863890281
91098,13845.360717107013
92937,12108.886948367419
85635,9307.519115278817
105348,10443.901722202725
96427,14531.760164389929
89473,13497.054162782677
79316,13280.961419717754
89157,11225.127138110272
92217,12088.565814641192
99761,12692.404181304035
88748,10852.150833890068
96029,15095.248082258244
92916,17300.71960060568
81210,11445.970606895655
83778,12655.421666071235
89380,8967.584203281447
103398,3147.7532275539006
92869,14534.596137063692
105278,13360.097251627361
77054,13082.26281289409
94021,15105.876938449082
85177,9612.775816917696
77904,14643.833394869936
99917,11303.819529894292
77123,16210.212645511338
95195,15693.195703316958
81922,19407.579430114678
84281,12418.058858532748
101289,9775.3944798871
108200,17008.893070677073
90235,9838.559599077726
81150,19032.40023078013
104224,12259.365416580158
90071,9935.704830957517
93187,15421.74776931839
84284,9101.794968636646
97109,7324.322199417779
102231,8527.16019313496
108093,8088.461813964372
108443,22110.459965442187
92992,11180.51102913152
80438,28612.816413672903
104913,11021.062024669234
82772,9189.052077633167
83960,10128.933001251711
83052,11088.810980915994
82939,7076.109048639779
91175,15519.21030905713
80115,15450.200024124622
99384,7986.1857384772175
101540,8915.97313835096
76849,20004.53984681039
97226,9965.116819875835
97672,13983.73613945159
97579,7695.7653682082155
92361,16356.450007244619
91952,15449.947069319893
79024,12234.506922848612
98048,12056.51301699552
95481,15688.292313223656
90572,8176.674351847428
91301,13457.382184433338
103209,8509.125363438663
78464,10554.643499433249
91311,18633.09113540407
105722,13657.158138941659
96211,9112.933364377777
105482,7429.034438057107
80750,25579.66621650368
85880,11395.425899351476
106997,14652.500523082219
99866,14945.185184826567
107262,10440.638386597726
98814,3981.2625718542745
98650,5416.606440662619
93505,10571.524435226323
103810,10625.968894464777
92931,20058.582262750966
96126,7675.905877602376
104285,7561.57978462617
96503,11461.276233944956
76826,19218.793742803216
102531,8455.083980491494
86939,9730.504313761581
98276,8308.344647199772
89094,6303.007841422456
89376,7846.643538478685
101715,9326.33355276116
98971,7504.032768552335
98359,10741.650527792235
101520,8739.686872301758
86866,9705.944586698706
80468,13049.611209117707
84146,4528.294042792823
82628,9127.170208626603
88012,10835.721372917336
78341,14014.829571438568
104664,8460.819476424598
80753,17202.05896921729
88296,9730.504313761581
100349,8511.493886729475
95307,17235.61090006689
97982,12818.081805894491
99328,15817.041111060567
84689,5962.353402196236
86620,8950.132382214182
105565,9731.644606124795
94198,23149.81117220633
81959,9618.398768402014
92894,22403.2297984629
95163,14540.226686522852
81774,14209.765224459035
97953,6499.710226183909
83179,10566.536229411067
83316,10209.689710282877
88506,10283.631497427188
83533,9067.265668971006
84069,9430.342897106566
103724,7786.193524116948
76757,12939.601623776662
88222,10816.918667093181
77382,14011.738948033446
86702,11007.39005108892
92511,11852.059364351066
100163,10625.968894464777
78982,14779.492488561313
94043,12058.841588142293
87066,9676.032485152797
79987,17174.437386117992
83428,12550.348844652075
88886,13847.144984319348
79836,13445.578111348848
95090,16268.875802088163
77868,16795.47504436584
81415,18029.997689343803
76542,16882.73305004931
99066,8073.520790655384
98211,10528.826145227053
77789,10248.819579113622
102614,8315.72757899448
100676,9388.792057807648
95751,12283.8065537299
95684,15565.36212083353
108508,12290.533133318746
82075,11323.353885770424
78948,12421.704454658702
93337,14540.226686522852
86465,10864.028483954668
76163,17298.674659573408
101688,8341.868424260058
97445,12239.231938742114
76672,17868.49851836858
108153,18016.796652081997
92963,16972.96752461706
88441,10405.599868311378
76274,11390.235590829941
107189,7435.074359922618
79393,9280.996780144536
94684,17742.81235856315
77033,7844.712855719961
106413,14231.696782131694
90407,14118.088089464296
86730,8970.387163800977
79417,5955.317265593984
93426,16734.28106034369
86689,6195.079933413149
94562,15613.024436192203
101792,11472.053198429705
99696,12195.370860442861
84181,13727.328849257103
83652,10757.16082643538
87285,7907.991259532977
105860,5011.130062298111
80615,14366.287437697405
100040,6940.4481358163275
88919,9101.794968636646
84980,9393.7608702345
83969,9546.840315236872
103616,5721.586046219393
105097,12188.514506268844
81573,21385.238072985805
85124,10542.074737541247
82995,11272.868992437023
106976,10025.0087678018
97250,11791.919544053004
91609,7818.126654507668
92582,16734.28106034369
106719,11777.267198726619
95711,16025.735925549947
81868,15687.09805202546
86650,8674.560104119899
84727,9720.619053362767
79409,9366.89065894559
90538,12903.489255037342
90346,7377.655535177597
94050,22983.79928123672
82866,8085.097071047819
93402,11656.47794510633
95803,19604.656575075653
88730,12332.209976423112
84023,12859.630455455312
85119,9814.448966301481
80528,15880.067911266218
103284,7773.280983291261
87269,7659.206972499923
80708,11111.757143506664
96853,12859.27487866603
77191,14710.443662622147
89419,10744.411107776727
106060,10201.861559110472
98372,3483.0352371435765
102076,8313.129155960229
79960,14949.944527931331
97268,9886.950195653755
101849,10520.865088282193
96850,14345.543638021887
99301,6567.634547923493
81672,15312.44229309626
100709,9184.60017861272
104616,7878.891685843041
89965,7189.358414701705
93313,11527.457621290683
104340,10634.421354712576
103783,8995.028091705724
78842,17331.18856115538
87942,9304.61082349528
96790,6785.263059029057
97330,9083.992382299184
90180,8247.448420006303
78934,17332.983497727346
90145,12555.277302947949
78173,13802.543789082329
92455,17594.593731886285
81565,16023.20708676057
78530,16571.81381623397
103732,10234.455815337276
91559,7953.687787901744
100802,8509.125363438663
104472,16748.500767065285
96556,7673.507356203825
85610,9371.5793398134
81512,19070.290042106262
94005,15178.383787358705
88847,9547.480296066184
105272,11239.022422994374
88156,7941.322132410181
102245,9638.545484087104
103740,11561.853577757121
98554,4713.218101135358
82268,9375.240068120958
80472,10721.636130566498
77127,15885.439461014192
94612,9016.907948255375
91124,20223.167358523977
85847,9814.448966301481
95527,16994.526802315733
83373,11939.720901182718
86221,10864.028483954668
83131,11409.19869142934
104639,13205.056870171673
108323,21148.458134108863
95465,12617.941862722077
96905,12595.79047108248
104272,11075.210600336179
90562,11422.708900548332
81396,19759.722531381918
107589,12714.445961897341
78022,11907.391181567256
89141,16325.067704785459
87808,11258.445585931395
92344,12594.253582000225
85181,10490.599822426673
101172,6546.13320445623
107038,12068.27490808248
108214,23070.58464927704
90048,8289.077969514763
92619,13257.284679602499
106279,10040.116091802684
103918,10155.070967219604
96418,17481.248009205225
97891,10356.148046829585
90459,8499.898106379445
90230,13935.254764090716
82589,11225.127138110272
84093,7309.646584551336
84128,12643.856742553373
77775,12829.955229566991
80709,11327.215474152908
87084,12669.851058499818
78358,15946.631290562995
99051,6446.0938593137325
81732,9458.936677907994
94316,20600.11981563341
95333,16882.67836002394
84653,7910.515677290869
94200,15312.894154863043
77707,15946.631290562995
78884,8771.602317759149
87384,10055.922369552976
84311,9676.032485152797
106179,6255.524884835895
77959,22404.41668381631
101918,9184.60017861272
82519,10128.933001251711
90216,6392.101771332729
99455,7999.398537515494
78784,17362.56893578835
93016,14289.06551275571
102343,7474.0134611651065
91681,16626.578874960862
94868,11492.563763024948
87562,7231.22360431783
96639,12052.618380417996
85312,13722.04641302632
103821,6888.149382342062
101157,10234.455815337276
98644,8172.855791028259
91060,14633.246129183011
87747,4119.157746852519
77903,15437.930357290503
99482,10604.69310655726
76170,12270.079075327734
83750,12194.959138409651
95288,10703.069314786495
83977,12150.917771113685
78300,16031.293075451154
80362,7823.390485928941
101315,5016.276771756923
88661,6240.492223503508
96575,15488.058405114314
87420,10325.518904645747
76175,8455.836418817244
95867,16944.563683796536
80904,16879.49158169597
106939,10900.198417901913
97892,8264.231811005991
102282,9106.139390275132
81764,14174.479643012648
103326,9942.113655812269
94064,16258.480532180245
97529,14477.09168841152
97606,6703.563118993303
89922,12220.015720527483
104023,11277.178621822588
98885,7009.14075056934
83365,10025.306415598076
81828,19433.809590815028
100521,9942.113655812269
76827,11413.118648812031
89850,7693.4254768357605
90528,9838.559599077726
80710,15961.7504627917
104646,10201.861559110472
102709,8315.72757899448
93055,13122.444783769042
103701,10943.843783011866
103548,7702.787038310623
96053,7511.014173789266
77609,18387.52997169503
99637,9685.875975210294
99911,11334.01614744966
87622,10131.768150764248
95938,12408.5795608989
93648,13400.271164808448
105208,13176.261192930937
82558,16242.739132188473
89781,13492.836920541542
94210,20500.868120916657
97589,16073.243655860895
96120,10991.408530961664
79277,18562.879735731643
93852,16255.731680897476
106276,10969.109271262998
104292,13754.169250159013
103994,9730.121787514163
83967,11413.149038770502
77971,15889.942949235658
76636,17557.726354084818
105328,10795.744386426075
89518,7748.246118274943
107941,9345.671694074705
79721,14378.55189000846
96770,7675.905877602376
105293,10150.558515288632
81503,22908.849423354062
97932,10435.494567735812
101258,7599.469850952961
83499,8184.721489970442
85447,10208.122161795556
98221,8482.527532405302
105617,15511.371832634553
103224,6188.026230594417
82749,5964.611730659933
104578,11913.06675916714
77279,17384.98002668666
106045,16981.5038525958
106053,8816.461962049372
99749,10576.56919078639
102786,10344.195934886127
87467,9580.030891531387
97949,8155.203181520908
91680,16686.421520004467
86203,11225.127138110272
102078,7771.433865352952
94020,15340.79981686092
97807,9323.428918605086
86146,10229.10928346982
92130,16949.859697627733
108463,10352.462556786288
79600,17335.358249954752
89904,7015.474056389799
105696,9548.661552327952
105440,10012.451375286922
78666,18029.814147159115
87225,7011.784263650811
92285,21212.95971276217
85762,7246.50782568957
107249,7937.946223370218
86894,8153.014621535623
86790,13638.870728959439
98272,11064.131247650215
95514,12842.982321043304
103863,10068.134044197068
85887,9031.688029594066
92171,12849.1258944268
105828,13176.261192930937
99025,5901.200622670653
77032,7450.4469202294895
96993,13185.510347364137
95599,11768.559980612985
77651,21022.122798150867
99249,8476.396520381873
82347,18125.999341644467
83547,12744.521132727312
90793,6794.577739943381
94114,7672.798674660293
98376,11229.773786670374
88356,10025.306415598076
97473,8659.276353777668
84728,12575.740449069513
99765,8464.006128743671
95147,15833.973376634882
93220,15736.349201213001
91907,16994.526802315733
100215,8395.40880989952
93841,17789.298538713385
99392,9354.7857276868
100078,8964.148186826067
98334,23769.1900321981
97491,8894.347570347541
76179,11563.761861785515
96845,12870.446372798911
99295,10349.640673353095
101419,5721.586046219393
88658,10843.274600989696
82883,12655.421666071235
76475,10574.391372894563
99742,12247.759707572735
93385,18046.162318291943
96197,7489.522303127494
103239,10950.185500755104
89746,10702.66204751875
84083,11908.61124390803
90921,18586.653581263403
81029,20491.37713426198
85735,10490.599822426673
100511,6940.4481358163275
86938,8286.904411717407
106540,11101.100837658963
95088,17049.159751050167
106791,15138.7731915095
101353,7904.186404230726
90012,7239.261408373283
87810,8286.904411717407
78427,15399.103670717664
105147,14459.719398493604
99572,12760.669639519125
95461,18181.181237061006
91238,16713.051911289233
89040,13883.106806933929
106508,12327.569422720104
84365,6551.966724727341
98635,11259.393543913378
95456,17637.06790311397
82157,13928.891794797966
107710,8711.840339889495
102827,8164.607714693553
79534,14969.88839014758
81865,16819.272283320504
88639,8286.904411717407
106981,17418.76129304538
105063,8793.185885971388
89959,8197.623593959912
76364,14374.098153067704
82709,9430.342897106566
97975,6930.097654402915
81231,17426.850712560336
91395,15209.880976368806
102044,9597.896939824725
78668,10867.926822051026
78000,9606.253526938413
105797,14086.874701368952
97820,12732.8631545143
78541,12198.529699910532
83979,16480.436873377315
92189,14800.09018985
92421,16604.47040300889
104433,10352.462556786288
94419,15150.623310780678
81249,28733.51859803627
83181,10405.599868311378
101041,4841.872797537216
84544,7463.8564495408245
82304,16150.70074507498
97216,15137.022358612297
106909,16291.572448008666
88158,6232.19412110312
97244,15901.443488368694
85241,13332.957197249512
93235,16469.74175615148
84502,12841.695725992011
100273,7601.845233336537
99220,7744.231794583485
100249,7459.194036359226
98796,9220.787567924679
100226,8765.398409288116
76989,28602.060800602598
101824,11078.595375416138
104347,13218.874141894228
83602,9612.775816917696
105100,17578.93923295917
87507,7055.79834248176
105460,12839.541719749997
106962,12274.710753382318
76968,13858.759727804421
102530,8786.730147319911
80270,16745.080574879194
76134,13460.897070687477
81648,15099.969362216863
82846,9257.075546102567
107094,16930.19452156043
88963,10457.593528044728
85665,10892.785577887082
83962,9390.185586696132
96200,12573.386000914292
89390,7992.6438162243585
86778,8153.014621535623
87626,9332.156506608739
76994,10589.350215668537
95430,11475.05443013456
99912,8768.138180480844
79916,22488.17406617269
77558,21421.421800491713
102504,3685.8515430401803
79125,14266.75636838199
90514,11895.907423358856
84199,10655.267961159261
88179,9814.448966301481
93132,16268.875802088163
103105,10520.865088282193
91760,16366.417617119581
102027,10079.37300007049
99456,8688.750993193687
97843,8064.796653167957
98592,13813.092622833
101912,7077.053769506393
99398,7705.041863890281
78585,12967.18947618415
99870,10352.875569352487
86989,11594.127661230408
86206,8488.910397073834
84406,9430.342897106566
86226,5154.771210691643
86528,9947.368998148817
84765,10655.267961159261
86600,8378.801752448186
97750,17579.509683452867
90475,8194.407083594733
103437,7334.006020145506
106713,11913.06675916714
84811,11007.39005108892
79863,17460.26415677131
79529,13247.65885498804
87367,9543.690750225629
93885,16734.28106034369
107524,10531.853835094103
77240,15867.409702846498
100091,9184.60017861272
77872,14868.542215201527
97015,16730.732072398572
78978,13123.0139016023
95091,16268.875802088163
107650,11578.618028056386
76162,18120.328225174013
102355,10245.84687945897
101524,8809.32881953833
78720,20982.773060047777
108192,17578.93923295917
94404,12328.834301725743
100206,9184.60017861272
94915,16229.570074358813
101631,6940.4481358163275
84639,9304.61082349528
108277,14652.500523082219
103453,9441.117212244444
105392,13015.306518179766
82369,10976.822640962997
104666,8088.461813964372
95742,16725.87372033563
96912,9243.613093047737
93541,15100.146544214724
82393,14011.302017449963
81024,10702.677706134533
81284,14917.591343661532
78406,14598.393819265673
99306,8007.930897477129
108130,7091.639191751503
106160,12540.109309018855
102940,10960.62592828512
76742,14148.726153668014
108025,11090.697220791697
77658,15537.299954450213
84295,9500.25235498959
91996,13392.175549678626
103468,9184.60017861272
87336,8456.836297332282
103993,15591.843051058926
90396,6784.291388684929
97935,8308.344647199772
80399,17899.19704366636
105883,9076.674243507978
92823,16268.875802088163
82238,12857.77085458761
98091,13060.232853364838
87257,9390.185586696132
87937,9186.180798902706
97548,12705.90238536955
105775,12616.614982933066
81363,19728.487231619714
76833,20321.990061391345
91768,14717.192503007249
99627,9138.367319083096
